"k","replicate","rho"
50,1,0.817531666288937
50,2,0.789428621792451
50,3,0.733726171589736
50,4,0.762433582634535
50,5,0.802825413613357
50,6,0.783737503462517
50,7,0.701543652892146
50,8,0.689859232958122
50,9,0.730150336178893
50,10,0.778499660043817
50,11,0.732517438493113
50,12,0.648611216035859
50,13,0.671274961597542
50,14,0.745259499886681
50,15,0.774369821963688
50,16,0.792097907380826
50,17,0.806602704540304
50,18,0.820150587998288
50,19,0.832640829996726
50,20,0.723049029236232
50,21,0.786910427841152
50,22,0.725768678703634
50,23,0.778751479438946
50,24,0.804235602226083
50,25,0.777794565737453
50,26,0.616630152854373
50,27,0.725869406461686
50,28,0.789428621792451
50,29,0.766865603988819
50,30,0.716552088841883
50,31,0.825035884263806
50,32,0.819596585329002
50,33,0.838885950995946
50,34,0.858830047090227
50,35,0.82287023746569
50,36,0.711515700939286
50,37,0.846087985696658
50,38,0.864067890508927
50,39,0.705472035456171
50,40,0.811588728563874
50,41,0.811437636926796
50,42,0.724106670695777
50,43,0.739820200951877
50,44,0.684722117297474
50,45,0.801969227669915
50,46,0.762081035481353
50,47,0.842310694769711
50,48,0.778600387801869
50,49,0.745108408249603
50,50,0.799199214323487
50,51,0.786306061292841
50,52,0.814157286394198
50,53,0.77920475435018
50,54,0.738107829064995
50,55,0.788673163607061
50,56,0.769937800609403
50,57,0.751706076402004
50,58,0.723401576389414
50,59,0.801717408274785
50,60,0.762483946513561
50,61,0.787162247236282
50,62,0.827503714336078
50,63,0.739467653798696
50,64,0.712422250761754
50,65,0.761678124449145
50,66,0.768527611996676
50,67,0.807660345999849
50,68,0.788975346881217
50,69,0.800961950089396
50,70,0.768426884238624
50,71,0.830424819319584
50,72,0.755483367328952
50,73,0.774319458084662
50,74,0.790586991010048
50,75,0.797889753468812
50,76,0.775729646697389
50,77,0.78806879705875
50,78,0.69862254790864
50,79,0.784644053284984
50,80,0.809825992797965
50,81,0.803429780161668
50,82,0.665533479388583
50,83,0.764901412706807
50,84,0.742086575508046
50,85,0.743144216967591
50,86,0.756591372667523
50,87,0.773765455415376
50,88,0.814560197426406
50,89,0.742741305935383
50,90,0.724358490090907
50,91,0.761728488328171
50,92,0.740575659137267
50,93,0.755785550603107
50,94,0.712271159124676
50,95,0.749036790813629
50,96,0.724157034574803
50,97,0.715393719624285
50,98,0.774923824632973
50,99,0.767218151142001
50,100,0.778348568406739
50,101,0.802674321976279
50,102,0.759210294376873
50,103,0.774873460753947
50,104,0.721588476744479
50,105,0.708141321044547
50,106,0.740978570169474
50,107,0.742640578177331
50,108,0.783787867341543
50,109,0.800256855783033
50,110,0.746921507894538
50,111,0.727128503437335
50,112,0.747122963410642
50,113,0.784593689405958
50,114,0.785097328196218
50,115,0.820503135151469
50,116,0.774017274810506
50,117,0.747676966079928
50,118,0.718566644002921
50,119,0.739870564830903
50,120,0.770290347762585
50,121,0.839037042633023
50,122,0.789378257913425
50,123,0.821107501699781
50,124,0.852081287300748
50,125,0.741935483870968
50,126,0.715695902898441
50,127,0.735035632444411
50,128,0.771952355770441
50,129,0.731459797033567
50,130,0.799350305960565
50,131,0.773765455415376
50,132,0.784039686736672
50,133,0.782478406486868
50,134,0.807458890483745
50,135,0.809322354007706
50,136,0.705925310367404
50,137,0.704515121754678
50,138,0.713580619979351
50,139,0.750094432273174
50,140,0.819848404724132
50,141,0.728538692050062
50,142,0.753418448288887
50,143,0.793357004356476
50,144,0.722142479413764
50,145,0.678074085266047
50,146,0.753216992772783
50,147,0.750799526579537
50,148,0.768175064843494
50,149,0.758908111102717
50,150,0.850368915413865
50,151,0.787011155599204
50,152,0.800458311299136
50,153,0.776535468761804
50,154,0.773412908262194
50,155,0.670116592379945
50,156,0.77608219385057
50,157,0.68502430057163
50,158,0.797184659162449
50,159,0.678174813024099
50,160,0.77159980861726
50,161,0.768577975875702
50,162,0.720833018559089
50,163,0.794716829090176
50,164,0.811488000805822
50,165,0.732668530130191
50,166,0.713177708947143
50,167,0.736143637782982
50,168,0.74913751857168
50,169,0.803127596887512
50,170,0.777542746342323
50,171,0.693888343280199
50,172,0.819395129812898
50,173,0.78444259776888
50,174,0.7357910906298
50,175,0.742993125330513
50,176,0.745561683160837
50,177,0.748180604870187
50,178,0.78806879705875
50,179,0.820805318425625
50,180,0.753468812167913
50,181,0.751000982095641
50,182,0.696456901110524
50,183,0.790989902042255
50,184,0.822568054191534
50,185,0.744604769459344
50,186,0.812545642265367
50,187,0.791594268590567
50,188,0.744352950064214
50,189,0.742690942056357
50,190,0.71771045805948
50,191,0.775578555060311
50,192,0.82473370098965
50,193,0.714184986527662
50,194,0.687693586160006
50,195,0.832640829996726
50,196,0.742640578177331
50,197,0.817279846893808
50,198,0.767167787262975
50,199,0.772455994560701
50,200,0.672886605726373
50,201,0.732970713404346
50,202,0.855707486590617
50,203,0.778298204527713
50,204,0.728589055929088
50,205,0.802120319306993
50,206,0.779758757019466
50,207,0.80403414670998
50,208,0.721689204502531
50,209,0.73629472942006
50,210,0.773060361109013
50,211,0.78781697766362
50,212,0.703810027448314
50,213,0.810128176072121
50,214,0.748684243660447
50,215,0.825287703658936
50,216,0.848908362922112
50,217,0.736244365541034
50,218,0.740172748105059
50,219,0.749842612878044
50,220,0.753670267684017
50,221,0.779658029261414
50,222,0.78207549545466
50,223,0.759008838860769
50,224,0.821258593336859
50,225,0.764297046158495
50,226,0.767872881569339
50,227,0.680441187580268
50,228,0.790335171614918
50,229,0.713127345068117
50,230,0.724157034574803
50,231,0.730956158243308
50,232,0.804185238347058
50,233,0.708695323713832
50,234,0.82186295988517
50,235,0.747979149354083
50,236,0.729797789025711
50,237,0.672181511420009
50,238,0.734229810379996
50,239,0.782780589761023
50,240,0.763692679610184
50,241,0.664929112840271
50,242,0.80327868852459
50,243,0.847951449220619
50,244,0.835763390496336
50,245,0.76535468761804
50,246,0.683664475837929
50,247,0.771952355770441
50,248,0.727027775679283
50,249,0.771952355770441
50,250,0.772657450076805
50,251,0.804285966105109
50,252,0.778046385132583
50,253,0.726221953614867
50,254,0.799048122686409
50,255,0.754073178716225
50,256,0.818387852232379
50,257,0.760922666263756
50,258,0.749943340636096
50,259,0.833295560424064
50,260,0.736496184936164
50,261,0.749187882450706
50,262,0.804437057742187
50,263,0.778902571076024
50,264,0.746468232983304
50,265,0.790939538163229
50,266,0.796378837098033
50,267,0.789781168945632
50,268,0.750749162700511
50,269,0.676865352169424
50,270,0.842159603132633
50,271,0.764347410037521
50,272,0.733373624436554
50,273,0.725919770340712
50,274,0.827453350457052
50,275,0.782478406486868
50,276,0.790889174284203
50,277,0.769182342424014
50,278,0.824078970562313
50,279,0.809926720556017
50,280,0.778096749011609
50,281,0.729394877993503
50,282,0.799098486565435
50,283,0.777643474100375
50,284,0.763692679610184
50,285,0.758908111102717
50,286,0.825740978570169
50,287,0.767822517690313
50,288,0.76273576590869
50,289,0.795220467880436
50,290,0.748583515902395
50,291,0.721538112865453
50,292,0.830374455440558
50,293,0.741734028354864
50,294,0.771398353101156
50,295,0.803379416282642
50,296,0.779909848656543
50,297,0.796731384251215
50,298,0.822467326433482
50,299,0.765807962529274
50,300,0.825086248142832
50,301,0.763591951852132
50,302,0.729092694719347
50,303,0.719674649341492
50,304,0.797436478557578
50,305,0.78519805595427
50,306,0.79542192339654
50,307,0.772405630681675
50,308,0.800256855783033
50,309,0.83284228551283
50,310,0.786255697413815
50,311,0.80065976681524
50,312,0.733474352194606
50,313,0.852685653849059
50,314,0.778499660043817
50,315,0.758203016796354
50,316,0.706781496310846
50,317,0.758555563949535
50,318,0.72244466268792
50,319,0.810480723225303
50,320,0.721689204502531
50,321,0.762786129787716
50,322,0.733121805041424
50,323,0.722293571050842
50,324,0.760821938505704
50,325,0.789126438518295
50,326,0.783133136914205
50,327,0.774168366447584
50,328,0.788018433179724
50,329,0.710407695600715
50,330,0.836921759713933
50,331,0.68029009594319
50,332,0.735085996323437
50,333,0.710306967842663
50,334,0.715393719624285
50,335,0.707839137770391
50,336,0.802926141371408
50,337,0.708644959834807
50,338,0.757850469643172
50,339,0.705874946488379
50,340,0.724559945607011
50,341,0.832691193875752
50,342,0.846541260607892
50,343,0.774269094205636
50,344,0.73342398831558
50,345,0.796580292614137
50,346,0.763390496336028
50,347,0.805091788169525
50,348,0.793558459872579
50,349,0.794011734783813
50,350,0.696859812142731
50,351,0.815265291732769
50,352,0.788320616453879
50,353,0.788773891365113
50,354,0.781017853995115
50,355,0.802825413613357
50,356,0.847649265946463
50,357,0.774873460753947
50,358,0.721336657349349
50,359,0.759059202739795
50,360,0.748684243660447
50,361,0.777240563068168
50,362,0.845785802422503
50,363,0.782125859333686
50,364,0.737201279242527
50,365,0.776182921608622
50,366,0.749490065724862
50,367,0.81763239404699
50,368,0.81924403817582
50,369,0.791946815743749
50,370,0.857520586235552
50,371,0.772254539044597
50,372,0.857470222356526
50,373,0.749741885119992
50,374,0.680894462491501
50,375,0.778449296164791
50,376,0.753821359321095
50,377,0.724811765002141
50,378,0.83022336380348
50,379,0.817833849563093
50,380,0.746568960741356
50,381,0.796681020372189
50,382,0.687290675127798
50,383,0.769585253456221
50,384,0.661957643977739
50,385,0.711918611971494
50,386,0.790486263251996
50,387,0.739568381556748
50,388,0.73629472942006
50,389,0.738007101306943
50,390,0.766613784593689
50,391,0.803883055072902
50,392,0.868902822895419
50,393,0.808969806854524
50,394,0.735035632444411
50,395,0.802170683186019
50,396,0.750446979426355
50,397,0.732164891339931
50,398,0.704061846843444
50,399,0.85142655687341
50,400,0.832389010601597
50,401,0.748633879781421
50,402,0.764196318400443
50,403,0.747878421596031
50,404,0.739064742766488
50,405,0.729747425146685
50,406,0.773161088867065
50,407,0.790939538163229
50,408,0.743496764120773
50,409,0.829719725013221
50,410,0.763390496336028
50,411,0.647956485608522
50,412,0.750346251668303
50,413,0.759562841530055
50,414,0.769736345093299
50,415,0.797436478557578
50,416,0.754677545264536
50,417,0.821762232127119
50,418,0.817179119135756
50,419,0.669713681347737
50,420,0.796227745460955
50,421,0.759311022134925
50,422,0.788572435849009
50,423,0.740676386895319
50,424,0.746921507894538
50,425,0.705472035456171
50,426,0.715796630656493
50,427,0.747475510563824
50,428,0.735438543476619
50,429,0.804487421621213
50,430,0.850066732139709
50,431,0.807257434967641
50,432,0.750094432273174
50,433,0.755785550603107
50,434,0.750598071063433
50,435,0.80378232731485
50,436,0.797486842436605
50,437,0.729747425146685
50,438,0.810027448314069
50,439,0.800005036387903
50,440,0.799299942081539
50,441,0.752612626224472
50,442,0.807761073757901
50,443,0.816373297071341
50,444,0.78419077837375
50,445,0.672936969605399
50,446,0.76374304348921
50,447,0.74228803102415
50,448,0.735136360202463
50,449,0.73392762710584
50,450,0.741482208959734
50,451,0.769585253456221
50,452,0.748885699176551
50,453,0.813603283724912
50,454,0.707436226738183
50,455,0.719019918914155
50,456,0.703558208053184
50,457,0.823625695651079
50,458,0.749741885119992
50,459,0.771952355770441
50,460,0.793407368235502
50,461,0.675354435798645
50,462,0.811488000805822
50,463,0.746971871773564
50,464,0.77346327214122
50,465,0.708292412681625
50,466,0.836569212560751
50,467,0.75039661554733
50,468,0.774319458084662
50,469,0.77708947143109
50,470,0.754274634232329
50,471,0.764548865553625
50,472,0.802623958097253
50,473,0.788622799728035
50,474,0.716098813930649
50,475,0.814711289063484
50,476,0.665080204477349
50,477,0.764095590642391
50,478,0.719221374430259
50,479,0.760670846868626
50,480,0.757598650248042
50,481,0.80065976681524
50,482,0.750346251668303
50,483,0.75724610309486
50,484,0.658683991841052
50,485,0.726221953614867
50,486,0.783284228551283
50,487,0.778852207196998
50,488,0.835159023948025
50,489,0.746166049709149
50,490,0.797940117347838
50,491,0.710458059479741
50,492,0.775427463423233
50,493,0.808566895822316
50,494,0.750346251668303
50,495,0.703104933141951
50,496,0.747072599531616
50,497,0.788975346881217
50,498,0.678325904661177
50,499,0.797637934073682
50,500,0.766664148472715
50,501,0.841303417189192
50,502,0.831532824658155
50,503,0.82997154440835
50,504,0.716451361083831
50,505,0.783284228551283
50,506,0.763793407368236
50,507,0.781773312180504
50,508,0.741885119991942
50,509,0.810531087104329
50,510,0.804789604895369
50,511,0.761426305054015
50,512,0.762282490997457
50,513,0.696607992747601
50,514,0.65520888418826
50,515,0.715796630656493
50,516,0.759159930497847
50,517,0.832691193875752
50,518,0.740525295258241
50,519,0.796429200977059
50,520,0.742539850419279
50,521,0.781370401148296
50,522,0.821409684973937
50,523,0.753922087079147
50,524,0.69363652388507
50,525,0.79018407997784
50,526,0.772355266802649
50,527,0.713882803253507
50,528,0.704162574601496
50,529,0.765807962529274
50,530,0.80403414670998
50,531,0.710306967842663
50,532,0.772657450076805
50,533,0.788421344211931
50,534,0.742187303266098
50,535,0.785600966986477
50,536,0.854398025735942
50,537,0.803077233008486
50,538,0.769786708972325
50,539,0.843720883382438
50,540,0.711213517665131
50,541,0.721588476744479
50,542,0.820503135151469
50,543,0.718314824607791
50,544,0.746417869104278
50,545,0.63350205232807
50,546,0.727178867316361
50,547,0.728891239203244
50,548,0.781420765027322
50,549,0.754425725869406
50,550,0.797285386920501
50,551,0.807609982120823
50,552,0.722545390445972
50,553,0.761627760570119
50,554,0.773110724988039
50,555,0.79542192339654
50,556,0.738258920702073
50,557,0.737150915363501
50,558,0.806048701871018
50,559,0.74677041625746
50,560,0.786104605776737
50,561,0.727531414469543
50,562,0.762181763239405
50,563,0.816826571982574
50,564,0.742338394903175
50,565,0.718969555035129
50,566,0.691722696482083
50,567,0.752461534587394
50,568,0.787011155599204
50,569,0.818438216111405
50,570,0.70098965022286
50,571,0.746468232983304
50,572,0.775074916270051
50,573,0.690967238296694
50,574,0.818941854901664
50,575,0.683311928684747
50,576,0.783334592430309
50,577,0.797587570194656
50,578,0.748230968749213
50,579,0.713983531011559
50,580,0.80277504973433
50,581,0.71695499987409
50,582,0.787968069300698
50,583,0.70335675253708
50,584,0.778147112890635
50,585,0.784593689405958
50,586,0.715645539019415
50,587,0.736647276573242
50,588,0.777290926947193
50,589,0.804487421621213
50,590,0.712120067487598
50,591,0.733222532799476
50,592,0.813704011482964
50,593,0.67928281836267
50,594,0.701543652892146
50,595,0.810430359346277
50,596,0.730704338848178
50,597,0.718163732970713
50,598,0.771650172496286
50,599,0.802422502581149
50,600,0.790637354889074
50,601,0.741482208959734
50,602,0.796076653823877
50,603,0.73654654881519
50,604,0.814157286394198
50,605,0.796429200977059
50,606,0.825338067537962
50,607,0.836720304197829
50,608,0.735337815718567
50,609,0.758404472312457
50,610,0.804134874468031
50,611,0.809825992797965
50,612,0.752612626224472
50,613,0.835813754375362
50,614,0.747828057717005
50,615,0.707939865528443
50,616,0.816574752587444
50,617,0.755181184054796
50,618,0.760670846868626
50,619,0.811437636926796
50,620,0.751857168039082
50,621,0.803580871798746
50,622,0.70884641535091
50,623,0.74440331394324
50,624,0.731207977638438
50,625,0.686635944700461
50,626,0.683714839716955
50,627,0.731963435823827
50,628,0.767268515021027
50,629,0.742136939387072
50,630,0.789227166276347
50,631,0.739014378887462
50,632,0.723300848631362
50,633,0.713228072826169
50,634,0.768678703633754
50,635,0.813804739241016
50,636,0.735136360202463
50,637,0.815265291732769
50,638,0.835058296189973
50,639,0.643423736496185
50,640,0.810077812193095
50,641,0.768880159149858
50,642,0.755936642240185
50,643,0.744957316612526
50,644,0.704263302359548
50,645,0.706831860189872
50,646,0.772405630681675
50,647,0.74777769383798
50,648,0.680189368185138
50,649,0.766009418045378
50,650,0.802875777492382
50,651,0.73342398831558
50,652,0.848152904736723
50,653,0.708745687592858
50,654,0.773110724988039
50,655,0.782428042607842
50,656,0.794716829090176
50,657,0.762483946513561
50,658,0.809775628918939
50,659,0.705673490972275
50,660,0.791140993679333
50,661,0.648409760519755
50,662,0.764498501674599
50,663,0.793357004356476
50,664,0.711112789907079
50,665,0.756843192062653
50,666,0.841756692100426
50,667,0.678124449145073
50,668,0.764901412706807
50,669,0.825388431416988
50,670,0.770642894915767
50,671,0.605701191105739
50,672,0.772053083528493
50,673,0.799803580871799
50,674,0.73654654881519
50,675,0.708443504318703
50,676,0.734683085291229
50,677,0.798393392259072
50,678,0.775477827302259
50,679,0.803429780161668
50,680,0.775276371786155
50,681,0.78469441716401
50,682,0.798343028380046
50,683,0.755533731207978
50,684,0.708191684923573
50,685,0.80589761023394
50,686,0.716300269446753
50,687,0.803127596887512
50,688,0.794716829090176
50,689,0.70124146961799
50,690,0.759562841530055
50,691,0.724962856639218
50,692,0.852131651179774
50,693,0.734028354863892
50,694,0.788673163607061
50,695,0.739014378887462
50,696,0.73891365112941
50,697,0.812646370023419
50,698,0.748784971418499
50,699,0.794213190299917
50,700,0.69887436730377
50,701,0.80902017073355
50,702,0.741331117322656
50,703,0.763088313061872
50,704,0.803077233008486
50,705,0.846591624486918
50,706,0.756037369998237
50,707,0.815315655611795
50,708,0.794968648485306
50,709,0.803127596887512
50,710,0.839238498149128
50,711,0.802321774823097
50,712,0.840497595124777
50,713,0.763793407368236
50,714,0.710155876205585
50,715,0.790284807735892
50,716,0.77059253103674
50,717,0.709148598625066
50,718,0.800559039057188
50,719,0.838986678753998
50,720,0.835864118254388
50,721,0.793357004356476
50,722,0.737050187605449
50,723,0.722746845962076
50,724,0.777391654705246
50,725,0.799954672508877
50,726,0.76560650701317
50,727,0.815869658281081
50,728,0.678476996298255
50,729,0.820200951877314
50,730,0.76374304348921
50,731,0.744352950064214
50,732,0.755584095087004
50,733,0.739518017677722
50,734,0.686333761426305
50,735,0.785953514139659
50,736,0.772455994560701
50,737,0.723099393115258
50,738,0.762433582634535
50,739,0.649165218705145
50,740,0.754476089748432
50,741,0.711868248092468
50,742,0.780564579083881
50,743,0.775074916270051
50,744,0.864571529299187
50,745,0.734380902017073
50,746,0.759109566618821
50,747,0.792651910050112
50,748,0.790486263251996
50,749,0.680944826370527
50,750,0.745209136007655
50,751,0.810480723225303
50,752,0.786205333534789
50,753,0.813955830878094
50,754,0.805444335322707
50,755,0.740474931379215
50,756,0.695802170683186
50,757,0.824582609352572
50,758,0.746669688499408
50,759,0.75724610309486
50,760,0.873234116491652
50,761,0.634106418876382
50,762,0.813200372692705
50,763,0.679182090604618
50,764,0.855506031074513
50,765,0.71408425876961
50,766,0.748936063055576
50,767,0.80327868852459
50,768,0.759965752562262
50,769,0.717509002543376
50,770,0.690312507869356
50,771,0.773866183173428
50,772,0.802523230339201
50,773,0.87126992520964
50,774,0.699730553247211
50,775,0.685477575482864
50,776,0.75986502480421
50,777,0.77895293495505
50,778,0.832640829996726
50,779,0.70884641535091
50,780,0.793810279267709
50,781,0.737402734758631
50,782,0.754123542595251
50,783,0.765253959859988
50,784,0.81450983354738
50,785,0.81476165294251
50,786,0.734531993654151
50,787,0.79018407997784
50,788,0.747425146684798
50,789,0.774772732995895
50,790,0.713681347737403
50,791,0.757548286369016
50,792,0.809423081765758
50,793,0.735942182266878
50,794,0.790083352219788
50,795,0.735136360202463
50,796,0.798494120017124
50,797,0.805343607564655
50,798,0.745058044370577
50,799,0.72581904258266
50,800,0.750648434942459
50,801,0.767419606658105
50,802,0.81214273123316
50,803,0.864067890508927
50,804,0.750799526579537
50,805,0.737402734758631
50,806,0.740928206290449
50,807,0.793407368235502
50,808,0.738309284581098
50,809,0.821510412731989
50,810,0.748331696507265
50,811,0.734028354863892
50,812,0.737453098637657
50,813,0.725214676034348
50,814,0.796529928735111
50,815,0.74964115736194
50,816,0.808012893153031
50,817,0.765757598650248
50,818,0.7868097000831
50,819,0.837576490141271
50,820,0.72743068671149
50,821,0.678678451814359
50,822,0.745309863765707
50,823,0.768779431391806
50,824,0.769786708972325
50,825,0.710508423358767
50,826,0.749490065724862
50,827,0.742338394903175
50,828,0.790083352219788
50,829,0.846289441212762
50,830,0.811689456321926
50,831,0.79491828460628
50,832,0.830777366472766
50,833,0.763793407368236
50,834,0.819445493691924
50,835,0.789529349550502
50,836,0.847951449220619
50,837,0.783082773035179
50,838,0.772254539044597
50,839,0.811538364684848
50,840,0.732819621767268
50,841,0.756490644909471
50,842,0.704414393996626
50,843,0.813351464329783
50,844,0.717811185817532
50,845,0.81113545365264
50,846,0.7200775603737
50,847,0.76374304348921
50,848,0.820704590667573
50,849,0.767721789932261
50,850,0.642517186673718
50,851,0.81763239404699
50,852,0.720530835284934
50,853,0.769786708972325
50,854,0.714184986527662
50,855,0.703507844174158
50,856,0.724257762332855
50,857,0.694643801465589
50,858,0.754778273022588
50,859,0.80826471254816
50,860,0.678779179572411
50,861,0.816071113797185
50,862,0.856009669864773
50,863,0.804688877137317
50,864,0.746720052378434
50,865,0.822215507038352
50,866,0.755483367328952
50,867,0.779607665382388
50,868,0.699881644884289
50,869,0.768426884238624
50,870,0.743295308604669
50,871,0.690967238296694
50,872,0.757800105764146
50,873,0.828007353126338
50,874,0.745813502555967
50,875,0.822970965223742
50,876,0.818992218780691
50,877,0.80091158621037
50,878,0.828309536400494
50,879,0.800760494573292
50,880,0.767520334416157
50,881,0.744000402911032
50,882,0.808365440306212
50,883,0.767570698295183
50,884,0.751706076402004
50,885,0.779960212535569
50,886,0.732567802372139
50,887,0.815567475006925
50,888,0.66568457102566
50,889,0.811034725894589
50,890,0.722495026566946
50,891,0.716249905567727
50,892,0.761174485658885
50,893,0.796529928735111
50,894,0.729948880662789
50,895,0.690614691143512
50,896,0.786759336204074
50,897,0.811185817531666
50,898,0.760721210747652
50,899,0.830676638714714
50,900,0.751101709853693
50,901,0.760016116441288
50,902,0.755181184054796
50,903,0.737805645790839
50,904,0.770239983883559
50,905,0.795824834428748
50,906,0.75301553725668
50,907,0.792047543501801
50,908,0.780060940293621
50,909,0.785046964317192
50,910,0.751252801490771
50,911,0.77708947143109
50,912,0.708796051471884
50,913,0.771196897585052
50,914,0.785046964317192
50,915,0.765656870892196
50,916,0.833950290851401
50,917,0.822064415401274
50,918,0.79229936289693
50,919,0.728991966961295
50,920,0.76011684419934
50,921,0.757095011457782
50,922,0.787514794389464
50,923,0.783888595099595
50,924,0.84931127395432
50,925,0.805444335322707
50,926,0.765959054166352
50,927,0.73629472942006
50,928,0.729394877993503
50,929,0.76374304348921
50,930,0.811840547959004
50,931,0.792400090654982
50,932,0.813955830878094
50,933,0.637984437561381
50,934,0.775628918939337
50,935,0.709047870867014
50,936,0.82186295988517
50,937,0.80040794742011
50,938,0.810682178741407
50,939,0.754778273022588
50,940,0.7200775603737
50,941,0.773765455415376
50,942,0.752612626224472
50,943,0.765556143134144
50,944,0.801818136032837
50,945,0.749792248999018
50,946,0.767772153811287
50,947,0.841807055979451
50,948,0.75774974188512
50,949,0.76036866359447
50,950,0.769131978544988
50,951,0.811236181410692
50,952,0.796781748130241
50,953,0.782830953640049
50,954,0.753368084409861
50,955,0.777693837979401
50,956,0.807207071088615
50,957,0.736194001662008
50,958,0.799501397597643
50,959,0.826446072876533
50,960,0.723502304147465
50,961,0.820654226788547
50,962,0.739467653798696
50,963,0.731409433154542
50,964,0.663871471380726
50,965,0.794968648485306
50,966,0.773916547052454
50,967,0.79229936289693
50,968,0.78444259776888
50,969,0.800710130694266
50,970,0.689204502530785
50,971,0.741633300596812
50,972,0.698824003424744
50,973,0.759562841530055
50,974,0.742338394903175
50,975,0.772707813955831
50,976,0.791795724106671
50,977,0.733121805041424
50,978,0.780967490116089
50,979,0.807257434967641
50,980,0.803631235677772
50,981,0.79829266450102
50,982,0.81974767696608
50,983,0.7658583264083
50,984,0.783838231220569
50,985,0.794465009695047
50,986,0.635969882400342
50,987,0.752965173377654
50,988,0.662612374405077
50,989,0.786406789050893
50,990,0.797688297952708
50,991,0.746468232983304
50,992,0.783284228551283
50,993,0.80353050791972
50,994,0.762181763239405
50,995,0.795321195638488
50,996,0.721739568381557
50,997,0.658381808566896
50,998,0.794616101332125
50,999,0.735992546145904
50,1000,0.789176802397321
50,1001,0.825791342449195
50,1002,0.757095011457782
50,1003,0.809977084435043
50,1004,0.778852207196998
50,1005,0.71695499987409
50,1006,0.862103699226914
50,1007,0.71171715645539
50,1008,0.744856588854474
50,1009,0.732064163581879
50,1010,0.73080506660623
50,1011,0.71408425876961
50,1012,0.773060361109013
50,1013,0.65233814308378
50,1014,0.706277857520586
50,1015,0.712120067487598
50,1016,0.75800156128025
50,1017,0.787917705421671
50,1018,0.747072599531616
50,1019,0.695348895771952
50,1020,0.753871723200121
50,1021,0.800710130694266
50,1022,0.822668781949586
50,1023,0.74178439223389
50,1024,0.733524716073632
50,1025,0.743345672483695
50,1026,0.76822542872252
50,1027,0.642567550552744
50,1028,0.814560197426406
50,1029,0.806552340661278
50,1030,0.681851376192994
50,1031,0.744957316612526
50,1032,0.770088892246481
50,1033,0.729193422477399
50,1034,0.739115106645514
50,1035,0.747374782805772
50,1036,0.747878421596031
50,1037,0.739366926040644
50,1038,0.789076074639269
50,1039,0.744705497217396
50,1040,0.799652489234721
50,1041,0.81450983354738
50,1042,0.683513384200851
50,1043,0.745058044370577
50,1044,0.810984362015562
50,1045,0.718163732970713
50,1046,0.751907531918108
50,1047,0.767721789932261
50,1048,0.682052831709098
50,1049,0.710407695600715
50,1050,0.726977411800257
50,1051,0.775427463423233
50,1052,0.704011482964418
50,1053,0.755030092417718
50,1054,0.774974188511999
50,1055,0.691470877086953
50,1056,0.762081035481353
50,1057,0.81974767696608
50,1058,0.726876684042205
50,1059,0.758757019465639
50,1060,0.818992218780691
50,1061,0.805796882475888
50,1062,0.77421873032661
50,1063,0.689154138651759
50,1064,0.810833270378485
50,1065,0.76560650701317
50,1066,0.773866183173428
50,1067,0.803127596887512
50,1068,0.864269346025031
50,1069,0.769937800609403
50,1070,0.775477827302259
50,1071,0.796529928735111
50,1072,0.831381733021077
50,1073,0.738309284581098
50,1074,0.755281911812848
50,1075,0.716149177809675
50,1076,0.79517010400141
50,1077,0.712774797914935
50,1078,0.786557880687971
50,1079,0.822064415401274
50,1080,0.697615270328121
50,1081,0.756692100425575
50,1082,0.729143058598373
50,1083,0.750598071063433
50,1084,0.675102616403515
50,1085,0.808869079096472
50,1086,0.823978242804261
50,1087,0.721689204502531
50,1088,0.689204502530785
50,1089,0.76872906751278
50,1090,0.755080456296744
50,1091,0.776233285487648
50,1092,0.754022814837199
50,1093,0.8011634056055
50,1094,0.803731963435824
50,1095,0.794867920727254
50,1096,0.839742136939387
50,1097,0.809926720556017
50,1098,0.70723477122208
50,1099,0.670922414444361
50,1100,0.769937800609403
50,1101,0.83520938782705
50,1102,0.824834428747702
50,1103,0.770793986552844
50,1104,0.746820780136486
50,1105,0.775377099544207
50,1106,0.777139835310116
50,1107,0.69262924630455
50,1108,0.780212031930699
50,1109,0.704464757875652
50,1110,0.781874039938556
50,1111,0.845735438543477
50,1112,0.824078970562313
50,1113,0.766412329077586
50,1114,0.778197476769661
50,1115,0.740474931379215
50,1116,0.725365767671426
50,1117,0.696053990078316
50,1118,0.811034725894589
50,1119,0.799904308629851
50,1120,0.763088313061872
50,1121,0.707033315705976
50,1122,0.780816398479011
50,1123,0.79491828460628
50,1124,0.732416710735061
50,1125,0.772657450076805
50,1126,0.751706076402004
50,1127,0.794313918057969
50,1128,0.775276371786155
50,1129,0.705723854851301
50,1130,0.725516859308504
50,1131,0.834151746367505
50,1132,0.799148850444461
50,1133,0.761879579965249
50,1134,0.818941854901664
50,1135,0.761476668933041
50,1136,0.73866183173428
50,1137,0.748432424265317
50,1138,0.817279846893808
50,1139,0.76036866359447
50,1140,0.635264788093979
50,1141,0.823676059530105
50,1142,0.822467326433482
50,1143,0.717005363753116
50,1144,0.830324091561532
50,1145,0.74153257283876
50,1146,0.688549772103447
50,1147,0.824078970562313
50,1148,0.774067638689532
50,1149,0.738309284581098
50,1150,0.745612047039863
50,1151,0.741331117322656
50,1152,0.780917126237063
50,1153,0.806602704540304
50,1154,0.784895872680114
50,1155,0.785449875349399
50,1156,0.77084435043187
50,1157,0.756541008788497
50,1158,0.695147440255849
50,1159,0.799753216992773
50,1160,0.843015789076075
50,1161,0.733575079952658
50,1162,0.75487900078064
50,1163,0.693233612852862
50,1164,0.791342449195437
50,1165,0.752662990103498
50,1166,0.789327894034399
50,1167,0.730653974969152
50,1168,0.771750900254338
50,1169,0.768930523028884
50,1170,0.768527611996676
50,1171,0.772304902923623
50,1172,0.737251643121553
50,1173,0.794716829090176
50,1174,0.787615522147516
50,1175,0.713731711616429
50,1176,0.737302007000579
50,1177,0.813401828208809
50,1178,0.72320012087331
50,1179,0.813704011482964
50,1180,0.761829216086223
50,1181,0.787917705421671
50,1182,0.811689456321926
50,1183,0.746669688499408
50,1184,0.761577396691093
50,1185,0.800861222331344
50,1186,0.735388179597593
50,1187,0.727380322832465
50,1188,0.711163153786105
50,1189,0.715595175140389
50,1190,0.669159678678452
50,1191,0.832288282843545
50,1192,0.761527032812067
50,1193,0.75986502480421
50,1194,0.735136360202463
50,1195,0.810833270378485
50,1196,0.729243786356425
50,1197,0.747576238321875
50,1198,0.812646370023419
50,1199,0.828410264158546
50,1200,0.810027448314069
50,1201,0.758958474981743
50,1202,0.844828888721009
50,1203,0.726775956284153
50,1204,0.754073178716225
50,1205,0.858427136058019
50,1206,0.706277857520586
50,1207,0.69338470448994
50,1208,0.788572435849009
50,1209,0.811790184079978
50,1210,0.773362544383168
50,1211,0.778902571076024
50,1212,0.735287451839541
50,1213,0.72818614489688
50,1214,0.765304323739014
50,1215,0.696607992747601
50,1216,0.819294402054846
50,1217,0.764750321069729
50,1218,0.750900254337589
50,1219,0.717509002543376
50,1220,0.711213517665131
50,1221,0.863463523960615
50,1222,0.762836493666742
50,1223,0.799400669839591
50,1224,0.795975926065826
50,1225,0.655309611946312
50,1226,0.795270831759462
50,1227,0.839389589786205
50,1228,0.783133136914205
50,1229,0.773513636020246
50,1230,0.784895872680114
50,1231,0.766966331746871
50,1232,0.706831860189872
50,1233,0.711817884213442
50,1234,0.800609402936214
50,1235,0.762433582634535
50,1236,0.788874619123165
50,1237,0.799350305960565
50,1238,0.749590793482914
50,1239,0.743496764120773
50,1240,0.715393719624285
50,1241,0.764699957190703
50,1242,0.728135781017854
50,1243,0.667145123517413
50,1244,0.69076578278059
50,1245,0.690665055022538
50,1246,0.733373624436554
50,1247,0.794968648485306
50,1248,0.721336657349349
50,1249,0.763088313061872
50,1250,0.868348820226134
50,1251,0.748533152023369
50,1252,0.728286872654932
50,1253,0.747072599531616
50,1254,0.673188789000529
50,1255,0.769534889577195
50,1256,0.83596484601244
50,1257,0.734834176928307
50,1258,0.813804739241016
50,1259,0.796529928735111
50,1260,0.72506358439727
50,1261,0.806250157387122
50,1262,0.729646697388633
50,1263,0.772607086197779
50,1264,0.735841454508826
50,1265,0.767167787262975
50,1266,0.789831532824658
50,1267,0.71408425876961
50,1268,0.753166628893757
50,1269,0.758303744554406
50,1270,0.680844098612475
50,1271,0.726876684042205
50,1272,0.786154969655763
50,1273,0.756037369998237
50,1274,0.761577396691093
50,1275,0.765052504343885
50,1276,0.751857168039082
50,1277,0.718566644002921
50,1278,0.771398353101156
50,1279,0.770945078189922
50,1280,0.695097076376823
50,1281,0.814409105789328
50,1282,0.81712875525673
50,1283,0.75800156128025
50,1284,0.777945657374531
50,1285,0.806904887814459
50,1286,0.769685981214273
50,1287,0.776938379794012
50,1288,0.73130870539649
50,1289,0.762181763239405
50,1290,0.857973861146786
50,1291,0.726473773009997
50,1292,0.788119160937775
50,1293,0.678174813024099
50,1294,0.811689456321926
50,1295,0.7868097000831
50,1296,0.753569539925965
50,1297,0.711314245423182
50,1298,0.710004784568508
50,1299,0.668253128855985
50,1300,0.805343607564655
50,1301,0.845483619148347
50,1302,0.714537533680844
50,1303,0.765807962529274
50,1304,0.775578555060311
50,1305,0.776233285487648
50,1306,0.777139835310116
50,1307,0.838483039963738
50,1308,0.802825413613357
50,1309,0.762030671602327
50,1310,0.803983782830954
50,1311,0.714537533680844
50,1312,0.812394550628289
50,1313,0.72219284329279
50,1314,0.843620155624386
50,1315,0.700939286343834
50,1316,0.835310115585102
50,1317,0.719120646672207
50,1318,0.743396036362721
50,1319,0.825841706328221
50,1320,0.892573846037622
50,1321,0.844023066656594
50,1322,0.78731333887336
50,1323,0.779506937624336
50,1324,0.751454257006875
50,1325,0.745914230314019
50,1326,0.844224522172698
50,1327,0.801415225000629
50,1328,0.779406209866284
50,1329,0.794565737453099
50,1330,0.769685981214273
50,1331,0.674246430460074
50,1332,0.777693837979401
50,1333,0.753922087079147
50,1334,0.768023973206416
50,1335,0.838231220568608
50,1336,0.810833270378485
50,1337,0.844224522172698
50,1338,0.736899095968371
50,1339,0.710508423358767
50,1340,0.804185238347058
50,1341,0.693938707159225
50,1342,0.80040794742011
50,1343,0.807761073757901
50,1344,0.716199541688701
50,1345,0.759109566618821
50,1346,0.810531087104329
50,1347,0.770189620004533
50,1348,0.760167208078366
50,1349,0.83359774369822
50,1350,0.80015612802498
50,1351,0.80040794742011
50,1352,0.682606834378384
50,1353,0.745763138676941
50,1354,0.840447231245751
50,1355,0.724711037244089
50,1356,0.829165722343935
50,1357,0.65807962529274
50,1358,0.700838558585782
50,1359,0.783032409156153
50,1360,0.817330210772834
50,1361,0.74228803102415
50,1362,0.74651859686233
50,1363,0.761980307723301
50,1364,0.722646118204024
50,1365,0.792198635138878
50,1366,0.816272569313289
50,1367,0.820805318425625
50,1368,0.691873788119161
50,1369,0.789428621792451
50,1370,0.814106922515172
50,1371,0.773513636020246
50,1372,0.798745939412254
50,1373,0.728840875324217
50,1374,0.776434741003752
50,1375,0.824280426078417
50,1376,0.783586411825439
50,1377,0.806048701871018
50,1378,0.796983203646345
50,1379,0.689355594167863
50,1380,0.736395457178112
50,1381,0.728135781017854
50,1382,0.785349147591347
50,1383,0.795270831759462
50,1384,0.687492130643902
50,1385,0.759260658255899
50,1386,0.787766613784594
50,1387,0.748583515902395
50,1388,0.698672911787666
50,1389,0.791140993679333
50,1390,0.699226914456952
50,1391,0.668253128855985
50,1392,0.664475837929037
50,1393,0.737503462516683
50,1394,0.759260658255899
50,1395,0.744101130669084
50,1396,0.724559945607011
50,1397,0.704968396665911
50,1398,0.833799199214324
50,1399,0.725466495429478
50,1400,0.840900506156984
50,1401,0.790637354889074
50,1402,0.7501447961522
50,1403,0.762282490997457
50,1404,0.784392233889854
50,1405,0.660648183123064
50,1406,0.772405630681675
50,1407,0.736899095968371
50,1408,0.78469441716401
50,1409,0.703507844174158
50,1410,0.776031829971544
50,1411,0.76112412177986
50,1412,0.758555563949535
50,1413,0.796076653823877
50,1414,0.75039661554733
50,1415,0.710256603963637
50,1416,0.785903150260633
50,1417,0.768880159149858
50,1418,0.742892397572461
50,1419,0.7553826395709
50,1420,0.789428621792451
50,1421,0.811790184079978
50,1422,0.859283322001461
50,1423,0.749792248999018
50,1424,0.724459217848959
50,1425,0.667699126186699
50,1426,0.824532245473546
50,1427,0.776233285487648
50,1428,0.768023973206416
50,1429,0.751303165369797
50,1430,0.697363450932991
50,1431,0.756843192062653
50,1432,0.799350305960565
50,1433,0.721588476744479
50,1434,0.737251643121553
50,1435,0.812243458991212
50,1436,0.798897031049332
50,1437,0.753770995442069
50,1438,0.76535468761804
50,1439,0.823021329102767
50,1440,0.727178867316361
50,1441,0.800005036387903
50,1442,0.749036790813629
50,1443,0.774269094205636
50,1444,0.770693258794792
50,1445,0.813150008813679
50,1446,0.735337815718567
50,1447,0.705069124423963
50,1448,0.751303165369797
50,1449,0.797184659162449
50,1450,0.808818715217446
50,1451,0.779255118229206
50,1452,0.7906877187681
50,1453,0.852786381607111
50,1454,0.751907531918108
50,1455,0.815416383369847
50,1456,0.733323260557528
50,1457,0.745108408249603
50,1458,0.787363702752386
50,1459,0.75462718138551
50,1460,0.81999949636121
50,1461,0.7305532472111
50,1462,0.753216992772783
50,1463,0.805947974112966
50,1464,0.760066480320314
50,1465,0.820855682304651
50,1466,0.75563445896603
50,1467,0.838029765052504
50,1468,0.754929364659666
50,1469,0.831633552416207
50,1470,0.775780010576415
50,1471,0.660144544332805
50,1472,0.806904887814459
50,1473,0.760318299715444
50,1474,0.731812344186749
50,1475,0.803983782830954
50,1476,0.778096749011609
50,1477,0.803329052403616
50,1478,0.795875198307774
50,1479,0.764196318400443
50,1480,0.782629498123946
50,1481,0.70073783082773
50,1482,0.739618745435774
50,1483,0.829216086222961
50,1484,0.739316562161618
50,1485,0.707536954496235
50,1486,0.785248419833296
50,1487,0.713933167132533
50,1488,0.692679610183576
50,1489,0.775981466092519
50,1490,0.740626023016293
50,1491,0.761224849537911
50,1492,0.711364609302209
50,1493,0.759613205409081
50,1494,0.661302913550402
50,1495,0.819798040845106
50,1496,0.785449875349399
50,1497,0.746669688499408
50,1498,0.734481629775125
50,1499,0.781974767696608
50,1500,0.771096169827
50,1501,0.738762559492332
50,1502,0.715544811261363
50,1503,0.805142152048551
50,1504,0.685981214273123
50,1505,0.739669109314799
50,1506,0.758706655586613
50,1507,0.752310442950316
50,1508,0.760267935836418
50,1509,0.768930523028884
50,1510,0.675102616403515
50,1511,0.764347410037521
50,1512,0.808667623580368
50,1513,0.79517010400141
50,1514,0.767721789932261
50,1515,0.769333434061091
50,1516,0.797738661831734
50,1517,0.641812092367354
50,1518,0.791694996348619
50,1519,0.706882224068898
50,1520,0.774571277479791
50,1521,0.71720681926922
50,1522,0.793105184961346
50,1523,0.778298204527713
50,1524,0.768175064843494
50,1525,0.759713933167133
50,1526,0.705673490972275
50,1527,0.706831860189872
50,1528,0.70073783082773
50,1529,0.695550351288056
50,1530,0.799098486565435
50,1531,0.736496184936164
50,1532,0.833899926972376
50,1533,0.764448137795573
50,1534,0.735287451839541
50,1535,0.77895293495505
50,1536,0.769988164488429
50,1537,0.762886857545768
50,1538,0.723905215179673
50,1539,0.760821938505704
50,1540,0.653697967817481
50,1541,0.771549444738234
50,1542,0.727632142227594
50,1543,0.724358490090907
50,1544,0.723603031905517
50,1545,0.723300848631362
50,1546,0.714990808592078
50,1547,0.653697967817481
50,1548,0.713782075495455
50,1549,0.675455163556697
50,1550,0.73916547052454
50,1551,0.768426884238624
50,1552,0.657273803228325
50,1553,0.762081035481353
50,1554,0.678577724056307
50,1555,0.772909269471935
50,1556,0.795623378912644
50,1557,0.708443504318703
50,1558,0.79255118229206
50,1559,0.778852207196998
50,1560,0.706177129762534
50,1561,0.772254539044597
50,1562,0.772657450076805
50,1563,0.752461534587394
50,1564,0.781118581753167
50,1565,0.721588476744479
50,1566,0.71932210218831
50,1567,0.809574173402836
50,1568,0.799803580871799
50,1569,0.755886278361159
50,1570,0.707134043464028
50,1571,0.746166049709149
50,1572,0.830626274835688
50,1573,0.772506358439727
50,1574,0.843418700108282
50,1575,0.611190853919569
50,1576,0.788471708090957
50,1577,0.716249905567727
50,1578,0.736244365541034
50,1579,0.759915388683236
50,1580,0.747878421596031
50,1581,0.823424240134975
50,1582,0.805595426959784
50,1583,0.749036790813629
50,1584,0.746014958072071
50,1585,0.803631235677772
50,1586,0.78781697766362
50,1587,0.772607086197779
50,1588,0.653748331696507
50,1589,0.781672584422452
50,1590,0.653849059454559
50,1591,0.653899423333585
50,1592,0.797889753468812
50,1593,0.715695902898441
50,1594,0.752310442950316
50,1595,0.762584674271612
50,1596,0.732315982977009
50,1597,0.772254539044597
50,1598,0.78494623655914
50,1599,0.803681599556798
50,1600,0.820553499030495
50,1601,0.762483946513561
50,1602,0.825388431416988
50,1603,0.702903477625847
50,1604,0.753368084409861
50,1605,0.776636196519856
50,1606,0.753821359321095
50,1607,0.746115685830123
50,1608,0.720178288131752
50,1609,0.713076981189091
50,1610,0.805393971443681
50,1611,0.856513308655033
50,1612,0.749842612878044
50,1613,0.697111631537861
50,1614,0.81375437536199
50,1615,0.806350885145174
50,1616,0.746971871773564
50,1617,0.81712875525673
50,1618,0.836015209891466
50,1619,0.807609982120823
50,1620,0.675001888645464
50,1621,0.76011684419934
50,1622,0.803127596887512
50,1623,0.801969227669915
50,1624,0.845483619148347
50,1625,0.739518017677722
50,1626,0.780614942962907
50,1627,0.782377678728816
50,1628,0.80065976681524
50,1629,0.697111631537861
50,1630,0.755030092417718
50,1631,0.755483367328952
50,1632,0.853441112034449
50,1633,0.811538364684848
50,1634,0.788975346881217
50,1635,0.837626854020297
50,1636,0.719019918914155
50,1637,0.779154390471154
50,1638,0.70360857193221
50,1639,0.746971871773564
50,1640,0.776988743673038
50,1641,0.740575659137267
50,1642,0.749540429603888
50,1643,0.77396691093148
50,1644,0.762030671602327
50,1645,0.774369821963688
50,1646,0.759059202739795
50,1647,0.77059253103674
50,1648,0.747425146684798
50,1649,0.807408526604719
50,1650,0.672534058573191
50,1651,0.754979728538692
50,1652,0.802976505250434
50,1653,0.747828057717005
50,1654,0.636977159980862
50,1655,0.753821359321095
50,1656,0.800861222331344
50,1657,0.751303165369797
50,1658,0.739618745435774
50,1659,0.807962529274005
50,1660,0.714839716955
50,1661,0.725013220518244
50,1662,0.710961698270001
50,1663,0.784996600438166
50,1664,0.712724434035909
50,1665,0.744050766790058
50,1666,0.842612878043867
50,1667,0.771146533706026
50,1668,0.78132003726927
50,1669,0.697212359295913
50,1670,0.800760494573292
50,1671,0.693334340610914
50,1672,0.753972450958173
50,1673,0.828057717005364
50,1674,0.74465513333837
50,1675,0.775528191181285
50,1676,0.779255118229206
50,1677,0.619954168870086
50,1678,0.78706151947823
50,1679,0.819546221449976
50,1680,0.722646118204024
50,1681,0.763541587973106
50,1682,0.78756515826849
50,1683,0.641509909093198
50,1684,0.789176802397321
50,1685,0.770743622673818
50,1686,0.781420765027322
50,1687,0.776434741003752
50,1688,0.808365440306212
50,1689,0.783687139583491
50,1690,0.801465588879656
50,1691,0.7553826395709
50,1692,0.747324418926746
50,1693,0.749792248999018
50,1694,0.69313288509481
50,1695,0.716652816599935
50,1696,0.788522071969983
50,1697,0.773261816625117
50,1698,0.767721789932261
50,1699,0.853743295308605
50,1700,0.781773312180504
50,1701,0.784492961647906
50,1702,0.742136939387072
50,1703,0.763138676940898
50,1704,0.816171841555236
50,1705,0.765052504343885
50,1706,0.775024552391025
50,1707,0.837576490141271
50,1708,0.709904056810456
50,1709,0.793558459872579
50,1710,0.69625544559442
50,1711,0.788622799728035
50,1712,0.685880486515071
50,1713,0.783989322857647
50,1714,0.812646370023419
50,1715,0.690111052353252
50,1716,0.728286872654932
50,1717,0.73292034952532
50,1718,0.729797789025711
50,1719,0.758051925159276
50,1720,0.764297046158495
50,1721,0.809322354007706
50,1722,0.767369242779079
50,1723,0.776485104882778
50,1724,0.797083931404397
50,1725,0.658129989171766
50,1726,0.732064163581879
50,1727,0.746065321951097
50,1728,0.692125607514291
50,1729,0.764448137795573
50,1730,0.772405630681675
50,1731,0.698773639545718
50,1732,0.809070534612576
50,1733,0.674196066581048
50,1734,0.849361637833346
50,1735,0.810581450983355
50,1736,0.685175392208708
50,1737,0.754979728538692
50,1738,0.747122963410642
50,1739,0.782830953640049
50,1740,0.724005942937725
50,1741,0.793407368235502
50,1742,0.714537533680844
50,1743,0.76036866359447
50,1744,0.723250484752336
50,1745,0.782881317519075
50,1746,0.707889501649417
50,1747,0.796378837098033
50,1748,0.805091788169525
50,1749,0.715695902898441
50,1750,0.716854272116038
50,1751,0.781974767696608
50,1752,0.811236181410692
50,1753,0.77159980861726
50,1754,0.762181763239405
50,1755,0.820100224119262
50,1756,0.779506937624336
50,1757,0.774067638689532
50,1758,0.733877263226814
50,1759,0.801566316637707
50,1760,0.799702853113747
50,1761,0.745460955402785
50,1762,0.80589761023394
50,1763,0.775780010576415
50,1764,0.879227418095742
50,1765,0.793205912719398
50,1766,0.745511319281811
50,1767,0.786457152929919
50,1768,0.756792828183627
50,1769,0.765253959859988
50,1770,0.650373951801768
50,1771,0.796882475888293
50,1772,0.741633300596812
50,1773,0.755735186724082
50,1774,0.735891818387852
50,1775,0.739316562161618
50,1776,0.753368084409861
50,1777,0.772808541713883
50,1778,0.768678703633754
50,1779,0.797688297952708
50,1780,0.717811185817532
50,1781,0.796429200977059
50,1782,0.714537533680844
50,1783,0.691420513207927
50,1784,0.789831532824658
50,1785,0.774722369116869
50,1786,0.785449875349399
50,1787,0.742187303266098
50,1788,0.769635617335247
50,1789,0.750648434942459
50,1790,0.755584095087004
50,1791,0.693837979401174
50,1792,0.716904635995064
50,1793,0.722746845962076
50,1794,0.810732542620433
50,1795,0.776434741003752
50,1796,0.655762886857546
50,1797,0.79280300168719
50,1798,0.793357004356476
50,1799,0.759109566618821
50,1800,0.853390748155423
50,1801,0.737251643121553
50,1802,0.750598071063433
50,1803,0.771549444738234
50,1804,0.816826571982574
50,1805,0.70073783082773
50,1806,0.814862380700562
50,1807,0.75800156128025
50,1808,0.655561431341442
50,1809,0.84644053284984
50,1810,0.768628339754728
50,1811,0.785600966986477
50,1812,0.777996021253557
50,1813,0.767218151142001
50,1814,0.752108987434212
50,1815,0.80564579083881
50,1816,0.66830349273501
50,1817,0.755987006119211
50,1818,0.76560650701317
50,1819,0.797889753468812
50,1820,0.739618745435774
50,1821,0.720379743647856
50,1822,0.788572435849009
50,1823,0.809372717886732
50,1824,0.777341290826219
50,1825,0.662461282767999
50,1826,0.702198383319483
50,1827,0.702148019440457
50,1828,0.77321145274609
50,1829,0.767772153811287
50,1830,0.782629498123946
50,1831,0.81425801415225
50,1832,0.76323940469895
50,1833,0.82473370098965
50,1834,0.759713933167133
50,1835,0.740928206290449
50,1836,0.834353201883609
50,1837,0.732517438493113
50,1838,0.757145375336808
50,1839,0.736899095968371
50,1840,0.722293571050842
50,1841,0.793205912719398
50,1842,0.722998665357206
50,1843,0.661957643977739
50,1844,0.840648686761855
50,1845,0.761325577295963
50,1846,0.695097076376823
50,1847,0.8011634056055
50,1848,0.687441766764876
50,1849,0.774923824632973
50,1850,0.792500818413034
50,1851,0.695550351288056
50,1852,0.738309284581098
50,1853,0.725869406461686
50,1854,0.689506685804941
50,1855,0.73130870539649
50,1856,0.778247840648687
50,1857,0.816272569313289
50,1858,0.767067059504923
50,1859,0.796076653823877
50,1860,0.718919191156103
50,1861,0.789227166276347
50,1862,0.708544232076755
50,1863,0.748533152023369
50,1864,0.77134798922213
50,1865,0.696708720505653
50,1866,0.788370980332905
50,1867,0.823373876255949
50,1868,0.80277504973433
50,1869,0.729747425146685
50,1870,0.73130870539649
50,1871,0.759814660925184
50,1872,0.711163153786105
50,1873,0.654403062123845
50,1874,0.71458789755987
50,1875,0.761275213416937
50,1876,0.56888519553776
50,1877,0.775931102213492
50,1878,0.687492130643902
50,1879,0.752914809498628
50,1880,0.741431845080708
50,1881,0.761728488328171
50,1882,0.801767772153811
50,1883,0.743446400241747
50,1884,0.813250736571731
50,1885,0.759965752562262
50,1886,0.806552340661278
50,1887,0.758757019465639
50,1888,0.758203016796354
50,1889,0.77159980861726
50,1890,0.672433330815139
50,1891,0.786205333534789
50,1892,0.72506358439727
50,1893,0.756943919820705
50,1894,0.749792248999018
50,1895,0.838483039963738
50,1896,0.778852207196998
50,1897,0.786860063962126
50,1898,0.731913071944801
50,1899,0.691067966054746
50,1900,0.801113041726474
50,1901,0.698924731182796
50,1902,0.770793986552844
50,1903,0.783485684067387
50,1904,0.774369821963688
50,1905,0.759613205409081
50,1906,0.78993226058271
50,1907,0.71196897585052
50,1908,0.812344186749263
50,1909,0.804991060411473
50,1910,0.815366019490821
50,1911,0.718667371760973
50,1912,0.786406789050893
50,1913,0.701442925134094
50,1914,0.803580871798746
50,1915,0.863967162750875
50,1916,0.741129661806552
50,1917,0.74465513333837
50,1918,0.762584674271612
50,1919,0.653496512301378
50,1920,0.766865603988819
50,1921,0.690060688474226
50,1922,0.840094684092569
50,1923,0.70411221072247
50,1924,0.757900833522198
50,1925,0.765807962529274
50,1926,0.801364861121604
50,1927,0.757346830852912
50,1928,0.733021077283372
50,1929,0.8469441716401
50,1930,0.821208229457833
50,1931,0.742942761451487
50,1932,0.711314245423182
50,1933,0.782478406486868
50,1934,0.718566644002921
50,1935,0.728488328171036
50,1936,0.809624537281861
50,1937,0.836921759713933
50,1938,0.80403414670998
50,1939,0.738158192944021
50,1940,0.730351791694996
50,1941,0.707788773891365
50,1942,0.685578303240916
50,1943,0.834957568431921
50,1944,0.719473193825388
50,1945,0.785852786381607
50,1946,0.805746518596862
50,1947,0.749490065724862
50,1948,0.759462113772003
50,1949,0.781622220543426
50,1950,0.746014958072071
50,1951,0.696305809473446
50,1952,0.786608244566997
50,1953,0.774621641358818
50,1954,0.738863287250384
50,1955,0.785147692075244
50,1956,0.810682178741407
50,1957,0.770239983883559
50,1958,0.774974188511999
50,1959,0.825539523054066
50,1960,0.796127017702904
50,1961,0.808113620911083
50,1962,0.789378257913425
50,1963,0.771146533706026
50,1964,0.780917126237063
50,1965,0.696406537231497
50,1966,0.78232731484979
50,1967,0.842562514164841
50,1968,0.779506937624336
50,1969,0.830878094230818
50,1970,0.77084435043187
50,1971,0.752562262345446
50,1972,0.764448137795573
50,1973,0.786608244566997
50,1974,0.822316234796404
50,1975,0.808919442975498
50,1976,0.778801843317972
50,1977,0.805293243685629
50,1978,0.77945657374531
50,1979,0.80851653194329
50,1980,0.776686560398882
50,1981,0.783536047946413
50,1982,0.832389010601597
50,1983,0.735287451839541
50,1984,0.764599229432651
50,1985,0.703054569262925
50,1986,0.757346830852912
50,1987,0.699881644884289
50,1988,0.752058623555186
50,1989,0.711012062149027
50,1990,0.738510740097202
50,1991,0.775981466092519
50,1992,0.822517690312508
50,1993,0.781924403817582
50,1994,0.739467653798696
50,1995,0.736445821057138
50,1996,0.702097655561431
50,1997,0.718868827277077
50,1998,0.741079297927526
50,1999,0.715242627987208
50,2000,0.774269094205636
50,2001,0.75800156128025
50,2002,0.715595175140389
50,2003,0.713177708947143
50,2004,0.797990481226864
50,2005,0.799954672508877
50,2006,0.732618166251165
50,2007,0.854599481252046
50,2008,0.831633552416207
50,2009,0.620357079902294
50,2010,0.70073783082773
50,2011,0.730049608420841
50,2012,0.694996348618771
50,2013,0.779355845987258
50,2014,0.76611014580343
50,2015,0.713731711616429
50,2016,0.802271410944071
50,2017,0.822719145828612
50,2018,0.778197476769661
50,2019,0.783989322857647
50,2020,0.75825338067538
50,2021,0.812495278386341
50,2022,0.706882224068898
50,2023,0.791090629800307
50,2024,0.715695902898441
50,2025,0.763894135126287
50,2026,0.682506106620332
50,2027,0.736244365541034
50,2028,0.771096169827
50,2029,0.807005615572511
50,2030,0.768326156480572
50,2031,0.62040744378132
50,2032,0.759764297046159
50,2033,0.777996021253557
50,2034,0.796681020372189
50,2035,0.707839137770391
50,2036,0.778147112890635
50,2037,0.818236760595301
50,2038,0.750044068394148
50,2039,0.820603862909521
50,2040,0.780816398479011
50,2041,0.752612626224472
50,2042,0.771499080859208
50,2043,0.775931102213492
50,2044,0.781068217874141
50,2045,0.693888343280199
50,2046,0.741985847749994
50,2047,0.742892397572461
50,2048,0.81949585757095
50,2049,0.66880713152527
50,2050,0.769837072851351
50,2051,0.820603862909521
50,2052,0.8574198584775
50,2053,0.828561355795623
50,2054,0.753116265014732
50,2055,0.787615522147516
50,2056,0.799602125355695
50,2057,0.719775377099544
50,2058,0.772103447407519
50,2059,0.669915136863841
50,2060,0.80952380952381
50,2061,0.737956737427917
50,2062,0.798242300621994
50,2063,0.780413487446803
50,2064,0.676714260532346
50,2065,0.730099972299867
50,2066,0.787262974994334
50,2067,0.801767772153811
50,2068,0.78469441716401
50,2069,0.71745863866435
50,2070,0.732366346856035
50,2071,0.803379416282642
50,2072,0.755231547933822
50,2073,0.783082773035179
50,2074,0.746014958072071
50,2075,0.799753216992773
50,2076,0.793256276598424
50,2077,0.790939538163229
50,2078,0.726524136889023
50,2079,0.798443756138098
50,2080,0.672080783661958
50,2081,0.720279015889804
50,2082,0.853441112034449
50,2083,0.703457480295132
50,2084,0.769283070182066
50,2085,0.78968044118758
50,2086,0.775729646697389
50,2087,0.778046385132583
50,2088,0.790234443856866
50,2089,0.754073178716225
50,2090,0.825942434086273
50,2091,0.757044647578756
50,2092,0.803077233008486
50,2093,0.845030344237113
50,2094,0.666540756969102
50,2095,0.771901991891416
50,2096,0.764599229432651
50,2097,0.78207549545466
50,2098,0.79280300168719
50,2099,0.756289189393367
50,2100,0.79018407997784
50,2101,0.756037369998237
50,2102,0.816977663619652
50,2103,0.811437636926796
50,2104,0.671274961597542
50,2105,0.769988164488429
50,2106,0.81214273123316
50,2107,0.669109314799426
50,2108,0.68839868046637
50,2109,0.72843796429201
50,2110,0.697615270328121
50,2111,0.757850469643172
50,2112,0.75487900078064
50,2113,0.783536047946413
50,2114,0.713278436705195
50,2115,0.752058623555186
50,2116,0.7501447961522
50,2117,0.773060361109013
50,2118,0.746014958072071
50,2119,0.84145450882627
50,2120,0.755030092417718
50,2121,0.684017022991111
50,2122,0.812193095112186
50,2123,0.690413235627408
50,2124,0.825740978570169
50,2125,0.763843771247261
50,2126,0.791443176953489
50,2127,0.852685653849059
50,2128,0.758555563949535
50,2129,0.786054241897711
50,2130,0.83284228551283
50,2131,0.71458789755987
50,2132,0.72320012087331
50,2133,0.721941023897661
50,2134,0.801868499911863
50,2135,0.793306640477449
50,2136,0.752814081740576
50,2137,0.656165797889753
50,2138,0.75774974188512
50,2139,0.788622799728035
50,2140,0.702399838835587
50,2141,0.749993704515122
50,2142,0.769736345093299
50,2143,0.807609982120823
50,2144,0.761023394021808
50,2145,0.689355594167863
50,2146,0.813150008813679
50,2147,0.739014378887462
50,2148,0.734834176928307
50,2149,0.712321523003702
50,2150,0.756641736546549
50,2151,0.78731333887336
50,2152,0.841907783737504
50,2153,0.734783813049281
50,2154,0.732114527460905
50,2155,0.748835335297525
50,2156,0.761023394021808
50,2157,0.74153257283876
50,2158,0.788723527486087
50,2159,0.797386114678552
50,2160,0.79280300168719
50,2161,0.747727329958953
50,2162,0.73317216892045
50,2163,0.735740726750774
50,2164,0.743093853088565
50,2165,0.782982045277127
50,2166,0.762282490997457
50,2167,0.736748004331294
50,2168,0.778247840648687
50,2169,0.818740399385561
50,2170,0.780766034599985
50,2171,0.782025131575634
50,2172,0.742741305935383
50,2173,0.74777769383798
50,2174,0.770391075520637
50,2175,0.712875525672987
50,2176,0.725164312155322
50,2177,0.82186295988517
50,2178,0.829870816650298
50,2179,0.788572435849009
50,2180,0.685376847724812
50,2181,0.754324998111355
50,2182,0.781219309511219
50,2183,0.79491828460628
50,2184,0.745914230314019
50,2185,0.802422502581149
50,2186,0.743597491878825
50,2187,0.801264133363552
50,2188,0.773765455415376
50,2189,0.756893555941679
50,2190,0.735488907355645
50,2191,0.806350885145174
50,2192,0.730603611090126
50,2193,0.829115358464909
50,2194,0.746266777467201
50,2195,0.748936063055576
50,2196,0.748482788144343
50,2197,0.783536047946413
50,2198,0.775931102213492
50,2199,0.655007428672156
50,2200,0.678527360177281
50,2201,0.765757598650248
50,2202,0.665231296114427
50,2203,0.774017274810506
50,2204,0.748684243660447
50,2205,0.705874946488379
50,2206,0.671325325476568
50,2207,0.769534889577195
50,2208,0.775679282818363
50,2209,0.710458059479741
50,2210,0.731661252549671
50,2211,0.799299942081539
50,2212,0.801566316637707
50,2213,0.680541915338319
50,2214,0.770995442068948
50,2215,0.697867089723251
50,2216,0.722041751655713
50,2217,0.778096749011609
50,2218,0.813452192087835
50,2219,0.750900254337589
50,2220,0.813704011482964
50,2221,0.699831281005263
50,2222,0.738611467855254
50,2223,0.797033567525371
50,2224,0.790284807735892
50,2225,0.829719725013221
50,2226,0.744554405580318
50,2227,0.791896451864723
50,2228,0.747576238321875
50,2229,0.796580292614137
50,2230,0.800760494573292
50,2231,0.714890080834026
50,2232,0.796983203646345
50,2233,0.79778902571076
50,2234,0.717357910906298
50,2235,0.837878673415427
50,2236,0.721286293470323
50,2237,0.746720052378434
50,2238,0.763944499005313
50,2239,0.711817884213442
50,2240,0.726171589735842
50,2241,0.685628667119942
50,2242,0.788522071969983
50,2243,0.730452519453048
50,2244,0.695902898441238
50,2245,0.804235602226083
50,2246,0.711012062149027
50,2247,0.707839137770391
50,2248,0.775679282818363
50,2249,0.823071692981793
50,2250,0.818387852232379
50,2251,0.797386114678552
50,2252,0.859081866485357
50,2253,0.853743295308605
50,2254,0.817179119135756
50,2255,0.741985847749994
50,2256,0.760973030142782
50,2257,0.802221047065045
50,2258,0.773009997229987
50,2259,0.734884540807333
50,2260,0.791090629800307
50,2261,0.702047291682405
50,2262,0.732366346856035
50,2263,0.812646370023419
50,2264,0.74989297675707
50,2265,0.754677545264536
50,2266,0.733776535468762
50,2267,0.819848404724132
50,2268,0.826446072876533
50,2269,0.820603862909521
50,2270,0.752713353982524
50,2271,0.751000982095641
50,2272,0.833547379819194
50,2273,0.738712195613306
50,2274,0.836770668076855
50,2275,0.726121225856815
50,2276,0.703759663569288
50,2277,0.691773060361109
50,2278,0.76822542872252
50,2279,0.732315982977009
50,2280,0.771096169827
50,2281,0.794062098662839
50,2282,0.798443756138098
50,2283,0.697665634207147
50,2284,0.792752637808164
50,2285,0.758454836191483
50,2286,0.75513082017577
50,2287,0.783082773035179
50,2288,0.715796630656493
50,2289,0.774672005237843
50,2290,0.807559618241797
50,2291,0.798997758807383
50,2292,0.727581778348568
50,2293,0.811185817531666
50,2294,0.727329958953439
50,2295,0.801012313968422
50,2296,0.767218151142001
50,2297,0.793961370904787
50,2298,0.806300521266148
50,2299,0.763692679610184
50,2300,0.792752637808164
50,2301,0.716602452720909
50,2302,0.765556143134144
50,2303,0.785248419833296
50,2304,0.754375361990381
50,2305,0.74677041625746
50,2306,0.753519176046939
50,2307,0.815869658281081
50,2308,0.823424240134975
50,2309,0.727883961622724
50,2310,0.757397194731938
50,2311,0.740928206290449
50,2312,0.711314245423182
50,2313,0.749792248999018
50,2314,0.79229936289693
50,2315,0.735639998992722
50,2316,0.797889753468812
50,2317,0.691722696482083
50,2318,0.699478733852081
50,2319,0.759109566618821
50,2320,0.760973030142782
50,2321,0.790989902042255
50,2322,0.756289189393367
50,2323,0.727531414469543
50,2324,0.801818136032837
50,2325,0.75462718138551
50,2326,0.772959633350961
50,2327,0.786457152929919
50,2328,0.809070534612576
50,2329,0.785349147591347
50,2330,0.790637354889074
50,2331,0.830424819319584
50,2332,0.753871723200121
50,2333,0.724408853969933
50,2334,0.82312205686082
50,2335,0.776132557729596
50,2336,0.786205333534789
50,2337,0.704716577270781
50,2338,0.762534310392586
50,2339,0.772858905592909
50,2340,0.748029513233109
50,2341,0.73105688600136
50,2342,0.775780010576415
50,2343,0.744000402911032
50,2344,0.785903150260633
50,2345,0.672483694694165
50,2346,0.676260985621113
50,2347,0.757044647578756
50,2348,0.757850469643172
50,2349,0.740978570169474
50,2350,0.733474352194606
50,2351,0.741885119991942
50,2352,0.786960791720178
50,2353,0.681498829039813
50,2354,0.77970839314044
50,2355,0.646042658205535
50,2356,0.805343607564655
50,2357,0.786658608446023
50,2358,0.737503462516683
50,2359,0.782679862002972
50,2360,0.724408853969933
50,2361,0.774823096874921
50,2362,0.755231547933822
50,2363,0.748230968749213
50,2364,0.785147692075244
50,2365,0.730855430485256
50,2366,0.792148271259853
50,2367,0.786104605776737
50,2368,0.758051925159276
50,2369,0.772405630681675
50,2370,0.77134798922213
50,2371,0.789630077308554
50,2372,0.750295887789278
50,2373,0.792248999017904
50,2374,0.704565485633703
50,2375,0.721185565712271
50,2376,0.770038528367455
50,2377,0.751303165369797
50,2378,0.816826571982574
50,2379,0.827906625368286
50,2380,0.76611014580343
50,2381,0.758908111102717
50,2382,0.7868097000831
50,2383,0.787464430510438
50,2384,0.825186975900884
50,2385,0.838986678753998
50,2386,0.802926141371408
50,2387,0.782982045277127
50,2388,0.745058044370577
50,2389,0.802472866460175
50,2390,0.743849311273954
50,2391,0.780363123567777
50,2392,0.751756440281031
50,2393,0.725667950945582
50,2394,0.745058044370577
50,2395,0.755886278361159
50,2396,0.697715998086173
50,2397,0.629724761401123
50,2398,0.68814686107124
50,2399,0.694492709828511
50,2400,0.760771574626678
50,2401,0.671828964266828
50,2402,0.682606834378384
50,2403,0.689405958046889
50,2404,0.821913323764196
50,2405,0.793256276598424
50,2406,0.774672005237843
50,2407,0.741985847749994
50,2408,0.621616176877943
50,2409,0.811941275717056
50,2410,0.751051345974667
50,2411,0.768023973206416
50,2412,0.804739241016343
50,2413,0.802825413613357
50,2414,0.787766613784594
50,2415,0.73292034952532
50,2416,0.729999244541815
50,2417,0.692578882425524
50,2418,0.805142152048551
50,2419,0.733625443831684
50,2420,0.825942434086273
50,2421,0.776938379794012
50,2422,0.792450454534008
50,2423,0.787212611115308
50,2424,0.768326156480572
50,2425,0.768577975875702
50,2426,0.723401576389414
50,2427,0.754324998111355
50,2428,0.765203595980962
50,2429,0.744352950064214
50,2430,0.802523230339201
50,2431,0.782125859333686
50,2432,0.76087230238473
50,2433,0.764498501674599
50,2434,0.680693006975397
50,2435,0.827453350457052
50,2436,0.665382387751505
50,2437,0.723099393115258
50,2438,0.786104605776737
50,2439,0.773412908262194
50,2440,0.71222079524565
50,2441,0.707335498980131
50,2442,0.806099065750044
50,2443,0.783485684067387
50,2444,0.821812596006144
50,2445,0.768275792601546
50,2446,0.752662990103498
50,2447,0.780816398479011
50,2448,0.802422502581149
50,2449,0.744352950064214
50,2450,0.768527611996676
50,2451,0.806300521266148
50,2452,0.788119160937775
50,2453,0.796983203646345
50,2454,0.658180353050792
50,2455,0.763289768577976
50,2456,0.788018433179724
50,2457,0.776888015914986
50,2458,0.706580040794742
50,2459,0.699478733852081
50,2460,0.731963435823827
50,2461,0.706630404673768
50,2462,0.683614111958903
50,2463,0.770642894915767
50,2464,0.776636196519856
50,2465,0.783838231220569
50,2466,0.766714512351741
50,2467,0.821560776611015
50,2468,0.723149756994284
50,2469,0.755584095087004
50,2470,0.72868978368714
50,2471,0.76847724811765
50,2472,0.763289768577976
50,2473,0.730099972299867
50,2474,0.833144468786986
50,2475,0.76560650701317
50,2476,0.794162826420891
50,2477,0.726121225856815
50,2478,0.717055727632142
50,2479,0.754324998111355
50,2480,0.7906877187681
50,2481,0.7410289340485
50,2482,0.806552340661278
50,2483,0.816020749918159
50,2484,0.754274634232329
50,2485,0.720883382438115
50,2486,0.788975346881217
50,2487,0.795019012364332
50,2488,0.794162826420891
50,2489,0.741431845080708
50,2490,0.825136612021858
50,2491,0.77084435043187
50,2492,0.749087154692654
50,2493,0.815970386039133
50,2494,0.829115358464909
50,2495,0.845231799753217
50,2496,0.809825992797965
50,2497,0.759663569288107
50,2498,0.797486842436605
50,2499,0.708242048802599
50,2500,0.785298783712322
50,2501,0.753569539925965
50,2502,0.736445821057138
50,2503,0.772355266802649
50,2504,0.80927199012868
50,2505,0.74938933796681
50,2506,0.794213190299917
50,2507,0.7606204829896
50,2508,0.829417541739065
50,2509,0.743446400241747
50,2510,0.77658583264083
50,2511,0.706076402004482
50,2512,0.75724610309486
50,2513,0.768779431391806
50,2514,0.789982624461736
50,2515,0.72581904258266
50,2516,0.783586411825439
50,2517,0.75301553725668
50,2518,0.797033567525371
50,2519,0.761073757900834
50,2520,0.724610309486037
50,2521,0.790536627131022
50,2522,0.853390748155423
50,2523,0.832288282843545
50,2524,0.777341290826219
50,2525,0.811739820200952
50,2526,0.651179773866183
50,2527,0.729193422477399
50,2528,0.777391654705246
50,2529,0.746166049709149
50,2530,0.778499660043817
50,2531,0.724811765002141
50,2532,0.759210294376873
50,2533,0.753216992772783
50,2534,0.787867341542646
50,2535,0.724308126211881
50,2536,0.71458789755987
50,2537,0.800710130694266
50,2538,0.826093525723351
50,2539,0.741079297927526
50,2540,0.713983531011559
50,2541,0.780413487446803
50,2542,0.718163732970713
50,2543,0.872529022185289
50,2544,0.722746845962076
50,2545,0.717408274785324
50,2546,0.738057465185969
50,2547,0.780010576414595
50,2548,0.824129334441339
50,2549,0.794414645816021
50,2550,0.700838558585782
50,2551,0.755181184054796
50,2552,0.7763340132457
50,2553,0.740273475863111
50,2554,0.817984941200171
50,2555,0.823222784618871
50,2556,0.723502304147465
50,2557,0.806552340661278
50,2558,0.733826899347788
50,2559,0.729042330840321
50,2560,0.790284807735892
50,2561,0.762483946513561
50,2562,0.745662410918889
50,2563,0.789478985671476
50,2564,0.720732290801038
50,2565,0.710105512326559
50,2566,0.812495278386341
50,2567,0.814711289063484
50,2568,0.800508675178162
50,2569,0.788270252574853
50,2570,0.818841127143613
50,2571,0.718768099519025
50,2572,0.733021077283372
50,2573,0.663972199138778
50,2574,0.742892397572461
50,2575,0.79854448389615
50,2576,0.792148271259853
50,2577,0.699579461610133
50,2578,0.76797360932739
50,2579,0.778096749011609
50,2580,0.742892397572461
50,2581,0.825438795296014
50,2582,0.751353529248823
50,2583,0.792047543501801
50,2584,0.779053662713102
50,2585,0.7305532472111
50,2586,0.739014378887462
50,2587,0.68452066178137
50,2588,0.747072599531616
50,2589,0.82448188159452
50,2590,0.788219888695827
50,2591,0.729797789025711
50,2592,0.739115106645514
50,2593,0.78756515826849
50,2594,0.771096169827
50,2595,0.780010576414595
50,2596,0.741079297927526
50,2597,0.779355845987258
50,2598,0.751252801490771
50,2599,0.725113948276296
50,2600,0.788673163607061
50,2601,0.741582936717786
50,2602,0.705220216061041
50,2603,0.75301553725668
50,2604,0.777895293495505
50,2605,0.74913751857168
50,2606,0.762937221424794
50,2607,0.759059202739795
50,2608,0.805696154717836
50,2609,0.794867920727254
50,2610,0.869960464354965
50,2611,0.700083100400393
50,2612,0.743597491878825
50,2613,0.778449296164791
50,2614,0.73866183173428
50,2615,0.804789604895369
50,2616,0.753317720530835
50,2617,0.742136939387072
50,2618,0.70360857193221
50,2619,0.792500818413034
50,2620,0.722394298808894
50,2621,0.747828057717005
50,2622,0.682959381531566
50,2623,0.798494120017124
50,2624,0.731913071944801
50,2625,0.771096169827
50,2626,0.760469391352522
50,2627,0.892322026642492
50,2628,0.72793432550175
50,2629,0.745158772128629
50,2630,0.807710709878875
50,2631,0.792651910050112
50,2632,0.731107249880386
50,2633,0.754476089748432
50,2634,0.800206491904006
50,2635,0.805595426959784
50,2636,0.726977411800257
50,2637,0.75825338067538
50,2638,0.762685402029664
50,2639,0.761728488328171
50,2640,0.890458563118531
50,2641,0.769736345093299
50,2642,0.771045805947974
50,2643,0.771247261464078
50,2644,0.80589761023394
50,2645,0.830424819319584
50,2646,0.640603359270731
50,2647,0.836669940318803
50,2648,0.69363652388507
50,2649,0.760167208078366
50,2650,0.777844929616479
50,2651,0.812847825539523
50,2652,0.836367757044648
50,2653,0.848908362922112
50,2654,0.75825338067538
50,2655,0.797637934073682
50,2656,0.757850469643172
50,2657,0.757346830852912
50,2658,0.809876356676991
50,2659,0.864873712573342
50,2660,0.791543904711541
50,2661,0.734129082621944
50,2662,0.801465588879656
50,2663,0.778650751680894
50,2664,0.758203016796354
50,2665,0.835763390496336
50,2666,0.725919770340712
50,2667,0.713278436705195
50,2668,0.774873460753947
50,2669,0.772002719649467
50,2670,0.75251189846642
50,2671,0.735639998992722
50,2672,0.833497015940168
50,2673,0.797335750799527
50,2674,0.772607086197779
50,2675,0.820906046183677
50,2676,0.746367505225253
50,2677,0.772707813955831
50,2678,0.737704918032787
50,2679,0.809674901160887
50,2680,0.734229810379996
50,2681,0.771398353101156
50,2682,0.721689204502531
50,2683,0.723955579058699
50,2684,0.724761401123114
50,2685,0.760721210747652
50,2686,0.754929364659666
50,2687,0.751152073732719
50,2688,0.72506358439727
50,2689,0.715645539019415
50,2690,0.771247261464078
50,2691,0.757951197401224
50,2692,0.686988491853643
50,2693,0.691974515877213
50,2694,0.720379743647856
50,2695,0.740928206290449
50,2696,0.780363123567777
50,2697,0.807761073757901
50,2698,0.755886278361159
50,2699,0.746568960741356
50,2700,0.692175971393317
50,2701,0.683311928684747
50,2702,0.741129661806552
50,2703,0.812948553297575
50,2704,0.805293243685629
50,2705,0.686031578152149
50,2706,0.747425146684798
50,2707,0.831583188537181
50,2708,0.773815819294402
50,2709,0.685880486515071
50,2710,0.738561103976228
50,2711,0.812495278386341
50,2712,0.738107829064995
50,2713,0.789881896703684
50,2714,0.773312180504142
50,2715,0.839490317544257
50,2716,0.801012313968422
50,2717,0.844526705446853
50,2718,0.68452066178137
50,2719,0.784492961647906
50,2720,0.773110724988039
50,2721,0.794968648485306
50,2722,0.785651330865503
50,2723,0.751101709853693
50,2724,0.761678124449145
50,2725,0.813200372692705
50,2726,0.761224849537911
50,2727,0.773866183173428
50,2728,0.805142152048551
50,2729,0.751756440281031
50,2730,0.842612878043867
50,2731,0.75513082017577
50,2732,0.752108987434212
50,2733,0.69625544559442
50,2734,0.751957895797134
50,2735,0.749187882450706
50,2736,0.800861222331344
50,2737,0.800508675178162
50,2738,0.760016116441288
50,2739,0.77059253103674
50,2740,0.785953514139659
50,2741,0.729848152904737
50,2742,0.774520913600766
50,2743,0.737654554153761
50,2744,0.710760242753897
50,2745,0.669965500742867
50,2746,0.788471708090957
50,2747,0.67903099896754
50,2748,0.739769837072851
50,2749,0.759562841530055
50,2750,0.693787615522148
50,2751,0.765908690287326
50,2752,0.804638513258291
50,2753,0.785701694744529
50,2754,0.717357910906298
50,2755,0.759311022134925
50,2756,0.795371559517514
50,2757,0.76036866359447
50,2758,0.702198383319483
50,2759,0.76298758530382
50,2760,0.79043589937297
50,2761,0.789478985671476
50,2762,0.66044672760696
50,2763,0.7815718566644
50,2764,0.793860643146735
50,2765,0.766513056835638
50,2766,0.719624285462466
50,2767,0.713026617310065
50,2768,0.824532245473546
50,2769,0.709702601294352
50,2770,0.722746845962076
50,2771,0.76273576590869
50,2772,0.668051673339881
50,2773,0.74389967515298
50,2774,0.684319206265267
50,2775,0.791392813074463
50,2776,0.715746266777467
50,2777,0.740424567500189
50,2778,0.751504620885901
50,2779,0.781168945632193
50,2780,0.798645211654202
50,2781,0.743396036362721
50,2782,0.77346327214122
50,2783,0.755281911812848
50,2784,0.779305482108232
50,2785,0.795522651154592
50,2786,0.823021329102767
50,2787,0.713882803253507
50,2788,0.797839389589786
50,2789,0.701442925134094
50,2790,0.825640250812117
50,2791,0.812092367354134
50,2792,0.653748331696507
50,2793,0.721890660018635
50,2794,0.763642315731158
50,2795,0.788975346881217
50,2796,0.738107829064995
50,2797,0.806048701871018
50,2798,0.647251391302158
50,2799,0.799551761476669
50,2800,0.761023394021808
50,2801,0.770239983883559
50,2802,0.711213517665131
50,2803,0.794968648485306
50,2804,0.766261237440508
50,2805,0.713630983858377
50,2806,0.780111304172647
50,2807,0.786205333534789
50,2808,0.646093022084561
50,2809,0.712976253431039
50,2810,0.782780589761023
50,2811,0.789630077308554
50,2812,0.724459217848959
50,2813,0.747122963410642
50,2814,0.675052252524489
50,2815,0.823676059530105
50,2816,0.722142479413764
50,2817,0.756792828183627
50,2818,0.764851048827781
50,2819,0.787615522147516
50,2820,0.771650172496286
50,2821,0.757649014127068
50,2822,0.811488000805822
50,2823,0.70360857193221
50,2824,0.759512477651029
50,2825,0.796781748130241
50,2826,0.748583515902395
50,2827,0.770391075520637
50,2828,0.728589055929088
50,2829,0.740374203621163
50,2830,0.789025710760243
50,2831,0.796227745460955
50,2832,0.806199793508096
50,2833,0.789881896703684
50,2834,0.741985847749994
50,2835,0.771398353101156
50,2836,0.769283070182066
50,2837,0.771700536375312
50,2838,0.789730805066606
50,2839,0.750346251668303
50,2840,0.682103195588124
50,2841,0.821913323764196
50,2842,0.807861801515953
50,2843,0.719271738309285
50,2844,0.762433582634535
50,2845,0.759562841530055
50,2846,0.77059253103674
50,2847,0.839188134270102
50,2848,0.74964115736194
50,2849,0.761527032812067
50,2850,0.826446072876533
50,2851,0.723603031905517
50,2852,0.829266450101987
50,2853,0.859686233033668
50,2854,0.720480471405908
50,2855,0.757800105764146
50,2856,0.730452519453048
50,2857,0.71408425876961
50,2858,0.795119740122384
50,2859,0.769736345093299
50,2860,0.779406209866284
50,2861,0.747979149354083
50,2862,0.776132557729596
50,2863,0.799249578202513
50,2864,0.73030142781597
50,2865,0.732265619097983
50,2866,0.749993704515122
50,2867,0.819395129812898
50,2868,0.743748583515902
50,2869,0.761929943844275
50,2870,0.801062677847448
50,2871,0.853944750824709
50,2872,0.704867668907859
50,2873,0.795069376243358
50,2874,0.817783485684067
50,2875,0.8469441716401
50,2876,0.801364861121604
50,2877,0.572813578101785
50,2878,0.733474352194606
50,2879,0.806048701871018
50,2880,0.789176802397321
50,2881,0.76112412177986
50,2882,0.747576238321875
50,2883,0.720933746317141
50,2884,0.772002719649467
50,2885,0.7449069527335
50,2886,0.780212031930699
50,2887,0.805192515927577
50,2888,0.732467074614087
50,2889,0.756087733877263
50,2890,0.829165722343935
50,2891,0.730251063936945
50,2892,0.690312507869356
50,2893,0.793961370904787
50,2894,0.770038528367455
50,2895,0.755684822845055
50,2896,0.704263302359548
50,2897,0.806552340661278
50,2898,0.793155548840372
50,2899,0.795975926065826
50,2900,0.781219309511219
50,2901,0.763843771247261
50,2902,0.644582105713782
50,2903,0.784845508801088
50,2904,0.844677797083931
50,2905,0.772455994560701
50,2906,0.807257434967641
50,2907,0.745914230314019
50,2908,0.720681926922012
50,2909,0.735237087960515
50,2910,0.80403414670998
50,2911,0.81999949636121
50,2912,0.737503462516683
50,2913,0.757447558610964
50,2914,0.778147112890635
50,2915,0.801818136032837
50,2916,0.708695323713832
50,2917,0.793357004356476
50,2918,0.791946815743749
50,2919,0.750698798821485
50,2920,0.655561431341442
50,2921,0.838634131600816
50,2922,0.821258593336859
50,2923,0.729042330840321
50,2924,0.741582936717786
50,2925,0.724912492760192
50,2926,0.77159980861726
50,2927,0.728991966961295
50,2928,0.692528518546498
50,2929,0.86552844300068
50,2930,0.739820200951877
50,2931,0.75825338067538
50,2932,0.800055400266929
50,2933,0.753468812167913
50,2934,0.783536047946413
50,2935,0.757598650248042
50,2936,0.805393971443681
50,2937,0.810480723225303
50,2938,0.809120898491602
50,2939,0.76298758530382
50,2940,0.775880738334467
50,2941,0.781773312180504
50,2942,0.746317141346227
50,2943,0.802221047065045
50,2944,0.762332854876483
50,2945,0.746014958072071
50,2946,0.781219309511219
50,2947,0.761174485658885
50,2948,0.804739241016343
50,2949,0.786255697413815
50,2950,0.731510160912594
50,2951,0.765707234771222
50,2952,0.764045226763365
50,2953,0.807861801515953
50,2954,0.755483367328952
50,2955,0.73891365112941
50,2956,0.721890660018635
50,2957,0.768426884238624
50,2958,0.569439198207046
50,2959,0.824834428747702
50,2960,0.650776862833976
50,2961,0.816272569313289
50,2962,0.73030142781597
50,2963,0.791543904711541
50,2964,0.781068217874141
50,2965,0.752965173377654
50,2966,0.680844098612475
50,2967,0.841253053310166
50,2968,0.73891365112941
50,2969,0.847800357583541
50,2970,0.820704590667573
50,2971,0.812948553297575
50,2972,0.793961370904787
50,2973,0.829719725013221
50,2974,0.825539523054066
50,2975,0.772455994560701
50,2976,0.753368084409861
50,2977,0.774118002568558
50,2978,0.753720631563043
50,2979,0.722545390445972
50,2980,0.809574173402836
50,2981,0.694643801465589
50,2982,0.799551761476669
50,2983,0.766412329077586
50,2984,0.735438543476619
50,2985,0.721387021228375
50,2986,0.802120319306993
50,2987,0.733877263226814
50,2988,0.775276371786155
50,2989,0.715041172471104
50,2990,0.805746518596862
50,2991,0.743698219636876
50,2992,0.684067386870137
50,2993,0.744252222306162
50,2994,0.716098813930649
50,2995,0.708040593286495
50,2996,0.794364281936995
50,2997,0.773916547052454
50,2998,0.665583843267608
50,2999,0.720127924252726
50,3000,0.814711289063484
50,3001,0.768275792601546
50,3002,0.800961950089396
50,3003,0.812444914507315
50,3004,0.700334919795523
50,3005,0.727883961622724
50,3006,0.76273576590869
50,3007,0.818891491022638
50,3008,0.743496764120773
50,3009,0.7200775603737
50,3010,0.749792248999018
50,3011,0.641912820125406
50,3012,0.759411749892977
50,3013,0.691571604845005
50,3014,0.776988743673038
50,3015,0.790385535493944
50,3016,0.754929364659666
50,3017,0.769534889577195
50,3018,0.817984941200171
50,3019,0.80403414670998
50,3020,0.742842033693435
50,3021,0.718516280123895
50,3022,0.759109566618821
50,3023,0.803429780161668
50,3024,0.79305482108232
50,3025,0.777290926947193
50,3026,0.770743622673818
50,3027,0.644279922439626
50,3028,0.799148850444461
50,3029,0.781874039938556
50,3030,0.762282490997457
50,3031,0.755584095087004
50,3032,0.705320943819093
50,3033,0.821157865578807
50,3034,0.783334592430309
50,3035,0.822970965223742
50,3036,0.742539850419279
50,3037,0.7357910906298
50,3038,0.753720631563043
50,3039,0.791644632469593
50,3040,0.721336657349349
50,3041,0.729646697388633
50,3042,0.868499911863212
50,3043,0.730200700057918
50,3044,0.854347661856916
50,3045,0.729294150235451
50,3046,0.715292991866234
50,3047,0.767772153811287
50,3048,0.730049608420841
50,3049,0.764397773916547
50,3050,0.76535468761804
50,3051,0.832086827327441
50,3052,0.783183500793231
50,3053,0.740525295258241
50,3054,0.730956158243308
50,3055,0.764699957190703
50,3056,0.662964921558258
50,3057,0.804537785500239
50,3058,0.780161668051673
50,3059,0.742489486540253
50,3060,0.823222784618871
50,3061,0.853138928760293
50,3062,0.729999244541815
50,3063,0.776132557729596
50,3064,0.686434489184357
50,3065,0.796127017702904
50,3066,0.797688297952708
50,3067,0.751504620885901
50,3068,0.792450454534008
50,3069,0.709450781899222
50,3070,0.791795724106671
50,3071,0.786104605776737
50,3072,0.744201858427136
50,3073,0.698471456271562
50,3074,0.761829216086223
50,3075,0.786205333534789
50,3076,0.751152073732719
50,3077,0.701996927803379
50,3078,0.778852207196998
50,3079,0.790738082647125
50,3080,0.771398353101156
50,3081,0.72345194026844
50,3082,0.664022563017804
50,3083,0.76847724811765
50,3084,0.816675480345496
50,3085,0.721941023897661
50,3086,0.72818614489688
50,3087,0.810581450983355
50,3088,0.793860643146735
50,3089,0.697262723174939
50,3090,0.804638513258291
50,3091,0.752814081740576
50,3092,0.664878748961245
50,3093,0.767016695625897
50,3094,0.807055979451537
50,3095,0.781521492785374
50,3096,0.743446400241747
50,3097,0.702399838835587
50,3098,0.790335171614918
50,3099,0.725617587066556
50,3100,0.806300521266148
50,3101,0.71146533706026
50,3102,0.772204175165571
50,3103,0.780010576414595
50,3104,0.775377099544207
50,3105,0.762030671602327
50,3106,0.756037369998237
50,3107,0.793810279267709
50,3108,0.80040794742011
50,3109,0.825892070207247
50,3110,0.767570698295183
50,3111,0.736345093299086
50,3112,0.804437057742187
50,3113,0.805494699201732
50,3114,0.687341039006824
50,3115,0.720178288131752
50,3116,0.77608219385057
50,3117,0.772858905592909
50,3118,0.792047543501801
50,3119,0.784795144922062
50,3120,0.756289189393367
50,3121,0.726775956284153
50,3122,0.716803908237012
50,3123,0.810581450983355
50,3124,0.809775628918939
50,3125,0.804739241016343
50,3126,0.807509254362771
50,3127,0.689003047014681
50,3128,0.822970965223742
50,3129,0.75200825967616
50,3130,0.760670846868626
50,3131,0.782125859333686
50,3132,0.754123542595251
50,3133,0.710055148447533
50,3134,0.733373624436554
50,3135,0.78731333887336
50,3136,0.732668530130191
50,3137,0.82548915917504
50,3138,0.784996600438166
50,3139,0.821762232127119
50,3140,0.736445821057138
50,3141,0.786860063962126
50,3142,0.80302686912946
50,3143,0.734129082621944
50,3144,0.728589055929088
50,3145,0.761627760570119
50,3146,0.803681599556798
50,3147,0.781420765027322
50,3148,0.774672005237843
50,3149,0.747173327289668
50,3150,0.808365440306212
50,3151,0.731409433154542
50,3152,0.791443176953489
50,3153,0.829719725013221
50,3154,0.764851048827781
50,3155,0.769383797940117
50,3156,0.788421344211931
50,3157,0.721437385107401
50,3158,0.794968648485306
50,3159,0.786860063962126
50,3160,0.786205333534789
50,3161,0.708947143108962
50,3162,0.799652489234721
50,3163,0.680894462491501
50,3164,0.773513636020246
50,3165,0.798443756138098
50,3166,0.70360857193221
50,3167,0.770743622673818
50,3168,0.811840547959004
50,3169,0.810027448314069
50,3170,0.791594268590567
50,3171,0.713127345068117
50,3172,0.757850469643172
50,3173,0.775477827302259
50,3174,0.756440281030445
50,3175,0.773765455415376
50,3176,0.745309863765707
50,3177,0.808063257032057
50,3178,0.728085417138828
50,3179,0.768577975875702
50,3180,0.823827151167183
50,3181,0.794767192969203
50,3182,0.701694744529224
50,3183,0.793558459872579
50,3184,0.755987006119211
50,3185,0.723653395784543
50,3186,0.69549998740903
50,3187,0.719372466067337
50,3188,0.835511571101206
50,3189,0.815265291732769
50,3190,0.800458311299136
50,3191,0.762030671602327
50,3192,0.794213190299917
50,3193,0.69625544559442
50,3194,0.74989297675707
50,3195,0.751051345974667
50,3196,0.852131651179774
50,3197,0.725970134219738
50,3198,0.752461534587394
50,3199,0.764347410037521
50,3200,0.79280300168719
50,3201,0.697514542570069
50,3202,0.82261841807056
50,3203,0.740726750774345
50,3204,0.820352043514392
50,3205,0.77608219385057
50,3206,0.71745863866435
50,3207,0.782377678728816
50,3208,0.772455994560701
50,3209,0.811034725894589
50,3210,0.789227166276347
50,3211,0.792752637808164
50,3212,0.764750321069729
50,3213,0.775880738334467
50,3214,0.765908690287326
50,3215,0.677217899322606
50,3216,0.728941603082269
50,3217,0.733272896678502
50,3218,0.760318299715444
50,3219,0.826748256150689
50,3220,0.635012968698849
50,3221,0.761174485658885
50,3222,0.756843192062653
50,3223,0.71957392158344
50,3224,0.725667950945582
50,3225,0.774823096874921
50,3226,0.732517438493113
50,3227,0.758908111102717
50,3228,0.698723275666692
50,3229,0.809574173402836
50,3230,0.796529928735111
50,3231,0.658986175115207
50,3232,0.801062677847448
50,3233,0.780413487446803
50,3234,0.763793407368236
50,3235,0.716300269446753
50,3236,0.804588149379265
50,3237,0.782428042607842
50,3238,0.767419606658105
50,3239,0.69837072851351
50,3240,0.733323260557528
50,3241,0.733977990984866
50,3242,0.808214348669135
50,3243,0.749540429603888
50,3244,0.848354360252827
50,3245,0.752914809498628
50,3246,0.782377678728816
50,3247,0.745058044370577
50,3248,0.725516859308504
50,3249,0.781622220543426
50,3250,0.756792828183627
50,3251,0.83047518319861
50,3252,0.748482788144343
50,3253,0.736999823726423
50,3254,0.75563445896603
50,3255,0.659540177784493
50,3256,0.768376520359598
50,3257,0.827000075545818
50,3258,0.78968044118758
50,3259,0.760519755231548
50,3260,0.74989297675707
50,3261,0.71796227745461
50,3262,0.804940696532447
50,3263,0.751303165369797
50,3264,0.764196318400443
50,3265,0.7410289340485
50,3266,0.785802422502581
50,3267,0.737201279242527
50,3268,0.781773312180504
50,3269,0.793810279267709
50,3270,0.729545969630581
50,3271,0.736395457178112
50,3272,0.716098813930649
50,3273,0.73292034952532
50,3274,0.826244617360429
50,3275,0.706378585278638
50,3276,0.735639998992722
50,3277,0.737704918032787
50,3278,0.790838810405177
50,3279,0.66407292689683
50,3280,0.75774974188512
50,3281,0.821308957215885
50,3282,0.77658583264083
50,3283,0.806703432298356
50,3284,0.707637682254287
50,3285,0.750094432273174
50,3286,0.772355266802649
50,3287,0.768326156480572
50,3288,0.740877842411423
50,3289,0.721185565712271
50,3290,0.71222079524565
50,3291,0.740424567500189
50,3292,0.782679862002972
50,3293,0.76611014580343
50,3294,0.69026214399033
50,3295,0.729848152904737
50,3296,0.816121477676211
50,3297,0.679383546120722
50,3298,0.830273727682506
50,3299,0.774823096874921
50,3300,0.751554984764927
50,3301,0.761325577295963
50,3302,0.704968396665911
50,3303,0.794515373574073
50,3304,0.702953841504873
50,3305,0.778902571076024
50,3306,0.77447054972174
50,3307,0.636020246279368
50,3308,0.778902571076024
50,3309,0.812847825539523
50,3310,0.765153232101937
50,3311,0.788622799728035
50,3312,0.777693837979401
50,3313,0.797134295283423
50,3314,0.811790184079978
50,3315,0.758505200070509
50,3316,0.824784064868676
50,3317,0.666792576364232
50,3318,0.751806804160056
50,3319,0.659640905542545
50,3320,0.712724434035909
50,3321,0.810933998136537
50,3322,0.802523230339201
50,3323,0.802825413613357
50,3324,0.788572435849009
50,3325,0.77346327214122
50,3326,0.781521492785374
50,3327,0.724711037244089
50,3328,0.70884641535091
50,3329,0.77421873032661
50,3330,0.765052504343885
50,3331,0.789781168945632
50,3332,0.739971292588955
50,3333,0.675606255193775
50,3334,0.723300848631362
50,3335,0.729646697388633
50,3336,0.822668781949586
50,3337,0.7501447961522
50,3338,0.727128503437335
50,3339,0.823021329102767
50,3340,0.804336329984135
50,3341,0.75226007907129
50,3342,0.83621666540757
50,3343,0.769131978544988
50,3344,0.70098965022286
50,3345,0.640150084359497
50,3346,0.797738661831734
50,3347,0.757951197401224
50,3348,0.764448137795573
50,3349,0.839288862028153
50,3350,0.713731711616429
50,3351,0.732517438493113
50,3352,0.751152073732719
50,3353,0.786054241897711
50,3354,0.785550603107451
50,3355,0.670318047896049
50,3356,0.766311601319534
50,3357,0.790385535493944
50,3358,0.755281911812848
50,3359,0.827453350457052
50,3360,0.778348568406739
50,3361,0.785449875349399
50,3362,0.787414066631412
50,3363,0.779809120898492
50,3364,0.774974188511999
50,3365,0.718465916244869
50,3366,0.77346327214122
50,3367,0.778046385132583
50,3368,0.773161088867065
50,3369,0.783485684067387
50,3370,0.774269094205636
50,3371,0.749691521240966
50,3372,0.777844929616479
50,3373,0.798745939412254
50,3374,0.726977411800257
50,3375,0.778550023922842
50,3376,0.772002719649467
50,3377,0.853894386945683
50,3378,0.796781748130241
50,3379,0.815517111127899
50,3380,0.775074916270051
50,3381,0.821308957215885
50,3382,0.797537206315631
50,3383,0.762635038150638
50,3384,0.752209715192264
50,3385,0.83596484601244
50,3386,0.776636196519856
50,3387,0.742136939387072
50,3388,0.789630077308554
50,3389,0.766613784593689
50,3390,0.775880738334467
50,3391,0.741331117322656
50,3392,0.730956158243308
50,3393,0.809171262370628
50,3394,0.664979476719297
50,3395,0.722897937599154
50,3396,0.81450983354738
50,3397,0.819949132482184
50,3398,0.761829216086223
50,3399,0.707285135101105
50,3400,0.73130870539649
50,3401,0.817984941200171
50,3402,0.831734280174259
50,3403,0.719624285462466
50,3404,0.717257183148246
50,3405,0.747979149354083
50,3406,0.73841001233915
50,3407,0.767318878900053
50,3408,0.732366346856035
50,3409,0.731510160912594
50,3410,0.693334340610914
50,3411,0.729193422477399
50,3412,0.707536954496235
50,3413,0.728236508775906
50,3414,0.72058119916396
50,3415,0.786406789050893
50,3416,0.816524388708418
50,3417,0.7253154037924
50,3418,0.819848404724132
50,3419,0.677066807685528
50,3420,0.744554405580318
50,3421,0.768577975875702
50,3422,0.713177708947143
50,3423,0.792047543501801
50,3424,0.747878421596031
50,3425,0.788622799728035
50,3426,0.844274886051724
50,3427,0.782629498123946
50,3428,0.724207398453829
50,3429,0.751202437611745
50,3430,0.797436478557578
50,3431,0.751202437611745
50,3432,0.757800105764146
50,3433,0.811689456321926
50,3434,0.780010576414595
50,3435,0.77945657374531
50,3436,0.746317141346227
50,3437,0.791493540832515
50,3438,0.772405630681675
50,3439,0.671828964266828
50,3440,0.777290926947193
50,3441,0.660144544332805
50,3442,0.778600387801869
50,3443,0.732215255218957
50,3444,0.769383797940117
50,3445,0.75774974188512
50,3446,0.807660345999849
50,3447,0.738258920702073
50,3448,0.748382060386291
50,3449,0.75301553725668
50,3450,0.777290926947193
50,3451,0.82997154440835
50,3452,0.743093853088565
50,3453,0.772204175165571
50,3454,0.723552668026491
50,3455,0.730150336178893
50,3456,0.766865603988819
50,3457,0.738359648460124
50,3458,0.743547127999799
50,3459,0.773362544383168
50,3460,0.837123215230037
50,3461,0.739618745435774
50,3462,0.742791669814409
50,3463,0.746367505225253
50,3464,0.728790511445191
50,3465,0.775427463423233
50,3466,0.72768250610662
50,3467,0.774923824632973
50,3468,0.776787288156934
50,3469,0.84618871345471
50,3470,0.679685729394878
50,3471,0.83097882198887
50,3472,0.788471708090957
50,3473,0.710458059479741
50,3474,0.738007101306943
50,3475,0.722847573720128
50,3476,0.758807383344665
50,3477,0.823625695651079
50,3478,0.74913751857168
50,3479,0.762282490997457
50,3480,0.735488907355645
50,3481,0.715141900229156
50,3482,0.76636196519856
50,3483,0.780715670720959
50,3484,0.794867920727254
50,3485,0.77421873032661
50,3486,0.703507844174158
50,3487,0.76636196519856
50,3488,0.844425977688802
50,3489,0.816977663619652
50,3490,0.779154390471154
50,3491,0.705169852182015
50,3492,0.812042003475108
50,3493,0.697363450932991
50,3494,0.827906625368286
50,3495,0.732315982977009
50,3496,0.797738661831734
50,3497,0.750950618216615
50,3498,0.756742464304601
50,3499,0.729193422477399
50,3500,0.854398025735942
50,3501,0.807005615572511
50,3502,0.7200775603737
50,3503,0.812293822870238
50,3504,0.768275792601546
50,3505,0.703558208053184
50,3506,0.801918863790889
50,3507,0.794465009695047
50,3508,0.773664727657324
50,3509,0.686333761426305
50,3510,0.765253959859988
50,3511,0.784241142252776
50,3512,0.721538112865453
50,3513,0.735388179597593
50,3514,0.793105184961346
50,3515,0.706277857520586
50,3516,0.726473773009997
50,3517,0.743950039032006
50,3518,0.748180604870187
50,3519,0.753871723200121
50,3520,0.831381733021077
50,3521,0.718617007881947
50,3522,0.766261237440508
50,3523,0.836015209891466
50,3524,0.767520334416157
50,3525,0.818740399385561
50,3526,0.806804160056408
50,3527,0.784392233889854
50,3528,0.731913071944801
50,3529,0.781370401148296
50,3530,0.760318299715444
50,3531,0.69575180680416
50,3532,0.772758177834857
50,3533,0.792097907380826
50,3534,0.747374782805772
50,3535,0.732215255218957
50,3536,0.824028606683287
50,3537,0.766311601319534
50,3538,0.786104605776737
50,3539,0.780866762358037
50,3540,0.806350885145174
50,3541,0.72843796429201
50,3542,0.821208229457833
50,3543,0.795875198307774
50,3544,0.727833597743698
50,3545,0.610485759613205
50,3546,0.632242955352421
50,3547,0.696809448263705
50,3548,0.798091208984916
50,3549,0.738863287250384
50,3550,0.827755533731208
50,3551,0.831029185867896
50,3552,0.73367580771071
50,3553,0.793860643146735
50,3554,0.798947394928357
50,3555,0.793810279267709
50,3556,0.705824582609353
50,3557,0.724559945607011
50,3558,0.789730805066606
50,3559,0.770894714310896
50,3560,0.743547127999799
50,3561,0.751605348643953
50,3562,0.736093273903956
50,3563,0.788018433179724
50,3564,0.805998337991992
50,3565,0.775427463423233
50,3566,0.803631235677772
50,3567,0.725516859308504
50,3568,0.787665886026542
50,3569,0.799954672508877
50,3570,0.706831860189872
50,3571,0.777895293495505
50,3572,0.741734028354864
50,3573,0.807912165394979
50,3574,0.799400669839591
50,3575,0.710709878874871
50,3576,0.721739568381557
50,3577,0.825992797965299
50,3578,0.78993226058271
50,3579,0.793508095993554
50,3580,0.816474024829392
50,3581,0.755987006119211
50,3582,0.787111883357256
50,3583,0.75749792248999
50,3584,0.785449875349399
50,3585,0.680390823701241
50,3586,0.849160182317242
50,3587,0.693737251643122
50,3588,0.713278436705195
50,3589,0.735992546145904
50,3590,0.787162247236282
50,3591,0.793306640477449
50,3592,0.69076578278059
50,3593,0.687743950039032
50,3594,0.754929364659666
50,3595,0.807710709878875
50,3596,0.700486011432601
50,3597,0.700536375311627
50,3598,0.745712774797915
50,3599,0.824381153836468
50,3600,0.718516280123895
50,3601,0.801364861121604
50,3602,0.785903150260633
50,3603,0.786708972325049
50,3604,0.764951776585833
50,3605,0.740877842411423
50,3606,0.814358741910302
50,3607,0.71771045805948
50,3608,0.756238825514341
50,3609,0.703709299690262
50,3610,0.724509581727985
50,3611,0.786507516808945
50,3612,0.781622220543426
50,3613,0.777643474100375
50,3614,0.728085417138828
50,3615,0.762181763239405
50,3616,0.754576817506484
50,3617,0.623882551434112
50,3618,0.78444259776888
50,3619,0.642567550552744
50,3620,0.811790184079978
50,3621,0.689204502530785
50,3622,0.73292034952532
50,3623,0.803983782830954
50,3624,0.751554984764927
50,3625,0.737251643121553
50,3626,0.737805645790839
50,3627,0.744352950064214
50,3628,0.691773060361109
50,3629,0.726775956284153
50,3630,0.775024552391025
50,3631,0.764951776585833
50,3632,0.816222205434263
50,3633,0.802422502581149
50,3634,0.822316234796404
50,3635,0.683463020321825
50,3636,0.790335171614918
50,3637,0.792954093324268
50,3638,0.701694744529224
50,3639,0.683211200926695
50,3640,0.827302258819974
50,3641,0.661403641308454
50,3642,0.797033567525371
50,3643,0.803580871798746
50,3644,0.831935735690363
50,3645,0.777643474100375
50,3646,0.687492130643902
50,3647,0.706177129762534
50,3648,0.818589307748483
50,3649,0.753821359321095
50,3650,0.705069124423963
50,3651,0.708090957165521
50,3652,0.826043161844325
50,3653,0.781974767696608
50,3654,0.72219284329279
50,3655,0.721336657349349
50,3656,0.790838810405177
50,3657,0.792047543501801
50,3658,0.760519755231548
50,3659,0.826798620029715
50,3660,0.745460955402785
50,3661,0.700838558585782
50,3662,0.787212611115308
50,3663,0.706529676915716
50,3664,0.749540429603888
50,3665,0.77134798922213
50,3666,0.74913751857168
50,3667,0.816574752587444
50,3668,0.840245775729647
50,3669,0.806904887814459
50,3670,0.648057213366574
50,3671,0.759210294376873
50,3672,0.704918032786885
50,3673,0.810682178741407
50,3674,0.781017853995115
50,3675,0.851174737478281
50,3676,0.782780589761023
50,3677,0.754576817506484
50,3678,0.755987006119211
50,3679,0.707134043464028
50,3680,0.744554405580318
50,3681,0.788421344211931
50,3682,0.690211780111304
50,3683,0.770038528367455
50,3684,0.765556143134144
50,3685,0.763642315731158
50,3686,0.671476417113646
50,3687,0.786457152929919
50,3688,0.819092946538742
50,3689,0.754778273022588
50,3690,0.783838231220569
50,3691,0.773110724988039
50,3692,0.816725844224522
50,3693,0.770088892246481
50,3694,0.752209715192264
50,3695,0.78706151947823
50,3696,0.719019918914155
50,3697,0.850671098688021
50,3698,0.785399511470373
50,3699,0.796076653823877
50,3700,0.732668530130191
50,3701,0.745259499886681
50,3702,0.796983203646345
50,3703,0.755987006119211
50,3704,0.705824582609353
50,3705,0.749943340636096
50,3706,0.689305230288837
50,3707,0.768678703633754
50,3708,0.675505527435723
50,3709,0.716199541688701
50,3710,0.664324746291959
50,3711,0.746568960741356
50,3712,0.773765455415376
50,3713,0.747626602200902
50,3714,0.766009418045378
50,3715,0.866686812218277
50,3716,0.678426632419229
50,3717,0.728790511445191
50,3718,0.694643801465589
50,3719,0.81662511646647
50,3720,0.814207650273224
50,3721,0.763138676940898
50,3722,0.718617007881947
50,3723,0.766966331746871
50,3724,0.820402407393418
50,3725,0.731006522122334
50,3726,0.72244466268792
50,3727,0.790486263251996
50,3728,0.794062098662839
50,3729,0.699428369973055
50,3730,0.750698798821485
50,3731,0.771196897585052
50,3732,0.777341290826219
50,3733,0.786759336204074
50,3734,0.740273475863111
50,3735,0.747173327289668
50,3736,0.83047518319861
50,3737,0.753317720530835
50,3738,0.716149177809675
50,3739,0.782931681398101
50,3740,0.766160509682456
50,3741,0.701291833497016
50,3742,0.794162826420891
50,3743,0.707134043464028
50,3744,0.756641736546549
50,3745,0.836367757044648
50,3746,0.706580040794742
50,3747,0.77371509153635
50,3748,0.693837979401174
50,3749,0.778449296164791
50,3750,0.72294830147818
50,3751,0.800105764145955
50,3752,0.854196570219838
50,3753,0.739971292588955
50,3754,0.811840547959004
50,3755,0.80327868852459
50,3756,0.691269421570849
50,3757,0.822416962554456
50,3758,0.810379995467251
50,3759,0.754828636901614
50,3760,0.783938958978621
50,3761,0.67928281836267
50,3762,0.795975926065826
50,3763,0.797537206315631
50,3764,0.796278109339981
50,3765,0.738460376218176
50,3766,0.783888595099595
50,3767,0.72032937976883
50,3768,0.793508095993554
50,3769,0.821711868248092
50,3770,0.789831532824658
50,3771,0.808163984790109
50,3772,0.751454257006875
50,3773,0.763440860215054
50,3774,0.748533152023369
50,3775,0.74727405504772
50,3776,0.765807962529274
50,3777,0.772506358439727
50,3778,0.809574173402836
50,3779,0.824935156505754
50,3780,0.755936642240185
50,3781,0.783888595099595
50,3782,0.755584095087004
50,3783,0.807660345999849
50,3784,0.804235602226083
50,3785,0.710760242753897
50,3786,0.740777114653371
50,3787,0.703759663569288
50,3788,0.705270579940067
50,3789,0.812847825539523
50,3790,0.724660673365063
50,3791,0.798191936742968
50,3792,0.73317216892045
50,3793,0.792601546171086
50,3794,0.785298783712322
50,3795,0.803480144040694
50,3796,0.662713102163129
50,3797,0.702752385988769
50,3798,0.771851628012389
50,3799,0.751857168039082
50,3800,0.807106343330563
50,3801,0.704464757875652
50,3802,0.709047870867014
50,3803,0.805142152048551
50,3804,0.772556722318753
50,3805,0.757649014127068
50,3806,0.726322681372919
50,3807,0.751857168039082
50,3808,0.780816398479011
50,3809,0.761073757900834
50,3810,0.757649014127068
50,3811,0.772053083528493
50,3812,0.759713933167133
50,3813,0.760670846868626
50,3814,0.759260658255899
50,3815,0.697313087053965
50,3816,0.762886857545768
50,3817,0.815819294402055
50,3818,0.781471128906348
50,3819,0.763088313061872
50,3820,0.868550275742238
50,3821,0.823071692981793
50,3822,0.750497343305381
50,3823,0.70149328901312
50,3824,0.789126438518295
50,3825,0.779053662713102
50,3826,0.749238246329732
50,3827,0.782982045277127
50,3828,0.773513636020246
50,3829,0.730099972299867
50,3830,0.767268515021027
50,3831,0.767318878900053
50,3832,0.778499660043817
50,3833,0.733272896678502
50,3834,0.807408526604719
50,3835,0.772959633350961
50,3836,0.744050766790058
50,3837,0.800357583541084
50,3838,0.769283070182066
50,3839,0.765656870892196
50,3840,0.818992218780691
50,3841,0.746619324620382
50,3842,0.82710080330387
50,3843,0.771650172496286
50,3844,0.699881644884289
50,3845,0.780967490116089
50,3846,0.831784644053285
50,3847,0.770542167157715
50,3848,0.782982045277127
50,3849,0.758404472312457
50,3850,0.828208808642442
50,3851,0.729797789025711
50,3852,0.789025710760243
50,3853,0.7096018735363
50,3854,0.747173327289668
50,3855,0.757900833522198
50,3856,0.756440281030445
50,3857,0.752965173377654
50,3858,0.748835335297525
50,3859,0.739266198282592
50,3860,0.715695902898441
50,3861,0.728135781017854
50,3862,0.72768250610662
50,3863,0.774067638689532
50,3864,0.788773891365113
50,3865,0.799249578202513
50,3866,0.816373297071341
50,3867,0.843368336229256
50,3868,0.711112789907079
50,3869,0.789378257913425
50,3870,0.762282490997457
50,3871,0.817279846893808
50,3872,0.722343934929868
50,3873,0.75226007907129
50,3874,0.815567475006925
50,3875,0.734985268565385
50,3876,0.849260910075294
50,3877,0.785852786381607
50,3878,0.752209715192264
50,3879,0.77683765203596
50,3880,0.729999244541815
50,3881,0.69076578278059
50,3882,0.739669109314799
50,3883,0.714285714285714
50,3884,0.711566064818312
50,3885,0.800256855783033
50,3886,0.729243786356425
50,3887,0.751353529248823
50,3888,0.863564251718667
50,3889,0.806048701871018
50,3890,0.658180353050792
50,3891,0.751101709853693
50,3892,0.791342449195437
50,3893,0.792702273929138
50,3894,0.747626602200902
50,3895,0.793759915388683
50,3896,0.796227745460955
50,3897,0.644682833471834
50,3898,0.784492961647906
50,3899,0.780866762358037
50,3900,0.779255118229206
50,3901,0.819042582659717
50,3902,0.809725265039913
50,3903,0.771700536375312
50,3904,0.735942182266878
50,3905,0.815668202764977
50,3906,0.739769837072851
50,3907,0.747223691168694
50,3908,0.759311022134925
50,3909,0.785046964317192
50,3910,0.801918863790889
50,3911,0.78182367605953
50,3912,0.76298758530382
50,3913,0.75462718138551
50,3914,0.80015612802498
50,3915,0.788975346881217
50,3916,0.802170683186019
50,3917,0.805696154717836
50,3918,0.741683664475838
50,3919,0.702752385988769
50,3920,0.710407695600715
50,3921,0.708544232076755
50,3922,0.77895293495505
50,3923,0.821762232127119
50,3924,0.779255118229206
50,3925,0.699327642215003
50,3926,0.709551509657274
50,3927,0.736244365541034
50,3928,0.708292412681625
50,3929,0.744201858427136
50,3930,0.7606204829896
50,3931,0.757397194731938
50,3932,0.800206491904006
50,3933,0.853995114703734
50,3934,0.745410591523759
50,3935,0.737553826395709
50,3936,0.810430359346277
50,3937,0.672131147540984
50,3938,0.753418448288887
50,3939,0.714839716955
50,3940,0.740877842411423
50,3941,0.792450454534008
50,3942,0.799551761476669
50,3943,0.778499660043817
50,3944,0.696809448263705
50,3945,0.777844929616479
50,3946,0.71408425876961
50,3947,0.702500566593639
50,3948,0.837929037294452
50,3949,0.732517438493113
50,3950,0.735035632444411
50,3951,0.702047291682405
50,3952,0.771247261464078
50,3953,0.780866762358037
50,3954,0.792248999017904
50,3955,0.78806879705875
50,3956,0.669915136863841
50,3957,0.764196318400443
50,3958,0.778348568406739
50,3959,0.776938379794012
50,3960,0.720279015889804
50,3961,0.787514794389464
50,3962,0.762836493666742
50,3963,0.751101709853693
50,3964,0.80040794742011
50,3965,0.786759336204074
50,3966,0.698672911787666
50,3967,0.810430359346277
50,3968,0.793659187630631
50,3969,0.708141321044547
50,3970,0.768779431391806
50,3971,0.797738661831734
50,3972,0.872931933217496
50,3973,0.651884868172547
50,3974,0.783687139583491
50,3975,0.706328221399612
50,3976,0.722897937599154
50,3977,0.752814081740576
50,3978,0.70597567424643
50,3979,0.728085417138828
50,3980,0.768326156480572
50,3981,0.758757019465639
50,3982,0.825992797965299
50,3983,0.705320943819093
50,3984,0.812193095112186
50,3985,0.809120898491602
50,3986,0.792903729445242
50,3987,0.76636196519856
50,3988,0.786104605776737
50,3989,0.787968069300698
50,3990,0.716300269446753
50,3991,0.773312180504142
50,3992,0.807358162725693
50,3993,0.632847321900733
50,3994,0.785046964317192
50,3995,0.660094180453779
50,3996,0.74203621162902
50,3997,0.712422250761754
50,3998,0.731510160912594
50,3999,0.770088892246481
50,4000,0.835864118254388
50,4001,0.6900103245952
50,4002,0.727783233864672
50,4003,0.758706655586613
50,4004,0.812797461660497
50,4005,0.801667044395759
50,4006,0.798947394928357
50,4007,0.743950039032006
50,4008,0.776636196519856
50,4009,0.755684822845055
50,4010,0.818538943869457
50,4011,0.827302258819974
50,4012,0.737553826395709
50,4013,0.734934904686359
50,4014,0.729193422477399
50,4015,0.766664148472715
50,4016,0.704414393996626
50,4017,0.677822265870917
50,4018,0.785147692075244
50,4019,0.712724434035909
50,4020,0.731107249880386
50,4021,0.686283397547279
50,4022,0.66931077031553
50,4023,0.7906877187681
50,4024,0.761275213416937
50,4025,0.781118581753167
50,4026,0.845181435874191
50,4027,0.716149177809675
50,4028,0.693233612852862
50,4029,0.712573342398832
50,4030,0.819697313087054
50,4031,0.806804160056408
50,4032,0.634559693787616
50,4033,0.766764876230767
50,4034,0.775377099544207
50,4035,0.776535468761804
50,4036,0.786557880687971
50,4037,0.773362544383168
50,4038,0.751202437611745
50,4039,0.72294830147818
50,4040,0.794011734783813
50,4041,0.80403414670998
50,4042,0.832439374480623
50,4043,0.804839968774395
50,4044,0.762030671602327
50,4045,0.766261237440508
50,4046,0.798343028380046
50,4047,0.772355266802649
50,4048,0.735740726750774
50,4049,0.681297373523709
50,4050,0.781722948301478
50,4051,0.794112462541865
50,4052,0.793659187630631
50,4053,0.78519805595427
50,4054,0.837878673415427
50,4055,0.79617738158193
50,4056,0.678879907330463
50,4057,0.786860063962126
50,4058,0.777744201858427
50,4059,0.709501145778248
50,4060,0.758303744554406
50,4061,0.836871395834907
50,4062,0.70935005414117
50,4063,0.7305532472111
50,4064,0.810077812193095
50,4065,0.785349147591347
50,4066,0.783536047946413
50,4067,0.796529928735111
50,4068,0.798091208984916
50,4069,0.760670846868626
50,4070,0.811336909168744
50,4071,0.751655712522979
50,4072,0.741633300596812
50,4073,0.764699957190703
50,4074,0.813049281055627
50,4075,0.722998665357206
50,4076,0.834202110246531
50,4077,0.81999949636121
50,4078,0.732215255218957
50,4079,0.758203016796354
50,4080,0.776736924277908
50,4081,0.820704590667573
50,4082,0.759965752562262
50,4083,0.741381481201682
50,4084,0.70647931303669
50,4085,0.710155876205585
50,4086,0.759361386013951
50,4087,0.734683085291229
50,4088,0.817179119135756
50,4089,0.827906625368286
50,4090,0.808012893153031
50,4091,0.696607992747601
50,4092,0.820553499030495
50,4093,0.750044068394148
50,4094,0.668202764976958
50,4095,0.773513636020246
50,4096,0.676260985621113
50,4097,0.770088892246481
50,4098,0.624789101256579
50,4099,0.814056558636146
50,4100,0.729243786356425
50,4101,0.616126514064113
50,4102,0.715998086172597
50,4103,0.729999244541815
50,4104,0.808818715217446
50,4105,0.748281332628239
50,4106,0.742590214298305
50,4107,0.745712774797915
50,4108,0.792148271259853
50,4109,0.710860970511949
50,4110,0.722142479413764
50,4111,0.788673163607061
50,4112,0.819042582659717
50,4113,0.719725013220518
50,4114,0.737453098637657
50,4115,0.808415804185238
50,4116,0.727883961622724
50,4117,0.828057717005364
50,4118,0.754425725869406
50,4119,0.820855682304651
50,4120,0.748936063055576
50,4121,0.784845508801088
50,4122,0.797386114678552
50,4123,0.784140414494724
50,4124,0.777794565737453
50,4125,0.752310442950316
50,4126,0.799400669839591
50,4127,0.825438795296014
50,4128,0.749993704515122
50,4129,0.74153257283876
50,4130,0.728840875324217
50,4131,0.774571277479791
50,4132,0.835007932310947
50,4133,0.751152073732719
50,4134,0.738007101306943
50,4135,0.69811890911838
50,4136,0.802019591548941
50,4137,0.688952683135655
50,4138,0.748784971418499
50,4139,0.803379416282642
50,4140,0.787665886026542
50,4141,0.791241721437385
50,4142,0.778449296164791
50,4143,0.789730805066606
50,4144,0.831482460779129
50,4145,0.813049281055627
50,4146,0.767923245448364
50,4147,0.781672584422452
50,4148,0.724660673365063
50,4149,0.78444259776888
50,4150,0.827554078215104
50,4151,0.739115106645514
50,4152,0.795623378912644
50,4153,0.806602704540304
50,4154,0.750346251668303
50,4155,0.829014630706857
50,4156,0.821409684973937
50,4157,0.777643474100375
50,4158,0.699629825489159
50,4159,0.74178439223389
50,4160,0.699982372642341
50,4161,0.759361386013951
50,4162,0.773664727657324
50,4163,0.765455415376092
50,4164,0.741482208959734
50,4165,0.796832112009267
50,4166,0.780363123567777
50,4167,0.816373297071341
50,4168,0.746115685830123
50,4169,0.723703759663569
50,4170,0.841555236584322
50,4171,0.722746845962076
50,4172,0.832791921633804
50,4173,0.876407040870288
50,4174,0.803177960766538
50,4175,0.751907531918108
50,4176,0.771096169827
50,4177,0.790738082647125
50,4178,0.816121477676211
50,4179,0.748835335297525
50,4180,0.729042330840321
50,4181,0.81375437536199
50,4182,0.666490393090076
50,4183,0.820352043514392
50,4184,0.792097907380826
50,4185,0.807358162725693
50,4186,0.736596912694216
50,4187,0.814660925184458
50,4188,0.749691521240966
50,4189,0.72320012087331
50,4190,0.808415804185238
50,4191,0.78968044118758
50,4192,0.761577396691093
50,4193,0.754929364659666
50,4194,0.780866762358037
50,4195,0.755886278361159
50,4196,0.737352370879605
50,4197,0.724106670695777
50,4198,0.801012313968422
50,4199,0.74465513333837
50,4200,0.830575910956662
50,4201,0.754173906474277
50,4202,0.712271159124676
50,4203,0.766915967867845
50,4204,0.771801264133364
50,4205,0.791694996348619
50,4206,0.741935483870968
50,4207,0.747425146684798
50,4208,0.752864445619602
50,4209,0.721588476744479
50,4210,0.805343607564655
50,4211,0.774017274810506
50,4212,0.852836745486137
50,4213,0.766462692956612
50,4214,0.829367177860039
50,4215,0.731560524791619
50,4216,0.734985268565385
50,4217,0.78756515826849
50,4218,0.773261816625117
50,4219,0.746266777467201
50,4220,0.741633300596812
50,4221,0.787665886026542
50,4222,0.761426305054015
50,4223,0.828762811311727
50,4224,0.787917705421671
50,4225,0.814862380700562
50,4226,0.748835335297525
50,4227,0.77708947143109
50,4228,0.802069955427967
50,4229,0.799652489234721
50,4230,0.721135201833245
50,4231,0.751554984764927
50,4232,0.779003298834076
50,4233,0.817783485684067
50,4234,0.731510160912594
50,4235,0.801364861121604
50,4236,0.765707234771222
50,4237,0.710105512326559
50,4238,0.786154969655763
50,4239,0.681549192918839
50,4240,0.789277530155372
50,4241,0.700083100400393
50,4242,0.73654654881519
50,4243,0.780111304172647
50,4244,0.704716577270781
50,4245,0.74128075344363
50,4246,0.767671426053235
50,4247,0.722142479413764
50,4248,0.7253154037924
50,4249,0.818891491022638
50,4250,0.75724610309486
50,4251,0.782931681398101
50,4252,0.733373624436554
50,4253,0.735136360202463
50,4254,0.80302686912946
50,4255,0.693837979401174
50,4256,0.827906625368286
50,4257,0.756591372667523
50,4258,0.794263554178943
50,4259,0.773563999899272
50,4260,0.731661252549671
50,4261,0.792853365566216
50,4262,0.787363702752386
50,4263,0.766664148472715
50,4264,0.790586991010048
50,4265,0.767520334416157
50,4266,0.765002140464859
50,4267,0.803177960766538
50,4268,0.77084435043187
50,4269,0.813200372692705
50,4270,0.77870111555992
50,4271,0.799551761476669
50,4272,0.779506937624336
50,4273,0.780363123567777
50,4274,0.809473445644784
50,4275,0.640452267633653
50,4276,0.779909848656543
50,4277,0.78993226058271
50,4278,0.761023394021808
50,4279,0.780514215204855
50,4280,0.780111304172647
50,4281,0.772506358439727
50,4282,0.775578555060311
50,4283,0.804991060411473
50,4284,0.703205660900002
50,4285,0.722394298808894
50,4286,0.806904887814459
50,4287,0.752965173377654
50,4288,0.698924731182796
50,4289,0.720732290801038
50,4290,0.75200825967616
50,4291,0.78756515826849
50,4292,0.757145375336808
50,4293,0.78232731484979
50,4294,0.758051925159276
50,4295,0.725718314824608
50,4296,0.79517010400141
50,4297,0.699680189368185
50,4298,0.722394298808894
50,4299,0.735085996323437
50,4300,0.691319785449875
50,4301,0.784241142252776
50,4302,0.811941275717056
50,4303,0.828158444763416
50,4304,0.794515373574073
50,4305,0.744453677822266
50,4306,0.778348568406739
50,4307,0.723401576389414
50,4308,0.738208556823047
50,4309,0.836921759713933
50,4310,0.711616428697338
50,4311,0.803429780161668
50,4312,0.709501145778248
50,4313,0.746417869104278
50,4314,0.725718314824608
50,4315,0.700284555916497
50,4316,0.756440281030445
50,4317,0.707335498980131
50,4318,0.741734028354864
50,4319,0.672131147540984
50,4320,0.799350305960565
50,4321,0.697313087053965
50,4322,0.776888015914986
50,4323,0.78968044118758
50,4324,0.753569539925965
50,4325,0.681750648434942
50,4326,0.733373624436554
50,4327,0.800559039057188
50,4328,0.797738661831734
50,4329,0.717257183148246
50,4330,0.726070861977789
50,4331,0.769484525698169
50,4332,0.78257913424492
50,4333,0.705119488302989
50,4334,0.717156455390194
50,4335,0.77945657374531
50,4336,0.694643801465589
50,4337,0.753468812167913
50,4338,0.697313087053965
50,4339,0.75774974188512
50,4340,0.792400090654982
50,4341,0.745108408249603
50,4342,0.827352622699
50,4343,0.7449069527335
50,4344,0.73941728991967
50,4345,0.755936642240185
50,4346,0.768275792601546
50,4347,0.766160509682456
50,4348,0.769988164488429
50,4349,0.790284807735892
50,4350,0.677872629749943
50,4351,0.711666792576364
50,4352,0.756037369998237
50,4353,0.773916547052454
50,4354,0.736697640452268
50,4355,0.687542494522928
50,4356,0.759562841530055
50,4357,0.749792248999018
50,4358,0.769232706303039
50,4359,0.830777366472766
50,4360,0.778046385132583
50,4361,0.788320616453879
50,4362,0.675555891314749
50,4363,0.732819621767268
50,4364,0.745209136007655
50,4365,0.770945078189922
50,4366,0.778147112890635
50,4367,0.754526453627458
50,4368,0.744201858427136
50,4369,0.820100224119262
50,4370,0.735942182266878
50,4371,0.796378837098033
50,4372,0.801415225000629
50,4373,0.771096169827
50,4374,0.817279846893808
50,4375,0.760973030142782
50,4376,0.728286872654932
50,4377,0.769585253456221
50,4378,0.781974767696608
50,4379,0.833245196545038
50,4380,0.748230968749213
50,4381,0.767772153811287
50,4382,0.812948553297575
50,4383,0.839339225907179
50,4384,0.834504293520687
50,4385,0.685830122636045
50,4386,0.783485684067387
50,4387,0.78731333887336
50,4388,0.796781748130241
50,4389,0.807257434967641
50,4390,0.795522651154592
50,4391,0.805091788169525
50,4392,0.78806879705875
50,4393,0.712120067487598
50,4394,0.77870111555992
50,4395,0.641711364609302
50,4396,0.797940117347838
50,4397,0.79491828460628
50,4398,0.783435320188361
50,4399,0.702853113746821
50,4400,0.827000075545818
50,4401,0.824330789957443
50,4402,0.776988743673038
50,4403,0.6690589509204
50,4404,0.764145954521417
50,4405,0.747374782805772
50,4406,0.734280174259021
50,4407,0.806048701871018
50,4408,0.757044647578756
50,4409,0.728387600412984
50,4410,0.750094432273174
50,4411,0.755181184054796
50,4412,0.688801591498577
50,4413,0.787716249905568
50,4414,0.748734607539473
50,4415,0.778902571076024
50,4416,0.773916547052454
50,4417,0.791342449195437
50,4418,0.735337815718567
50,4419,0.836569212560751
50,4420,0.786708972325049
50,4421,0.734330538138047
50,4422,0.82261841807056
50,4423,0.758555563949535
50,4424,0.773362544383168
50,4425,0.732315982977009
50,4426,0.813704011482964
50,4427,0.824230062199391
50,4428,0.756138097756289
50,4429,0.835561934980232
50,4430,0.790586991010048
50,4431,0.746166049709149
50,4432,0.811286545289718
50,4433,0.766160509682456
50,4434,0.787917705421671
50,4435,0.829316813981013
50,4436,0.785399511470373
50,4437,0.793457732114527
50,4438,0.770391075520637
50,4439,0.767167787262975
50,4440,0.705623127093249
50,4441,0.723300848631362
50,4442,0.697161995416887
50,4443,0.74752587444285
50,4444,0.754576817506484
50,4445,0.685427211603838
50,4446,0.810631814862381
50,4447,0.780262395809725
50,4448,0.747324418926746
50,4449,0.738158192944021
50,4450,0.724610309486037
50,4451,0.85142655687341
50,4452,0.738611467855254
50,4453,0.726473773009997
50,4454,0.771146533706026
50,4455,0.844174158293672
50,4456,0.815617838885951
50,4457,0.833295560424064
50,4458,0.66644002921105
50,4459,0.78494623655914
50,4460,0.732215255218957
50,4461,0.786507516808945
50,4462,0.794414645816021
50,4463,0.737251643121553
50,4464,0.7959255621868
50,4465,0.772405630681675
50,4466,0.658835083478129
50,4467,0.664173654654882
50,4468,0.836669940318803
50,4469,0.793155548840372
50,4470,0.719725013220518
50,4471,0.79567374279167
50,4472,0.766261237440508
50,4473,0.788572435849009
50,4474,0.731258341517464
50,4475,0.770945078189922
50,4476,0.797738661831734
50,4477,0.812394550628289
50,4478,0.748230968749213
50,4479,0.767117423383949
50,4480,0.690614691143512
50,4481,0.722142479413764
50,4482,0.826043161844325
50,4483,0.821258593336859
50,4484,0.737604190274735
50,4485,0.793709551509657
50,4486,0.687844677797084
50,4487,0.731409433154542
50,4488,0.804134874468031
50,4489,0.758555563949535
50,4490,0.74128075344363
50,4491,0.807358162725693
50,4492,0.629422578126967
50,4493,0.777996021253557
50,4494,0.767268515021027
50,4495,0.734783813049281
50,4496,0.776485104882778
50,4497,0.703054569262925
50,4498,0.692075243635265
50,4499,0.738712195613306
50,4500,0.785449875349399
50,4501,0.700687466948704
50,4502,0.78494623655914
50,4503,0.768175064843494
50,4504,0.801415225000629
50,4505,0.776938379794012
50,4506,0.823323512376923
50,4507,0.800760494573292
50,4508,0.821661504369066
50,4509,0.774923824632973
50,4510,0.75825338067538
50,4511,0.804688877137317
50,4512,0.746971871773564
50,4513,0.722595754324998
50,4514,0.625343103925864
50,4515,0.790234443856866
50,4516,0.735337815718567
50,4517,0.755785550603107
50,4518,0.732064163581879
50,4519,0.787414066631412
50,4520,0.81999949636121
50,4521,0.758404472312457
50,4522,0.760922666263756
50,4523,0.801415225000629
50,4524,0.752209715192264
50,4525,0.816574752587444
50,4526,0.753368084409861
50,4527,0.756188461635315
50,4528,0.819092946538742
50,4529,0.846239077333736
50,4530,0.745209136007655
50,4531,0.81425801415225
50,4532,0.796781748130241
50,4533,0.647402482939236
50,4534,0.786658608446023
50,4535,0.756289189393367
50,4536,0.765052504343885
50,4537,0.792198635138878
50,4538,0.820553499030495
50,4539,0.822416962554456
50,4540,0.808566895822316
50,4541,0.769585253456221
50,4542,0.812092367354134
50,4543,0.720279015889804
50,4544,0.764548865553625
50,4545,0.773161088867065
50,4546,0.796681020372189
50,4547,0.776938379794012
50,4548,0.756792828183627
50,4549,0.797083931404397
50,4550,0.755785550603107
50,4551,0.757296466973886
50,4552,0.805998337991992
50,4553,0.794616101332125
50,4554,0.771096169827
50,4555,0.787615522147516
50,4556,0.698421092392536
50,4557,0.792500818413034
50,4558,0.750598071063433
50,4559,0.77945657374531
50,4560,0.834856840673869
50,4561,0.677922993628969
50,4562,0.693586160006044
50,4563,0.80065976681524
50,4564,0.770995442068948
50,4565,0.766059781924404
50,4566,0.656770164438065
50,4567,0.783536047946413
50,4568,0.780614942962907
50,4569,0.780766034599985
50,4570,0.723905215179673
50,4571,0.760167208078366
50,4572,0.732970713404346
50,4573,0.843015789076075
50,4574,0.796580292614137
50,4575,0.753569539925965
50,4576,0.759915388683236
50,4577,0.767469970537131
50,4578,0.737956737427917
50,4579,0.841001233915036
50,4580,0.772002719649467
50,4581,0.815567475006925
50,4582,0.792097907380826
50,4583,0.710760242753897
50,4584,0.768175064843494
50,4585,0.75039661554733
50,4586,0.6533454206643
50,4587,0.718214096849739
50,4588,0.740525295258241
50,4589,0.765757598650248
50,4590,0.74389967515298
50,4591,0.842814333559971
50,4592,0.818589307748483
50,4593,0.685930850394097
50,4594,0.727178867316361
50,4595,0.745763138676941
50,4596,0.790486263251996
50,4597,0.805696154717836
50,4598,0.802422502581149
50,4599,0.721840296139609
50,4600,0.736143637782982
50,4601,0.729948880662789
50,4602,0.798091208984916
50,4603,0.760167208078366
50,4604,0.79280300168719
50,4605,0.815617838885951
50,4606,0.822467326433482
50,4607,0.755584095087004
50,4608,0.717005363753116
50,4609,0.760267935836418
50,4610,0.774923824632973
50,4611,0.735186724081489
50,4612,0.799753216992773
50,4613,0.830525547077636
50,4614,0.843418700108282
50,4615,0.80564579083881
50,4616,0.6533454206643
50,4617,0.826899347787767
50,4618,0.735337815718567
50,4619,0.754526453627458
50,4620,0.722293571050842
50,4621,0.80378232731485
50,4622,0.816826571982574
50,4623,0.802170683186019
50,4624,0.69811890911838
50,4625,0.657727078139558
50,4626,0.754123542595251
50,4627,0.751000982095641
50,4628,0.705069124423963
50,4629,0.810631814862381
50,4630,0.696406537231497
50,4631,0.818740399385561
50,4632,0.799753216992773
50,4633,0.808415804185238
50,4634,0.751857168039082
50,4635,0.842663241922893
50,4636,0.769232706303039
50,4637,0.728035053259802
50,4638,0.827956989247312
50,4639,0.719725013220518
50,4640,0.803681599556798
50,4641,0.77134798922213
50,4642,0.791342449195437
50,4643,0.755785550603107
50,4644,0.729042330840321
50,4645,0.750900254337589
50,4646,0.757951197401224
50,4647,0.804537785500239
50,4648,0.796630656493163
50,4649,0.732215255218957
50,4650,0.74364785575785
50,4651,0.825086248142832
50,4652,0.761678124449145
50,4653,0.78207549545466
50,4654,0.760066480320314
50,4655,0.78968044118758
50,4656,0.754425725869406
50,4657,0.805696154717836
50,4658,0.812042003475108
50,4659,0.728589055929088
50,4660,0.791745360227645
50,4661,0.825287703658936
50,4662,0.79542192339654
50,4663,0.740676386895319
50,4664,0.748734607539473
50,4665,0.733575079952658
50,4666,0.785248419833296
50,4667,0.757900833522198
50,4668,0.797738661831734
50,4669,0.754778273022588
50,4670,0.727279595074413
50,4671,0.820855682304651
50,4672,0.736596912694216
50,4673,0.779909848656543
50,4674,0.783435320188361
50,4675,0.75251189846642
50,4676,0.766261237440508
50,4677,0.845483619148347
50,4678,0.783687139583491
50,4679,0.81712875525673
50,4680,0.775880738334467
50,4681,0.68552793936189
50,4682,0.777895293495505
50,4683,0.798947394928357
50,4684,0.707335498980131
50,4685,0.803983782830954
50,4686,0.664778021203193
50,4687,0.809624537281861
50,4688,0.843217244592179
50,4689,0.754677545264536
50,4690,0.751152073732719
50,4691,0.65807962529274
50,4692,0.720430107526882
50,4693,0.779355845987258
50,4694,0.714990808592078
50,4695,0.740777114653371
50,4696,0.800206491904006
50,4697,0.808113620911083
50,4698,0.742086575508046
50,4699,0.840598322882828
50,4700,0.761224849537911
50,4701,0.756742464304601
50,4702,0.797738661831734
50,4703,0.821006773941729
50,4704,0.803731963435824
50,4705,0.834856840673869
50,4706,0.749238246329732
50,4707,0.771901991891416
50,4708,0.776434741003752
50,4709,0.76349122409408
50,4710,0.790133716098814
50,4711,0.756994283699731
50,4712,0.786054241897711
50,4713,0.746065321951097
50,4714,0.697111631537861
50,4715,0.740021656467981
50,4716,0.775074916270051
50,4717,0.704565485633703
50,4718,0.687139583490721
50,4719,0.799048122686409
50,4720,0.751706076402004
50,4721,0.765002140464859
50,4722,0.658784719599104
50,4723,0.663418196469492
50,4724,0.767117423383949
50,4725,0.716350633325779
50,4726,0.73080506660623
50,4727,0.797033567525371
50,4728,0.751252801490771
50,4729,0.76535468761804
50,4730,0.777240563068168
50,4731,0.812042003475108
50,4732,0.821006773941729
50,4733,0.735085996323437
50,4734,0.765455415376092
50,4735,0.675102616403515
50,4736,0.759260658255899
50,4737,0.792248999017904
50,4738,0.772304902923623
50,4739,0.740122384226033
50,4740,0.768175064843494
50,4741,0.802573594218227
50,4742,0.797990481226864
50,4743,0.826748256150689
50,4744,0.809775628918939
50,4745,0.838936314874972
50,4746,0.732064163581879
50,4747,0.761325577295963
50,4748,0.756641736546549
50,4749,0.75251189846642
50,4750,0.788421344211931
50,4751,0.794616101332125
50,4752,0.769131978544988
50,4753,0.755886278361159
50,4754,0.716703180478961
50,4755,0.692327063030395
50,4756,0.752814081740576
50,4757,0.702148019440457
50,4758,0.82448188159452
50,4759,0.754073178716225
50,4760,0.727279595074413
50,4761,0.718969555035129
50,4762,0.801465588879656
50,4763,0.777996021253557
50,4764,0.780413487446803
50,4765,0.682002467830072
50,4766,0.815214927853743
50,4767,0.836367757044648
50,4768,0.712422250761754
50,4769,0.780212031930699
50,4770,0.731711616428697
50,4771,0.712522978519806
50,4772,0.790284807735892
50,4773,0.754224270353303
50,4774,0.818639671627509
50,4775,0.679937548790008
50,4776,0.754425725869406
50,4777,0.798594847775176
50,4778,0.847044899398152
50,4779,0.741331117322656
50,4780,0.687743950039032
50,4781,0.775931102213492
50,4782,0.72818614489688
50,4783,0.814812016821535
50,4784,0.749741885119992
50,4785,0.780363123567777
50,4786,0.789478985671476
50,4787,0.760419027473496
50,4788,0.776988743673038
50,4789,0.809876356676991
50,4790,0.789126438518295
50,4791,0.758908111102717
50,4792,0.776384377124726
50,4793,0.774772732995895
50,4794,0.737906373548891
50,4795,0.763189040819924
50,4796,0.675102616403515
50,4797,0.784492961647906
50,4798,0.750044068394148
50,4799,0.744252222306162
50,4800,0.807861801515953
50,4801,0.813603283724912
50,4802,0.820049860240236
50,4803,0.776485104882778
50,4804,0.759915388683236
50,4805,0.703810027448314
50,4806,0.793508095993554
50,4807,0.783787867341543
50,4808,0.764448137795573
50,4809,0.816272569313289
50,4810,0.772959633350961
50,4811,0.787212611115308
50,4812,0.775377099544207
50,4813,0.705925310367404
50,4814,0.788924983002191
50,4815,0.800206491904006
50,4816,0.73941728991967
50,4817,0.723300848631362
50,4818,0.798141572863942
50,4819,0.769434161819143
50,4820,0.75039661554733
50,4821,0.718113369091688
50,4822,0.789781168945632
50,4823,0.766160509682456
50,4824,0.811941275717056
50,4825,0.796076653823877
50,4826,0.848908362922112
50,4827,0.766261237440508
50,4828,0.791040265921281
50,4829,0.761627760570119
50,4830,0.767872881569339
50,4831,0.804084510589006
50,4832,0.804487421621213
50,4833,0.770894714310896
50,4834,0.778550023922842
50,4835,0.759008838860769
50,4836,0.653194329027222
50,4837,0.793306640477449
50,4838,0.726272317493893
50,4839,0.76560650701317
50,4840,0.826143889602377
50,4841,0.726675228526101
50,4842,0.749943340636096
50,4843,0.784996600438166
50,4844,0.725214676034348
50,4845,0.774722369116869
50,4846,0.771045805947974
50,4847,0.724559945607011
50,4848,0.752562262345446
50,4849,0.760217571957392
50,4850,0.739618745435774
50,4851,0.842008511495555
50,4852,0.738309284581098
50,4853,0.756843192062653
50,4854,0.771952355770441
50,4855,0.722746845962076
50,4856,0.725214676034348
50,4857,0.726373045251945
50,4858,0.73654654881519
50,4859,0.758706655586613
50,4860,0.707285135101105
50,4861,0.819395129812898
50,4862,0.755533731207978
50,4863,0.838634131600816
50,4864,0.804638513258291
50,4865,0.758354108433432
50,4866,0.80091158621037
50,4867,0.723552668026491
50,4868,0.719372466067337
50,4869,0.750245523910252
50,4870,0.761073757900834
50,4871,0.805746518596862
50,4872,0.732718894009217
50,4873,0.793508095993554
50,4874,0.613608320112815
50,4875,0.740676386895319
50,4876,0.794112462541865
50,4877,0.765203595980962
50,4878,0.776736924277908
50,4879,0.773916547052454
50,4880,0.775578555060311
50,4881,0.742539850419279
50,4882,0.742690942056357
50,4883,0.686283397547279
50,4884,0.741180025685578
50,4885,0.636574248948654
50,4886,0.745612047039863
50,4887,0.792097907380826
50,4888,0.726725592405127
50,4889,0.801213769484526
50,4890,0.67641207725819
50,4891,0.748885699176551
50,4892,0.782176223212712
50,4893,0.790889174284203
50,4894,0.741129661806552
50,4895,0.741331117322656
50,4896,0.742690942056357
50,4897,0.766412329077586
50,4898,0.757195739215834
50,4899,0.694593437586563
50,4900,0.668958223162348
50,4901,0.719876104857596
50,4902,0.687945405555136
50,4903,0.767067059504923
50,4904,0.775729646697389
50,4905,0.749842612878044
50,4906,0.783183500793231
50,4907,0.742791669814409
50,4908,0.741431845080708
50,4909,0.629221122610864
50,4910,0.857570950114578
50,4911,0.789025710760243
50,4912,0.794112462541865
50,4913,0.812646370023419
50,4914,0.753619903804991
50,4915,0.83546120722218
50,4916,0.821510412731989
50,4917,0.765959054166352
50,4918,0.768326156480572
50,4919,0.821611140490041
50,4920,0.714184986527662
50,4921,0.825287703658936
50,4922,0.716149177809675
50,4923,0.806300521266148
50,4924,0.748633879781421
50,4925,0.769937800609403
50,4926,0.771750900254338
50,4927,0.720883382438115
50,4928,0.662612374405077
50,4929,0.760419027473496
50,4930,0.721185565712271
50,4931,0.773362544383168
50,4932,0.778801843317972
50,4933,0.784492961647906
50,4934,0.759764297046159
50,4935,0.75825338067538
50,4936,0.783334592430309
50,4937,0.799803580871799
50,4938,0.748281332628239
50,4939,0.72793432550175
50,4940,0.796781748130241
50,4941,0.730251063936945
50,4942,0.837727581778349
50,4943,0.799753216992773
50,4944,0.809372717886732
50,4945,0.754173906474277
50,4946,0.800508675178162
50,4947,0.775729646697389
50,4948,0.833497015940168
50,4949,0.818186396716275
50,4950,0.721638840623505
50,4951,0.726876684042205
50,4952,0.759663569288107
50,4953,0.732013799702853
50,4954,0.777996021253557
50,4955,0.728790511445191
50,4956,0.799753216992773
50,4957,0.81476165294251
50,4958,0.51549948377024
50,4959,0.791090629800307
50,4960,0.682606834378384
50,4961,0.80015612802498
50,4962,0.69650726498955
50,4963,0.763037949182846
50,4964,0.835310115585102
50,4965,0.755181184054796
50,4966,0.79018407997784
50,4967,0.776686560398882
50,4968,0.799904308629851
50,4969,0.795220467880436
50,4970,0.713328800584221
50,4971,0.814459469668354
50,4972,0.708896779229936
50,4973,0.807257434967641
50,4974,0.694794893102667
50,4975,0.692024879756239
50,4976,0.822970965223742
50,4977,0.761980307723301
50,4978,0.802422502581149
50,4979,0.836821031955881
50,4980,0.763944499005313
50,4981,0.688700863740525
50,4982,0.802573594218227
50,4983,0.732315982977009
50,4984,0.716400997204805
50,4985,0.73841001233915
50,4986,0.681196645765657
50,4987,0.822316234796404
50,4988,0.737755281911813
50,4989,0.782730225881997
50,4990,0.777442018584271
50,4991,0.786557880687971
50,4992,0.858225680541915
50,4993,0.736848732089346
50,4994,0.678577724056307
50,4995,0.771650172496286
50,4996,0.753166628893757
50,4997,0.814459469668354
50,4998,0.820855682304651
50,4999,0.700838558585782
50,5000,0.731711616428697
50,5001,0.739115106645514
50,5002,0.80302686912946
50,5003,0.725416131550452
50,5004,0.795522651154592
50,5005,0.684369570144293
50,5006,0.727783233864672
50,5007,0.79804084510589
50,5008,0.780514215204855
50,5009,0.775125280149077
50,5010,0.786406789050893
50,5011,0.809775628918939
50,5012,0.752612626224472
50,5013,0.737856009669865
50,5014,0.802372138702123
50,5015,0.769182342424014
50,5016,0.829014630706857
50,5017,0.753972450958173
50,5018,0.809221626249654
50,5019,0.801566316637707
50,5020,0.798141572863942
50,5021,0.777996021253557
50,5022,0.71222079524565
50,5023,0.679887184910982
50,5024,0.76847724811765
50,5025,0.813905466999068
50,5026,0.687945405555136
50,5027,0.714940444713052
50,5028,0.772204175165571
50,5029,0.79778902571076
50,5030,0.751907531918108
50,5031,0.787917705421671
50,5032,0.738007101306943
50,5033,0.807861801515953
50,5034,0.804537785500239
50,5035,0.764548865553625
50,5036,0.724358490090907
50,5037,0.741482208959734
50,5038,0.732467074614087
50,5039,0.721941023897661
50,5040,0.640552995391705
50,5041,0.745007680491551
50,5042,0.769434161819143
50,5043,0.795824834428748
50,5044,0.823978242804261
50,5045,0.824028606683287
50,5046,0.802372138702123
50,5047,0.822517690312508
50,5048,0.781521492785374
50,5049,0.765807962529274
50,5050,0.672332603057088
50,5051,0.737302007000579
50,5052,0.779255118229206
50,5053,0.716451361083831
50,5054,0.750547707184407
50,5055,0.808466168064264
50,5056,0.799299942081539
50,5057,0.76560650701317
50,5058,0.778046385132583
50,5059,0.813955830878094
50,5060,0.807005615572511
50,5061,0.822064415401274
50,5062,0.772959633350961
50,5063,0.796227745460955
50,5064,0.766966331746871
50,5065,0.835259751706077
50,5066,0.762584674271612
50,5067,0.772204175165571
50,5068,0.805796882475888
50,5069,0.71695499987409
50,5070,0.839993956334517
50,5071,0.802321774823097
50,5072,0.848857999043086
50,5073,0.842713605801919
50,5074,0.794565737453099
50,5075,0.724308126211881
50,5076,0.837526126262245
50,5077,0.780060940293621
50,5078,0.787414066631412
50,5079,0.751907531918108
50,5080,0.686384125305331
50,5081,0.670166956258971
50,5082,0.807156707209589
50,5083,0.737302007000579
50,5084,0.793608823751605
50,5085,0.753267356651809
50,5086,0.778348568406739
50,5087,0.836921759713933
50,5088,0.811790184079978
50,5089,0.783989322857647
50,5090,0.783032409156153
50,5091,0.747072599531616
50,5092,0.835864118254388
50,5093,0.792450454534008
50,5094,0.733575079952658
50,5095,0.753166628893757
50,5096,0.732215255218957
50,5097,0.831432096900103
50,5098,0.730452519453048
50,5099,0.811840547959004
50,5100,0.769635617335247
50,5101,0.751554984764927
50,5102,0.84095087003601
50,5103,0.82236659867543
50,5104,0.704716577270781
50,5105,0.740877842411423
50,5106,0.791191357558359
50,5107,0.755735186724082
50,5108,0.803681599556798
50,5109,0.780111304172647
50,5110,0.768074337085442
50,5111,0.73553927123467
50,5112,0.871370652967692
50,5113,0.761678124449145
50,5114,0.746317141346227
50,5115,0.728991966961295
50,5116,0.743446400241747
50,5117,0.782226587091738
50,5118,0.705371307698119
50,5119,0.75724610309486
50,5120,0.792702273929138
50,5121,0.818186396716275
50,5122,0.722595754324998
50,5123,0.757397194731938
50,5124,0.830072272166402
50,5125,0.815164563974717
50,5126,0.756087733877263
50,5127,0.797889753468812
50,5128,0.736697640452268
50,5129,0.756591372667523
50,5130,0.696910176021757
50,5131,0.800861222331344
50,5132,0.731610888670645
50,5133,0.815718566644003
50,5134,0.817884213442119
50,5135,0.752461534587394
50,5136,0.763591951852132
50,5137,0.783133136914205
50,5138,0.805998337991992
50,5139,0.749590793482914
50,5140,0.7501447961522
50,5141,0.765505779255118
50,5142,0.795824834428748
50,5143,0.768577975875702
50,5144,0.751706076402004
50,5145,0.827805897610234
50,5146,0.808315076427186
50,5147,0.67666389665332
50,5148,0.749036790813629
50,5149,0.805444335322707
50,5150,0.812847825539523
50,5151,0.769232706303039
50,5152,0.787414066631412
50,5153,0.729193422477399
50,5154,0.715645539019415
50,5155,0.803933418951928
50,5156,0.789176802397321
50,5157,0.785600966986477
50,5158,0.716149177809675
50,5159,0.748382060386291
50,5160,0.782881317519075
50,5161,0.835864118254388
50,5162,0.779154390471154
50,5163,0.729697061267659
50,5164,0.733726171589736
50,5165,0.782176223212712
50,5166,0.683261564805721
50,5167,0.761224849537911
50,5168,0.802623958097253
50,5169,0.790889174284203
50,5170,0.700637103069678
50,5171,0.771045805947974
50,5172,0.803077233008486
50,5173,0.818236760595301
50,5174,0.790989902042255
50,5175,0.830525547077636
50,5176,0.781974767696608
50,5177,0.78756515826849
50,5178,0.737150915363501
50,5179,0.808466168064264
50,5180,0.807458890483745
50,5181,0.754274634232329
50,5182,0.808365440306212
50,5183,0.695953262320264
50,5184,0.765656870892196
50,5185,0.823273148497897
50,5186,0.741180025685578
50,5187,0.793860643146735
50,5188,0.792148271259853
50,5189,0.828561355795623
50,5190,0.710860970511949
50,5191,0.84095087003601
50,5192,0.734280174259021
50,5193,0.719221374430259
50,5194,0.765203595980962
50,5195,0.758656291707587
50,5196,0.670620231170205
50,5197,0.747576238321875
50,5198,0.65047467955982
50,5199,0.797134295283423
50,5200,0.722142479413764
50,5201,0.772304902923623
50,5202,0.758555563949535
50,5203,0.750044068394148
50,5204,0.853088564881267
50,5205,0.786205333534789
50,5206,0.685376847724812
50,5207,0.822215507038352
50,5208,0.77608219385057
50,5209,0.751554984764927
50,5210,0.729143058598373
50,5211,0.772707813955831
50,5212,0.696910176021757
50,5213,0.72244466268792
50,5214,0.748684243660447
50,5215,0.729999244541815
50,5216,0.656669436680013
50,5217,0.741079297927526
50,5218,0.767167787262975
50,5219,0.732869985646295
50,5220,0.791090629800307
50,5221,0.786306061292841
50,5222,0.822014051522248
50,5223,0.721487748986427
50,5224,0.751403893127849
50,5225,0.693082521215784
50,5226,0.759210294376873
50,5227,0.694543073707537
50,5228,0.719775377099544
50,5229,0.660094180453779
50,5230,0.801465588879656
50,5231,0.793608823751605
50,5232,0.805796882475888
50,5233,0.778197476769661
50,5234,0.813552919845887
50,5235,0.716854272116038
50,5236,0.816272569313289
50,5237,0.717156455390194
50,5238,0.794213190299917
50,5239,0.746468232983304
50,5240,0.829618997255169
50,5241,0.745662410918889
50,5242,0.750900254337589
50,5243,0.665483115509557
50,5244,0.746065321951097
50,5245,0.742086575508046
50,5246,0.772858905592909
50,5247,0.835007932310947
50,5248,0.708695323713832
50,5249,0.761527032812067
50,5250,0.735085996323437
50,5251,0.75276371786155
50,5252,0.645136108383068
50,5253,0.77658583264083
50,5254,0.741834756112916
50,5255,0.827402986578026
50,5256,0.782377678728816
50,5257,0.739467653798696
50,5258,0.74752587444285
50,5259,0.748734607539473
50,5260,0.753216992772783
50,5261,0.80353050791972
50,5262,0.730603611090126
50,5263,0.767520334416157
50,5264,0.819042582659717
50,5265,0.793407368235502
50,5266,0.805545063080759
50,5267,0.76273576590869
50,5268,0.846541260607892
50,5269,0.700385283674549
50,5270,0.803731963435824
50,5271,0.710508423358767
50,5272,0.749490065724862
50,5273,0.714487169801818
50,5274,0.793709551509657
50,5275,0.745813502555967
50,5276,0.721941023897661
50,5277,0.743698219636876
50,5278,0.791392813074463
50,5279,0.79255118229206
50,5280,0.805444335322707
50,5281,0.876457404749314
50,5282,0.763037949182846
50,5283,0.817028027498678
50,5284,0.809473445644784
50,5285,0.715645539019415
50,5286,0.744604769459344
50,5287,0.747425146684798
50,5288,0.621565812998917
50,5289,0.805998337991992
50,5290,0.788018433179724
50,5291,0.810984362015562
50,5292,0.713882803253507
50,5293,0.822668781949586
50,5294,0.740525295258241
50,5295,0.688600135982473
50,5296,0.760066480320314
50,5297,0.820402407393418
50,5298,0.774672005237843
50,5299,0.736143637782982
50,5300,0.769937800609403
50,5301,0.787766613784594
50,5302,0.73866183173428
50,5303,0.852836745486137
50,5304,0.834605021278739
50,5305,0.74651859686233
50,5306,0.823071692981793
50,5307,0.809674901160887
50,5308,0.731107249880386
50,5309,0.701795472287276
50,5310,0.770642894915767
50,5311,0.750598071063433
50,5312,0.791997179622775
50,5313,0.779406209866284
50,5314,0.753770995442069
50,5315,0.769937800609403
50,5316,0.696658356626627
50,5317,0.80403414670998
50,5318,0.784593689405958
50,5319,0.746166049709149
50,5320,0.7501447961522
50,5321,0.776787288156934
50,5322,0.812596006144393
50,5323,0.751000982095641
50,5324,0.739518017677722
50,5325,0.781974767696608
50,5326,0.808566895822316
50,5327,0.742942761451487
50,5328,0.78519805595427
50,5329,0.751454257006875
50,5330,0.798494120017124
50,5331,0.737050187605449
50,5332,0.754324998111355
50,5333,0.728790511445191
50,5334,0.737201279242527
50,5335,0.74465513333837
50,5336,0.839238498149128
50,5337,0.820150587998288
50,5338,0.828561355795623
50,5339,0.772355266802649
50,5340,0.738309284581098
50,5341,0.730855430485256
50,5342,0.767621062174209
50,5343,0.827755533731208
50,5344,0.678325904661177
50,5345,0.758152652917328
50,5346,0.763340132457002
50,5347,0.797889753468812
50,5348,0.722797209841102
50,5349,0.79018407997784
50,5350,0.779355845987258
50,5351,0.767923245448364
50,5352,0.764095590642391
50,5353,0.678325904661177
50,5354,0.790536627131022
50,5355,0.679433909999748
50,5356,0.81400619475712
50,5357,0.812444914507315
50,5358,0.78494623655914
50,5359,0.826043161844325
50,5360,0.636826068343784
50,5361,0.818790763264587
50,5362,0.76374304348921
50,5363,0.673289516758581
50,5364,0.757699378006094
50,5365,0.799652489234721
50,5366,0.802221047065045
50,5367,0.770391075520637
50,5368,0.785752058623555
50,5369,0.786759336204074
50,5370,0.798242300621994
50,5371,0.777593110221349
50,5372,0.84981491274458
50,5373,0.747727329958953
50,5374,0.748986426934602
50,5375,0.731862708065775
50,5376,0.778751479438946
50,5377,0.779859484777518
50,5378,0.696305809473446
50,5379,0.744554405580318
50,5380,0.621112538087684
50,5381,0.791846087985697
50,5382,0.71458789755987
50,5383,0.74964115736194
50,5384,0.798141572863942
50,5385,0.779053662713102
50,5386,0.774772732995895
50,5387,0.636221701795472
50,5388,0.766915967867845
50,5389,0.790486263251996
50,5390,0.78968044118758
50,5391,0.738762559492332
50,5392,0.845886530180554
50,5393,0.775679282818363
50,5394,0.70723477122208
50,5395,0.689003047014681
50,5396,0.735992546145904
50,5397,0.697111631537861
50,5398,0.66830349273501
50,5399,0.776736924277908
50,5400,0.835007932310947
50,5401,0.740374203621163
50,5402,0.68789504167611
50,5403,0.726221953614867
50,5404,0.654302334365793
50,5405,0.702299111077535
50,5406,0.731006522122334
50,5407,0.776938379794012
50,5408,0.73941728991967
50,5409,0.820754954546599
50,5410,0.838734859358868
50,5411,0.790738082647125
50,5412,0.738510740097202
50,5413,0.818035305079197
50,5414,0.717257183148246
50,5415,0.661756188461635
50,5416,0.712522978519806
50,5417,0.764246682279469
50,5418,0.746468232983304
50,5419,0.71408425876961
50,5420,0.791493540832515
50,5421,0.713076981189091
50,5422,0.752662990103498
50,5423,0.745259499886681
50,5424,0.842260330890685
50,5425,0.853239656518345
50,5426,0.703759663569288
50,5427,0.861549696557629
50,5428,0.853894386945683
50,5429,0.757397194731938
50,5430,0.805293243685629
50,5431,0.825841706328221
50,5432,0.685628667119942
50,5433,0.820553499030495
50,5434,0.732517438493113
50,5435,0.748885699176551
50,5436,0.734531993654151
50,5437,0.72269648208305
50,5438,0.718868827277077
50,5439,0.815920022160107
50,5440,0.706781496310846
50,5441,0.747626602200902
50,5442,0.74415149454811
50,5443,0.788622799728035
50,5444,0.658885447357155
50,5445,0.703810027448314
50,5446,0.774369821963688
50,5447,0.796479564856085
50,5448,0.787766613784594
50,5449,0.775780010576415
50,5450,0.832993377149908
50,5451,0.709198962504092
50,5452,0.751000982095641
50,5453,0.778147112890635
50,5454,0.739215834403566
50,5455,0.769484525698169
50,5456,0.78182367605953
50,5457,0.740424567500189
50,5458,0.717911913575584
50,5459,0.701191105738964
50,5460,0.753065901135705
50,5461,0.7449069527335
50,5462,0.745712774797915
50,5463,0.752612626224472
50,5464,0.68290901765254
50,5465,0.741381481201682
50,5466,0.816977663619652
50,5467,0.790032988340762
50,5468,0.808315076427186
50,5469,0.751000982095641
50,5470,0.789277530155372
50,5471,0.764297046158495
50,5472,0.82810808088439
50,5473,0.78132003726927
50,5474,0.799904308629851
50,5475,0.815466747248873
50,5476,0.804739241016343
50,5477,0.732315982977009
50,5478,0.759462113772003
50,5479,0.844526705446853
50,5480,0.755483367328952
50,5481,0.734229810379996
50,5482,0.825841706328221
50,5483,0.747173327289668
50,5484,0.799400669839591
50,5485,0.795875198307774
50,5486,0.855405303316462
50,5487,0.724761401123114
50,5488,0.791342449195437
50,5489,0.80091158621037
50,5490,0.794767192969203
50,5491,0.766563420714663
50,5492,0.756742464304601
50,5493,0.748029513233109
50,5494,0.675858074588905
50,5495,0.80826471254816
50,5496,0.767822517690313
50,5497,0.783888595099595
50,5498,0.831683916295233
50,5499,0.751907531918108
50,5500,0.702097655561431
50,5501,0.759713933167133
50,5502,0.729596333509607
50,5503,0.795824834428748
50,5504,0.724157034574803
50,5505,0.769786708972325
50,5506,0.812747097781471
50,5507,0.745410591523759
50,5508,0.770088892246481
50,5509,0.727833597743698
50,5510,0.661655460703583
50,5511,0.771448716980182
50,5512,0.806904887814459
50,5513,0.734129082621944
50,5514,0.815416383369847
50,5515,0.751504620885901
50,5516,0.817733121805041
50,5517,0.718365188486817
50,5518,0.786860063962126
50,5519,0.771801264133364
50,5520,0.790133716098814
50,5521,0.736194001662008
50,5522,0.820049860240236
50,5523,0.744352950064214
50,5524,0.752159351313238
50,5525,0.813653647603939
50,5526,0.771045805947974
50,5527,0.731510160912594
50,5528,0.763440860215054
50,5529,0.736244365541034
50,5530,0.819042582659717
50,5531,0.709400418020196
50,5532,0.828813175190753
50,5533,0.74651859686233
50,5534,0.786557880687971
50,5535,0.7868097000831
50,5536,0.778600387801869
50,5537,0.787615522147516
50,5538,0.790637354889074
50,5539,0.755080456296744
50,5540,0.74440331394324
50,5541,0.782528770365894
50,5542,0.755735186724082
50,5543,0.809825992797965
50,5544,0.766563420714663
50,5545,0.781672584422452
50,5546,0.716854272116038
50,5547,0.781622220543426
50,5548,0.784492961647906
50,5549,0.811185817531666
50,5550,0.766915967867845
50,5551,0.734229810379996
50,5552,0.774571277479791
50,5553,0.809322354007706
50,5554,0.742690942056357
50,5555,0.658935811236182
50,5556,0.784140414494724
50,5557,0.78494623655914
50,5558,0.768628339754728
50,5559,0.76872906751278
50,5560,0.784140414494724
50,5561,0.772204175165571
50,5562,0.746568960741356
50,5563,0.790284807735892
50,5564,0.828208808642442
50,5565,0.795321195638488
50,5566,0.800810858452318
50,5567,0.752108987434212
50,5568,0.748633879781421
50,5569,0.730956158243308
50,5570,0.821711868248092
50,5571,0.753972450958173
50,5572,0.723099393115258
50,5573,0.776787288156934
50,5574,0.702752385988769
50,5575,0.74752587444285
50,5576,0.807408526604719
50,5577,0.816423660950366
50,5578,0.815366019490821
50,5579,0.70386039132734
50,5580,0.713429528342273
50,5581,0.815063836216665
50,5582,0.836166301528544
50,5583,0.702903477625847
50,5584,0.780312759688751
50,5585,0.848958726801138
50,5586,0.770189620004533
50,5587,0.841857419858478
50,5588,0.689607413562993
50,5589,0.709652237415326
50,5590,0.804285966105109
50,5591,0.786205333534789
50,5592,0.793306640477449
50,5593,0.832389010601597
50,5594,0.738007101306943
50,5595,0.774369821963688
50,5596,0.785600966986477
50,5597,0.790586991010048
50,5598,0.832943013270882
50,5599,0.728891239203244
50,5600,0.712120067487598
50,5601,0.693938707159225
50,5602,0.792702273929138
50,5603,0.793508095993554
50,5604,0.674145702702022
50,5605,0.758404472312457
50,5606,0.812696733902445
50,5607,0.800005036387903
50,5608,0.790989902042255
50,5609,0.780917126237063
50,5610,0.831734280174259
50,5611,0.713429528342273
50,5612,0.771901991891416
50,5613,0.794414645816021
50,5614,0.744453677822266
50,5615,0.761778852207197
50,5616,0.784744781043036
50,5617,0.799904308629851
50,5618,0.771499080859208
50,5619,0.847246354914255
50,5620,0.814812016821535
50,5621,0.762534310392586
50,5622,0.739568381556748
50,5623,0.764145954521417
50,5624,0.729646697388633
50,5625,0.712623706277858
50,5626,0.797134295283423
50,5627,0.820301679635365
50,5628,0.754324998111355
50,5629,0.754022814837199
50,5630,0.803631235677772
50,5631,0.820301679635365
50,5632,0.826294981239455
50,5633,0.795975926065826
50,5634,0.7815718566644
50,5635,0.772909269471935
50,5636,0.762483946513561
50,5637,0.748079877112135
50,5638,0.738107829064995
50,5639,0.744101130669084
50,5640,0.750849890458563
50,5641,0.840648686761855
50,5642,0.751554984764927
50,5643,0.756238825514341
50,5644,0.745259499886681
50,5645,0.769988164488429
50,5646,0.832338646722571
50,5647,0.689607413562993
50,5648,0.755332275691874
50,5649,0.697564906449095
50,5650,0.722746845962076
50,5651,0.688499408224422
50,5652,0.760771574626678
50,5653,0.759411749892977
50,5654,0.831381733021077
50,5655,0.807559618241797
50,5656,0.74989297675707
50,5657,0.802825413613357
50,5658,0.76847724811765
50,5659,0.755785550603107
50,5660,0.69026214399033
50,5661,0.76349122409408
50,5662,0.769182342424014
50,5663,0.748482788144343
50,5664,0.732265619097983
50,5665,0.724106670695777
50,5666,0.748130240991161
50,5667,0.826949711666793
50,5668,0.80902017073355
50,5669,0.668958223162348
50,5670,0.744755861096422
50,5671,0.790335171614918
50,5672,0.807358162725693
50,5673,0.75200825967616
50,5674,0.740374203621163
50,5675,0.780564579083881
50,5676,0.812394550628289
50,5677,0.753720631563043
50,5678,0.78968044118758
50,5679,0.687341039006824
50,5680,0.627357659086903
50,5681,0.76323940469895
50,5682,0.838180856689582
50,5683,0.784744781043036
50,5684,0.699226914456952
50,5685,0.755080456296744
50,5686,0.805293243685629
50,5687,0.809775628918939
50,5688,0.799048122686409
50,5689,0.785903150260633
50,5690,0.795220467880436
50,5691,0.789277530155372
50,5692,0.783183500793231
50,5693,0.774118002568558
50,5694,0.837072851351011
50,5695,0.73654654881519
50,5696,0.755584095087004
50,5697,0.755684822845055
50,5698,0.748533152023369
50,5699,0.768275792601546
50,5700,0.697715998086173
50,5701,0.777844929616479
50,5702,0.821258593336859
50,5703,0.811336909168744
50,5704,0.803580871798746
50,5705,0.760217571957392
50,5706,0.7357910906298
50,5707,0.817430938530886
50,5708,0.687240311248772
50,5709,0.787615522147516
50,5710,0.803379416282642
50,5711,0.787011155599204
50,5712,0.840497595124777
50,5713,0.788320616453879
50,5714,0.770995442068948
50,5715,0.750094432273174
50,5716,0.773060361109013
50,5717,0.678225176903125
50,5718,0.733726171589736
50,5719,0.778650751680894
50,5720,0.81763239404699
50,5721,0.791946815743749
50,5722,0.766160509682456
50,5723,0.840648686761855
50,5724,0.753972450958173
50,5725,0.6742967943391
50,5726,0.737704918032787
50,5727,0.719372466067337
50,5728,0.758203016796354
50,5729,0.706781496310846
50,5730,0.799249578202513
50,5731,0.791191357558359
50,5732,0.716854272116038
50,5733,0.758152652917328
50,5734,0.804890332653421
50,5735,0.775226007907129
50,5736,0.706328221399612
50,5737,0.715494447382337
50,5738,0.847598902067437
50,5739,0.769333434061091
50,5740,0.703256024779028
50,5741,0.781017853995115
50,5742,0.816675480345496
50,5743,0.797738661831734
50,5744,0.773916547052454
50,5745,0.804537785500239
50,5746,0.791997179622775
50,5747,0.739064742766488
50,5748,0.761224849537911
50,5749,0.718566644002921
50,5750,0.747324418926746
50,5751,0.830172999924454
50,5752,0.796227745460955
50,5753,0.710055148447533
50,5754,0.744201858427136
50,5755,0.776132557729596
50,5756,0.806250157387122
50,5757,0.824784064868676
50,5758,0.757699378006094
50,5759,0.791543904711541
50,5760,0.759311022134925
50,5761,0.710155876205585
50,5762,0.810883634257511
50,5763,0.792702273929138
50,5764,0.706680768552794
50,5765,0.697363450932991
50,5766,0.755785550603107
50,5767,0.696910176021757
50,5768,0.748533152023369
50,5769,0.814459469668354
50,5770,0.715494447382337
50,5771,0.792853365566216
50,5772,0.793810279267709
50,5773,0.839288862028153
50,5774,0.771297625343104
50,5775,0.66019490821183
50,5776,0.656870892196117
50,5777,0.708695323713832
50,5778,0.732215255218957
50,5779,0.823021329102767
50,5780,0.76611014580343
50,5781,0.771297625343104
50,5782,0.721286293470323
50,5783,0.72556722318753
50,5784,0.720379743647856
50,5785,0.82473370098965
50,5786,0.730452519453048
50,5787,0.73392762710584
50,5788,0.801465588879656
50,5789,0.74364785575785
50,5790,0.79829266450102
50,5791,0.736949459847397
50,5792,0.754274634232329
50,5793,0.770038528367455
50,5794,0.724862128881166
50,5795,0.786457152929919
50,5796,0.787968069300698
50,5797,0.772002719649467
50,5798,0.811185817531666
50,5799,0.758908111102717
50,5800,0.733726171589736
50,5801,0.761627760570119
50,5802,0.801818136032837
50,5803,0.691672332603057
50,5804,0.710961698270001
50,5805,0.679987912669034
50,5806,0.779305482108232
50,5807,0.776031829971544
50,5808,0.769434161819143
50,5809,0.817531666288937
50,5810,0.784895872680114
50,5811,0.843720883382438
50,5812,0.753166628893757
50,5813,0.702802749867795
50,5814,0.840850142277958
50,5815,0.756692100425575
50,5816,0.793155548840372
50,5817,0.758958474981743
50,5818,0.686333761426305
50,5819,0.781370401148296
50,5820,0.807761073757901
50,5821,0.787514794389464
50,5822,0.694694165344615
50,5823,0.801264133363552
50,5824,0.794515373574073
50,5825,0.734783813049281
50,5826,0.721739568381557
50,5827,0.650273224043716
50,5828,0.745914230314019
50,5829,0.729848152904737
50,5830,0.784140414494724
50,5831,0.804588149379265
50,5832,0.797386114678552
50,5833,0.827805897610234
50,5834,0.784593689405958
50,5835,0.762937221424794
50,5836,0.795321195638488
50,5837,0.752461534587394
50,5838,0.727481050590516
50,5839,0.788723527486087
50,5840,0.789730805066606
50,5841,0.750295887789278
50,5842,0.686837400216565
50,5843,0.762584674271612
50,5844,0.829216086222961
50,5845,0.759663569288107
50,5846,0.677066807685528
50,5847,0.780514215204855
50,5848,0.794867920727254
50,5849,0.725667950945582
50,5850,0.745007680491551
50,5851,0.769685981214273
50,5852,0.801012313968422
50,5853,0.774722369116869
50,5854,0.726171589735842
50,5855,0.72244466268792
50,5856,0.702148019440457
50,5857,0.772254539044597
50,5858,0.802523230339201
50,5859,0.835108660068999
50,5860,0.810732542620433
50,5861,0.668253128855985
50,5862,0.74677041625746
50,5863,0.808818715217446
50,5864,0.720279015889804
50,5865,0.756893555941679
50,5866,0.827402986578026
50,5867,0.77371509153635
50,5868,0.727581778348568
50,5869,0.793357004356476
50,5870,0.829770088892247
50,5871,0.743093853088565
50,5872,0.754677545264536
50,5873,0.787011155599204
50,5874,0.769988164488429
50,5875,0.806904887814459
50,5876,0.837878673415427
50,5877,0.723804487421621
50,5878,0.843015789076075
50,5879,0.790989902042255
50,5880,0.707637682254287
50,5881,0.733474352194606
50,5882,0.789025710760243
50,5883,0.723552668026491
50,5884,0.741985847749994
50,5885,0.783586411825439
50,5886,0.788773891365113
50,5887,0.813905466999068
50,5888,0.714033894890584
50,5889,0.812545642265367
50,5890,0.705119488302989
50,5891,0.731661252549671
50,5892,0.796630656493163
50,5893,0.765253959859988
50,5894,0.86764372591977
50,5895,0.801364861121604
50,5896,0.716753544357987
50,5897,0.747072599531616
50,5898,0.729848152904737
50,5899,0.765002140464859
50,5900,0.818085668958223
50,5901,0.833748835335298
50,5902,0.761275213416937
50,5903,0.774621641358818
50,5904,0.711414973181234
50,5905,0.783183500793231
50,5906,0.737604190274735
50,5907,0.768275792601546
50,5908,0.770441439399662
50,5909,0.796278109339981
50,5910,0.699680189368185
50,5911,0.72058119916396
50,5912,0.809725265039913
50,5913,0.755684822845055
50,5914,0.773009997229987
50,5915,0.768880159149858
50,5916,0.686484853063383
50,5917,0.742136939387072
50,5918,0.810279267709199
50,5919,0.723653395784543
50,5920,0.736949459847397
50,5921,0.747324418926746
50,5922,0.808818715217446
50,5923,0.808617259701342
50,5924,0.76323940469895
50,5925,0.678174813024099
50,5926,0.72320012087331
50,5927,0.716350633325779
50,5928,0.824230062199391
50,5929,0.812696733902445
50,5930,0.720530835284934
50,5931,0.671274961597542
50,5932,0.692679610183576
50,5933,0.769937800609403
50,5934,0.771700536375312
50,5935,0.685578303240916
50,5936,0.715695902898441
50,5937,0.724660673365063
50,5938,0.762635038150638
50,5939,0.794213190299917
50,5940,0.775981466092519
50,5941,0.836166301528544
50,5942,0.792500818413034
50,5943,0.79280300168719
50,5944,0.750648434942459
50,5945,0.758454836191483
50,5946,0.800861222331344
50,5947,0.763340132457002
50,5948,0.744453677822266
50,5949,0.793256276598424
50,5950,0.815617838885951
50,5951,0.662964921558258
50,5952,0.774067638689532
50,5953,0.718465916244869
50,5954,0.739669109314799
50,5955,0.790536627131022
50,5956,0.749741885119992
50,5957,0.676462441137216
50,5958,0.847145627156204
50,5959,0.739266198282592
50,5960,0.756490644909471
50,5961,0.769988164488429
50,5962,0.805192515927577
50,5963,0.793457732114527
50,5964,0.751051345974667
50,5965,0.740323839742137
50,5966,0.793860643146735
50,5967,0.799652489234721
50,5968,0.850872554204125
50,5969,0.867794817556848
50,5970,0.763541587973106
50,5971,0.707990229407469
50,5972,0.793357004356476
50,5973,0.727128503437335
50,5974,0.792198635138878
50,5975,0.807458890483745
50,5976,0.808818715217446
50,5977,0.768426884238624
50,5978,0.707637682254287
50,5979,0.73604291002493
50,5980,0.760267935836418
50,5981,0.81375437536199
50,5982,0.749540429603888
50,5983,0.818941854901664
50,5984,0.857016947445292
50,5985,0.770290347762585
50,5986,0.769232706303039
50,5987,0.751303165369797
50,5988,0.807207071088615
50,5989,0.778600387801869
50,5990,0.827251894940948
50,5991,0.785046964317192
50,5992,0.764699957190703
50,5993,0.729092694719347
50,5994,0.777442018584271
50,5995,0.809825992797965
50,5996,0.816474024829392
50,5997,0.79229936289693
50,5998,0.794364281936995
50,5999,0.77321145274609
50,6000,0.779104026592128
50,6001,0.807156707209589
50,6002,0.67480043312936
50,6003,0.752411170708368
50,6004,0.738863287250384
50,6005,0.789982624461736
50,6006,0.715041172471104
50,6007,0.791292085316411
50,6008,0.664677293445141
50,6009,0.736194001662008
50,6010,0.744504041701292
50,6011,0.837929037294452
50,6012,0.744856588854474
50,6013,0.751957895797134
50,6014,0.78806879705875
50,6015,0.791745360227645
50,6016,0.765203595980962
50,6017,0.790032988340762
50,6018,0.782830953640049
50,6019,0.705824582609353
50,6020,0.814963108458614
50,6021,0.736848732089346
50,6022,0.797738661831734
50,6023,0.793256276598424
50,6024,0.756843192062653
50,6025,0.742842033693435
50,6026,0.775024552391025
50,6027,0.67716753544358
50,6028,0.749943340636096
50,6029,0.717156455390194
50,6030,0.69600362619929
50,6031,0.764750321069729
50,6032,0.787464430510438
50,6033,0.777744201858427
50,6034,0.795270831759462
50,6035,0.77447054972174
50,6036,0.76298758530382
50,6037,0.782276950970764
50,6038,0.80952380952381
50,6039,0.78706151947823
50,6040,0.801616680516733
50,6041,0.760318299715444
50,6042,0.829467905618091
50,6043,0.748936063055576
50,6044,0.713228072826169
50,6045,0.765405051497066
50,6046,0.772758177834857
50,6047,0.591851124373599
50,6048,0.784341870010828
50,6049,0.736848732089346
50,6050,0.748281332628239
50,6051,0.810027448314069
50,6052,0.739266198282592
50,6053,0.742942761451487
50,6054,0.74178439223389
50,6055,0.717307547027272
50,6056,0.65782780589761
50,6057,0.861197149404447
50,6058,0.788169524816801
50,6059,0.850822190325099
50,6060,0.813099644934653
50,6061,0.76872906751278
50,6062,0.771196897585052
50,6063,0.716300269446753
50,6064,0.765757598650248
50,6065,0.78993226058271
50,6066,0.772607086197779
50,6067,0.811739820200952
50,6068,0.783032409156153
50,6069,0.750245523910252
50,6070,0.761980307723301
50,6071,0.773866183173428
50,6072,0.796731384251215
50,6073,0.824431517715494
50,6074,0.768880159149858
50,6075,0.820049860240236
50,6076,0.815668202764977
50,6077,0.754526453627458
50,6078,0.812092367354134
50,6079,0.72793432550175
50,6080,0.734531993654151
50,6081,0.831885371811337
50,6082,0.777945657374531
50,6083,0.781974767696608
50,6084,0.689657777442019
50,6085,0.850922918083151
50,6086,0.762131399360379
50,6087,0.75276371786155
50,6088,0.682959381531566
50,6089,0.77084435043187
50,6090,0.701594016771172
50,6091,0.726020498098764
50,6092,0.781521492785374
50,6093,0.778046385132583
50,6094,0.717609730301428
50,6095,0.762836493666742
50,6096,0.722495026566946
50,6097,0.842713605801919
50,6098,0.831432096900103
50,6099,0.829669361134195
50,6100,0.801918863790889
50,6101,0.640502631512679
50,6102,0.773110724988039
50,6103,0.734129082621944
50,6104,0.788622799728035
50,6105,0.624184734708267
50,6106,0.729193422477399
50,6107,0.792954093324268
50,6108,0.753418448288887
50,6109,0.855002392284254
50,6110,0.819546221449976
50,6111,0.831633552416207
50,6112,0.708796051471884
50,6113,0.810631814862381
50,6114,0.762030671602327
50,6115,0.775729646697389
50,6116,0.737604190274735
50,6117,0.787212611115308
50,6118,0.758152652917328
50,6119,0.734884540807333
50,6120,0.720228652010778
50,6121,0.802875777492382
50,6122,0.786255697413815
50,6123,0.714738989196948
50,6124,0.764750321069729
50,6125,0.741935483870968
50,6126,0.737150915363501
50,6127,0.762131399360379
50,6128,0.72506358439727
50,6129,0.786658608446023
50,6130,0.799299942081539
50,6131,0.772204175165571
50,6132,0.735740726750774
50,6133,0.795975926065826
50,6134,0.677117171564554
50,6135,0.771398353101156
50,6136,0.764196318400443
50,6137,0.724005942937725
50,6138,0.707184407343054
50,6139,0.707788773891365
50,6140,0.717357910906298
50,6141,0.791342449195437
50,6142,0.820301679635365
50,6143,0.76898088690791
50,6144,0.831683916295233
50,6145,0.694845256981693
50,6146,0.801717408274785
50,6147,0.820553499030495
50,6148,0.7959255621868
50,6149,0.674649341492282
50,6150,0.795875198307774
50,6151,0.764196318400443
50,6152,0.755684822845055
50,6153,0.720430107526882
50,6154,0.767621062174209
50,6155,0.663468560348518
50,6156,0.739064742766488
50,6157,0.7658583264083
50,6158,0.71982574097857
50,6159,0.797738661831734
50,6160,0.736395457178112
50,6161,0.742187303266098
50,6162,0.808214348669135
50,6163,0.732416710735061
50,6164,0.726524136889023
50,6165,0.684419934023318
50,6166,0.765002140464859
50,6167,0.783838231220569
50,6168,0.771196897585052
50,6169,0.773009997229987
50,6170,0.810984362015562
50,6171,0.795270831759462
50,6172,0.707536954496235
50,6173,0.793558459872579
50,6174,0.749792248999018
50,6175,0.769685981214273
50,6176,0.728085417138828
50,6177,0.765052504343885
50,6178,0.876910679660548
50,6179,0.667447306791569
50,6180,0.694945984739745
50,6181,0.756994283699731
50,6182,0.751101709853693
50,6183,0.807358162725693
50,6184,0.767621062174209
50,6185,0.717106091511168
50,6186,0.786608244566997
50,6187,0.793860643146735
50,6188,0.700032736521367
50,6189,0.758656291707587
50,6190,0.824834428747702
50,6191,0.782830953640049
50,6192,0.739870564830903
50,6193,0.803580871798746
50,6194,0.728387600412984
50,6195,0.783989322857647
50,6196,0.773110724988039
50,6197,0.805343607564655
50,6198,0.762433582634535
50,6199,0.727632142227594
50,6200,0.757346830852912
50,6201,0.795119740122384
50,6202,0.80302686912946
50,6203,0.843368336229256
50,6204,0.7410289340485
50,6205,0.723603031905517
50,6206,0.696356173352472
50,6207,0.814812016821535
50,6208,0.714235350406688
50,6209,0.720681926922012
50,6210,0.752360806829342
50,6211,0.783989322857647
50,6212,0.786205333534789
50,6213,0.772909269471935
50,6214,0.770491803278689
50,6215,0.703709299690262
50,6216,0.802976505250434
50,6217,0.822467326433482
50,6218,0.700637103069678
50,6219,0.757145375336808
50,6220,0.819395129812898
50,6221,0.761325577295963
50,6222,0.770642894915767
50,6223,0.685628667119942
50,6224,0.79043589937297
50,6225,0.779154390471154
50,6226,0.742136939387072
50,6227,0.695902898441238
50,6228,0.714487169801818
50,6229,0.795019012364332
50,6230,0.685729394877994
50,6231,0.763088313061872
50,6232,0.743345672483695
50,6233,0.763390496336028
50,6234,0.771851628012389
50,6235,0.703709299690262
50,6236,0.777945657374531
50,6237,0.798997758807383
50,6238,0.795321195638488
50,6239,0.757951197401224
50,6240,0.786003878018685
50,6241,0.809120898491602
50,6242,0.777492382463297
50,6243,0.772758177834857
50,6244,0.706177129762534
50,6245,0.759713933167133
50,6246,0.81949585757095
50,6247,0.785399511470373
50,6248,0.574979224899902
50,6249,0.741734028354864
50,6250,0.688650499861499
50,6251,0.751454257006875
50,6252,0.709551509657274
50,6253,0.798695575533228
50,6254,0.848857999043086
50,6255,0.768678703633754
50,6256,0.830928458109844
50,6257,0.782780589761023
50,6258,0.823676059530105
50,6259,0.777492382463297
50,6260,0.784392233889854
50,6261,0.692478154667473
50,6262,0.817229483014782
50,6263,0.749087154692654
50,6264,0.762685402029664
50,6265,0.673390244516633
50,6266,0.766160509682456
50,6267,0.807458890483745
50,6268,0.745410591523759
50,6269,0.815970386039133
50,6270,0.6991261866989
50,6271,0.810933998136537
50,6272,0.849361637833346
50,6273,0.715796630656493
50,6274,0.830021908287376
50,6275,0.742539850419279
50,6276,0.735438543476619
50,6277,0.82186295988517
50,6278,0.80902017073355
50,6279,0.699831281005263
50,6280,0.854146206340812
50,6281,0.772808541713883
50,6282,0.793558459872579
50,6283,0.792752637808164
50,6284,0.786306061292841
50,6285,0.747626602200902
50,6286,0.621263629724761
50,6287,0.812998917176601
50,6288,0.880033240160157
50,6289,0.813150008813679
50,6290,0.736949459847397
50,6291,0.782276950970764
50,6292,0.732668530130191
50,6293,0.756893555941679
50,6294,0.71982574097857
50,6295,0.75800156128025
50,6296,0.704565485633703
50,6297,0.731812344186749
50,6298,0.807660345999849
50,6299,0.717911913575584
50,6300,0.786255697413815
50,6301,0.75825338067538
50,6302,0.693686887764096
50,6303,0.790032988340762
50,6304,0.759814660925184
50,6305,0.756289189393367
50,6306,0.776938379794012
50,6307,0.75487900078064
50,6308,0.742237667145124
50,6309,0.797033567525371
50,6310,0.739920928709929
50,6311,0.678074085266047
50,6312,0.72556722318753
50,6313,0.845936894059581
50,6314,0.753670267684017
50,6315,0.770441439399662
50,6316,0.719171010551233
50,6317,0.760570119110574
50,6318,0.774873460753947
50,6319,0.684923572813578
50,6320,0.772808541713883
50,6321,0.718868827277077
50,6322,0.768829795270832
50,6323,0.831935735690363
50,6324,0.789327894034399
50,6325,0.78132003726927
50,6326,0.729646697388633
50,6327,0.713681347737403
50,6328,0.886227997280351
50,6329,0.742237667145124
50,6330,0.738057465185969
50,6331,0.72506358439727
50,6332,0.7959255621868
50,6333,0.779255118229206
50,6334,0.795019012364332
50,6335,0.746014958072071
50,6336,0.795270831759462
50,6337,0.751857168039082
50,6338,0.793155548840372
50,6339,0.77970839314044
50,6340,0.756641736546549
50,6341,0.829618997255169
50,6342,0.681398101281761
50,6343,0.749943340636096
50,6344,0.762131399360379
50,6345,0.826748256150689
50,6346,0.822970965223742
50,6347,0.716803908237012
50,6348,0.794565737453099
50,6349,0.774923824632973
50,6350,0.765505779255118
50,6351,0.812293822870238
50,6352,0.789176802397321
50,6353,0.778499660043817
50,6354,0.836770668076855
50,6355,0.712825161793961
50,6356,0.791846087985697
50,6357,0.702047291682405
50,6358,0.718969555035129
50,6359,0.825388431416988
50,6360,0.75200825967616
50,6361,0.786759336204074
50,6362,0.754425725869406
50,6363,0.738510740097202
50,6364,0.765253959859988
50,6365,0.676512805016242
50,6366,0.836921759713933
50,6367,0.774369821963688
50,6368,0.747374782805772
50,6369,0.736848732089346
50,6370,0.798191936742968
50,6371,0.667749490065725
50,6372,0.70124146961799
50,6373,0.72320012087331
50,6374,0.702047291682405
50,6375,0.672735514089295
50,6376,0.769383797940117
50,6377,0.686434489184357
50,6378,0.765757598650248
50,6379,0.778449296164791
50,6380,0.748029513233109
50,6381,0.850520007050943
50,6382,0.776888015914986
50,6383,0.723754123542595
50,6384,0.822467326433482
50,6385,0.783334592430309
50,6386,0.731661252549671
50,6387,0.768175064843494
50,6388,0.707083679585002
50,6389,0.845533983027373
50,6390,0.798393392259072
50,6391,0.749036790813629
50,6392,0.836065573770492
50,6393,0.770139256125507
50,6394,0.693989071038251
50,6395,0.772153811286545
50,6396,0.800710130694266
50,6397,0.721840296139609
50,6398,0.767772153811287
50,6399,0.708947143108962
50,6400,0.739467653798696
50,6401,0.700234192037471
50,6402,0.833043741028934
50,6403,0.755281911812848
50,6404,0.80952380952381
50,6405,0.69262924630455
50,6406,0.735891818387852
50,6407,0.770088892246481
50,6408,0.754324998111355
50,6409,0.766764876230767
50,6410,0.836267029286596
50,6411,0.835007932310947
50,6412,0.803832691193876
50,6413,0.715746266777467
50,6414,0.816272569313289
50,6415,0.749993704515122
50,6416,0.699629825489159
50,6417,0.87650776862834
50,6418,0.798191936742968
50,6419,0.763088313061872
50,6420,0.709047870867014
50,6421,0.783233864672257
50,6422,0.755533731207978
50,6423,0.774571277479791
50,6424,0.726322681372919
50,6425,0.734884540807333
50,6426,0.718415552365843
50,6427,0.796882475888293
50,6428,0.862708065775226
50,6429,0.788119160937775
50,6430,0.744000402911032
50,6431,0.762081035481353
50,6432,0.729797789025711
50,6433,0.783384956309335
50,6434,0.724408853969933
50,6435,0.824582609352572
50,6436,0.757095011457782
50,6437,0.735589635113696
50,6438,0.688549772103447
50,6439,0.799148850444461
50,6440,0.802472866460175
50,6441,0.69051396338546
50,6442,0.720430107526882
50,6443,0.735287451839541
50,6444,0.691420513207927
50,6445,0.75251189846642
50,6446,0.812898189418549
50,6447,0.796580292614137
50,6448,0.830021908287376
50,6449,0.803177960766538
50,6450,0.790586991010048
50,6451,0.749490065724862
50,6452,0.744050766790058
50,6453,0.814560197426406
50,6454,0.821963687643222
50,6455,0.857369494598474
50,6456,0.770139256125507
50,6457,0.823323512376923
50,6458,0.811840547959004
50,6459,0.754425725869406
50,6460,0.738158192944021
50,6461,0.713580619979351
50,6462,0.712875525672987
50,6463,0.781168945632193
50,6464,0.83808012893153
50,6465,0.789277530155372
50,6466,0.806955251693485
50,6467,0.835058296189973
50,6468,0.804839968774395
50,6469,0.741734028354864
50,6470,0.654654881518975
50,6471,0.74777769383798
50,6472,0.788018433179724
50,6473,0.757649014127068
50,6474,0.757850469643172
50,6475,0.775830374455441
50,6476,0.777996021253557
50,6477,0.794968648485306
50,6478,0.81974767696608
50,6479,0.742892397572461
50,6480,0.725970134219738
50,6481,0.753065901135705
50,6482,0.708191684923573
50,6483,0.670670595049231
50,6484,0.657173075470273
50,6485,0.748331696507265
50,6486,0.783636775704465
50,6487,0.742690942056357
50,6488,0.777794565737453
50,6489,0.802976505250434
50,6490,0.67192969202488
50,6491,0.763289768577976
50,6492,0.789378257913425
50,6493,0.678879907330463
50,6494,0.77159980861726
50,6495,0.781068217874141
50,6496,0.708443504318703
50,6497,0.776686560398882
50,6498,0.775578555060311
50,6499,0.815164563974717
50,6500,0.717005363753116
50,6501,0.748986426934602
50,6502,0.76560650701317
50,6503,0.826949711666793
50,6504,0.814660925184458
50,6505,0.810329631588225
50,6506,0.748583515902395
50,6507,0.787867341542646
50,6508,0.793357004356476
50,6509,0.728589055929088
50,6510,0.750799526579537
50,6511,0.735438543476619
50,6512,0.723300848631362
50,6513,0.790788446526152
50,6514,0.771398353101156
50,6515,0.800256855783033
50,6516,0.742892397572461
50,6517,0.75200825967616
50,6518,0.778147112890635
50,6519,0.746921507894538
50,6520,0.724711037244089
50,6521,0.77396691093148
50,6522,0.784895872680114
50,6523,0.705320943819093
50,6524,0.735891818387852
50,6525,0.729042330840321
50,6526,0.723351212510388
50,6527,0.849109818438216
50,6528,0.837526126262245
50,6529,0.75226007907129
50,6530,0.690362871748382
50,6531,0.760721210747652
50,6532,0.795321195638488
50,6533,0.758404472312457
50,6534,0.775477827302259
50,6535,0.731560524791619
50,6536,0.772858905592909
50,6537,0.761375941174989
50,6538,0.812243458991212
50,6539,0.773765455415376
50,6540,0.803681599556798
50,6541,0.800961950089396
50,6542,0.770894714310896
50,6543,0.811488000805822
50,6544,0.719372466067337
50,6545,0.719674649341492
50,6546,0.864269346025031
50,6547,0.791896451864723
50,6548,0.683916295233059
50,6549,0.794616101332125
50,6550,0.786960791720178
50,6551,0.831835007932311
50,6552,0.719019918914155
50,6553,0.762886857545768
50,6554,0.782025131575634
50,6555,0.704212938480522
50,6556,0.736848732089346
50,6557,0.75487900078064
50,6558,0.771096169827
50,6559,0.810128176072121
50,6560,0.737402734758631
50,6561,0.826043161844325
50,6562,0.680541915338319
50,6563,0.744252222306162
50,6564,0.78132003726927
50,6565,0.70698295182695
50,6566,0.750346251668303
50,6567,0.748734607539473
50,6568,0.737050187605449
50,6569,0.796378837098033
50,6570,0.793810279267709
50,6571,0.770995442068948
50,6572,0.785651330865503
50,6573,0.760570119110574
50,6574,0.849865276623606
50,6575,0.787111883357256
50,6576,0.631336405529954
50,6577,0.757900833522198
50,6578,0.815214927853743
50,6579,0.741734028354864
50,6580,0.763541587973106
50,6581,0.814812016821535
50,6582,0.773916547052454
50,6583,0.629422578126967
50,6584,0.797537206315631
50,6585,0.75774974188512
50,6586,0.78706151947823
50,6587,0.82760444209413
50,6588,0.78207549545466
50,6589,0.839439953665231
50,6590,0.821560776611015
50,6591,0.783284228551283
50,6592,0.739266198282592
50,6593,0.673742791669814
50,6594,0.829467905618091
50,6595,0.81738057465186
50,6596,0.644128830802548
50,6597,0.760973030142782
50,6598,0.749741885119992
50,6599,0.768175064843494
50,6600,0.723804487421621
50,6601,0.732567802372139
50,6602,0.765656870892196
50,6603,0.760519755231548
50,6604,0.782377678728816
50,6605,0.784593689405958
50,6606,0.665886026541764
50,6607,0.732819621767268
50,6608,0.786708972325049
50,6609,0.642567550552744
50,6610,0.730251063936945
50,6611,0.820654226788547
50,6612,0.758757019465639
50,6613,0.727632142227594
50,6614,0.803480144040694
50,6615,0.723401576389414
50,6616,0.785752058623555
50,6617,0.784140414494724
50,6618,0.782679862002972
50,6619,0.757699378006094
50,6620,0.723955579058699
50,6621,0.784140414494724
50,6622,0.714738989196948
50,6623,0.74964115736194
50,6624,0.678980635088515
50,6625,0.696356173352472
50,6626,0.734179446500969
50,6627,0.820150587998288
50,6628,0.71408425876961
50,6629,0.771499080859208
50,6630,0.705371307698119
50,6631,0.766966331746871
50,6632,0.756389917151419
50,6633,0.811538364684848
50,6634,0.783737503462517
50,6635,0.837324670746141
50,6636,0.741381481201682
50,6637,0.722343934929868
50,6638,0.813452192087835
50,6639,0.756490644909471
50,6640,0.761627760570119
50,6641,0.791493540832515
50,6642,0.838885950995946
50,6643,0.562841530054645
50,6644,0.818488579990431
50,6645,0.764649593311677
50,6646,0.79617738158193
50,6647,0.783183500793231
50,6648,0.708141321044547
50,6649,0.743194580846617
50,6650,0.748734607539473
50,6651,0.766815240109793
50,6652,0.766160509682456
50,6653,0.770139256125507
50,6654,0.786054241897711
50,6655,0.810933998136537
50,6656,0.824632973231598
50,6657,0.736949459847397
50,6658,0.749540429603888
50,6659,0.738561103976228
50,6660,0.755533731207978
50,6661,0.809624537281861
50,6662,0.725416131550452
50,6663,0.760016116441288
50,6664,0.780514215204855
50,6665,0.795623378912644
50,6666,0.644582105713782
50,6667,0.750497343305381
50,6668,0.684168114628189
50,6669,0.768880159149858
50,6670,0.776686560398882
50,6671,0.783334592430309
50,6672,0.782478406486868
50,6673,0.723905215179673
50,6674,0.775226007907129
50,6675,0.69288106569968
50,6676,0.742539850419279
50,6677,0.753770995442069
50,6678,0.772405630681675
50,6679,0.767268515021027
50,6680,0.762282490997457
50,6681,0.753166628893757
50,6682,0.744856588854474
50,6683,0.731661252549671
50,6684,0.742842033693435
50,6685,0.757800105764146
50,6686,0.827453350457052
50,6687,0.816423660950366
50,6688,0.700939286343834
50,6689,0.84407343053562
50,6690,0.795774470549722
50,6691,0.792601546171086
50,6692,0.716703180478961
50,6693,0.776787288156934
50,6694,0.850671098688021
50,6695,0.75774974188512
50,6696,0.714285714285714
50,6697,0.732567802372139
50,6698,0.802724685855305
50,6699,0.818035305079197
50,6700,0.810027448314069
50,6701,0.835410843343154
50,6702,0.791896451864723
50,6703,0.739115106645514
50,6704,0.745309863765707
50,6705,0.672534058573191
50,6706,0.777039107552064
50,6707,0.797738661831734
50,6708,0.667145123517413
50,6709,0.725113948276296
50,6710,0.787514794389464
50,6711,0.784795144922062
50,6712,0.792702273929138
50,6713,0.730049608420841
50,6714,0.719019918914155
50,6715,0.854347661856916
50,6716,0.813150008813679
50,6717,0.748382060386291
50,6718,0.777643474100375
50,6719,0.699378006094029
50,6720,0.84145450882627
50,6721,0.781118581753167
50,6722,0.720379743647856
50,6723,0.814157286394198
50,6724,0.815466747248873
50,6725,0.786507516808945
50,6726,0.791694996348619
50,6727,0.784492961647906
50,6728,0.727128503437335
50,6729,0.790234443856866
50,6730,0.786557880687971
50,6731,0.753166628893757
50,6732,0.689154138651759
50,6733,0.752713353982524
50,6734,0.704011482964418
50,6735,0.802221047065045
50,6736,0.768175064843494
50,6737,0.792853365566216
50,6738,0.848958726801138
50,6739,0.814560197426406
50,6740,0.804688877137317
50,6741,0.707788773891365
50,6742,0.662511646647025
50,6743,0.772959633350961
50,6744,0.771096169827
50,6745,0.749036790813629
50,6746,0.788169524816801
50,6747,0.766764876230767
50,6748,0.765959054166352
50,6749,0.759361386013951
50,6750,0.790889174284203
50,6751,0.805242879806603
50,6752,0.667799853944751
50,6753,0.848102540857697
50,6754,0.787011155599204
50,6755,0.867996273072952
50,6756,0.727984689380776
50,6757,0.819546221449976
50,6758,0.683513384200851
50,6759,0.824784064868676
50,6760,0.806552340661278
50,6761,0.787867341542646
50,6762,0.74465513333837
50,6763,0.755080456296744
50,6764,0.800005036387903
50,6765,0.682858653773514
50,6766,0.846793080003022
50,6767,0.690413235627408
50,6768,0.795522651154592
50,6769,0.828964266827831
50,6770,0.805947974112966
50,6771,0.775326735665181
50,6772,0.789478985671476
50,6773,0.705421671577145
50,6774,0.702752385988769
50,6775,0.794767192969203
50,6776,0.730049608420841
50,6777,0.769031250786936
50,6778,0.770945078189922
50,6779,0.827956989247312
50,6780,0.804537785500239
50,6781,0.793205912719398
50,6782,0.789227166276347
50,6783,0.761879579965249
50,6784,0.764045226763365
50,6785,0.786708972325049
50,6786,0.705572763214223
50,6787,0.655511067462416
50,6788,0.763088313061872
50,6789,0.784392233889854
50,6790,0.688449044345395
50,6791,0.763994862884339
50,6792,0.787917705421671
50,6793,0.801465588879656
50,6794,0.699730553247211
50,6795,0.707587318375261
50,6796,0.673037697363451
50,6797,0.785449875349399
50,6798,0.747072599531616
50,6799,0.788723527486087
50,6800,0.792047543501801
50,6801,0.732517438493113
50,6802,0.798393392259072
50,6803,0.81949585757095
50,6804,0.725919770340712
50,6805,0.789579713429528
50,6806,0.75301553725668
50,6807,0.794213190299917
50,6808,0.755433003449926
50,6809,0.775931102213492
50,6810,0.76872906751278
50,6811,0.745863866434993
50,6812,0.734481629775125
50,6813,0.745612047039863
50,6814,0.566870640376722
50,6815,0.80851653194329
50,6816,0.771750900254338
50,6817,0.711767520334416
50,6818,0.737856009669865
50,6819,0.801415225000629
50,6820,0.812596006144393
50,6821,0.756037369998237
50,6822,0.788169524816801
50,6823,0.768023973206416
50,6824,0.72244466268792
50,6825,0.770894714310896
50,6826,0.700939286343834
50,6827,0.684369570144293
50,6828,0.804437057742187
50,6829,0.775477827302259
50,6830,0.811437636926796
50,6831,0.816725844224522
50,6832,0.812646370023419
50,6833,0.77396691093148
50,6834,0.753922087079147
50,6835,0.739467653798696
50,6836,0.786759336204074
50,6837,0.772103447407519
50,6838,0.72032937976883
50,6839,0.767822517690313
50,6840,0.709702601294352
50,6841,0.723552668026491
50,6842,0.783082773035179
50,6843,0.560877338772632
50,6844,0.828964266827831
50,6845,0.805041424290499
50,6846,0.737100551484475
50,6847,0.765153232101937
50,6848,0.761073757900834
50,6849,0.671577144871698
50,6850,0.849663821107502
50,6851,0.774772732995895
50,6852,0.772204175165571
50,6853,0.762131399360379
50,6854,0.698572184029614
50,6855,0.829064994585883
50,6856,0.782125859333686
50,6857,0.840346503487699
50,6858,0.704515121754678
50,6859,0.709954420689481
50,6860,0.745612047039863
50,6861,0.786255697413815
50,6862,0.772607086197779
50,6863,0.769534889577195
50,6864,0.794364281936995
50,6865,0.83309410490796
50,6866,0.795774470549722
50,6867,0.826697892271663
50,6868,0.680491551459293
50,6869,0.751806804160056
50,6870,0.748180604870187
50,6871,0.637682254287225
50,6872,0.759059202739795
50,6873,0.782176223212712
50,6874,0.689355594167863
50,6875,0.757145375336808
50,6876,0.754022814837199
50,6877,0.733373624436554
50,6878,0.791443176953489
50,6879,0.813401828208809
50,6880,0.741331117322656
50,6881,0.707285135101105
50,6882,0.799048122686409
50,6883,0.818992218780691
50,6884,0.735488907355645
50,6885,0.762584674271612
50,6886,0.738309284581098
50,6887,0.651935232051573
50,6888,0.816071113797185
50,6889,0.769182342424014
50,6890,0.709400418020196
50,6891,0.765908690287326
50,6892,0.804890332653421
50,6893,0.795975926065826
50,6894,0.866686812218277
50,6895,0.800559039057188
50,6896,0.760318299715444
50,6897,0.824431517715494
50,6898,0.753267356651809
50,6899,0.784492961647906
50,6900,0.692478154667473
50,6901,0.78494623655914
50,6902,0.730653974969152
50,6903,0.675304071919619
50,6904,0.727732869985646
50,6905,0.719271738309285
50,6906,0.824078970562313
50,6907,0.757699378006094
50,6908,0.738762559492332
50,6909,0.789227166276347
50,6910,0.753418448288887
50,6911,0.746014958072071
50,6912,0.807609982120823
50,6913,0.607413562992622
50,6914,0.782528770365894
50,6915,0.768577975875702
50,6916,0.761778852207197
50,6917,0.743849311273954
50,6918,0.726373045251945
50,6919,0.798242300621994
50,6920,0.770139256125507
50,6921,0.758807383344665
50,6922,0.816373297071341
50,6923,0.754929364659666
50,6924,0.825338067537962
50,6925,0.771247261464078
50,6926,0.806300521266148
50,6927,0.781974767696608
50,6928,0.760922666263756
50,6929,0.731258341517464
50,6930,0.795875198307774
50,6931,0.820654226788547
50,6932,0.793407368235502
50,6933,0.749540429603888
50,6934,0.754123542595251
50,6935,0.762332854876483
50,6936,0.774772732995895
50,6937,0.846591624486918
50,6938,0.799652489234721
50,6939,0.74364785575785
50,6940,0.722646118204024
50,6941,0.825186975900884
50,6942,0.727984689380776
50,6943,0.767369242779079
50,6944,0.800256855783033
50,6945,0.811085089773614
50,6946,0.772657450076805
50,6947,0.742640578177331
50,6948,0.737352370879605
50,6949,0.793306640477449
50,6950,0.780262395809725
50,6951,0.75513082017577
50,6952,0.683765203595981
50,6953,0.821560776611015
50,6954,0.740928206290449
50,6955,0.805545063080759
50,6956,0.811991639596082
50,6957,0.773916547052454
50,6958,0.808063257032057
50,6959,0.749993704515122
50,6960,0.758454836191483
50,6961,0.794817556848229
50,6962,0.823726423409131
50,6963,0.737150915363501
50,6964,0.748130240991161
50,6965,0.780212031930699
50,6966,0.718163732970713
50,6967,0.84905945455919
50,6968,0.744604769459344
50,6969,0.759411749892977
50,6970,0.841353781068218
50,6971,0.76822542872252
50,6972,0.67454861373423
50,6973,0.727128503437335
50,6974,0.718768099519025
50,6975,0.768779431391806
50,6976,0.826546800634585
50,6977,0.766059781924404
50,6978,0.779355845987258
50,6979,0.685628667119942
50,6980,0.783334592430309
50,6981,0.702097655561431
50,6982,0.725214676034348
50,6983,0.740978570169474
50,6984,0.72219284329279
50,6985,0.786406789050893
50,6986,0.789277530155372
50,6987,0.765656870892196
50,6988,0.787363702752386
50,6989,0.785097328196218
50,6990,0.706580040794742
50,6991,0.711566064818312
50,6992,0.707536954496235
50,6993,0.741079297927526
50,6994,0.83097882198887
50,6995,0.663871471380726
50,6996,0.752209715192264
50,6997,0.762786129787716
50,6998,0.8221147792803
50,6999,0.715645539019415
50,7000,0.81375437536199
50,7001,0.80589761023394
50,7002,0.813552919845887
50,7003,0.780917126237063
50,7004,0.711364609302209
50,7005,0.642416458915666
50,7006,0.780917126237063
50,7007,0.790738082647125
50,7008,0.783183500793231
50,7009,0.767067059504923
50,7010,0.794465009695047
50,7011,0.770038528367455
50,7012,0.622069451789177
50,7013,0.747223691168694
50,7014,0.708644959834807
50,7015,0.771398353101156
50,7016,0.783284228551283
50,7017,0.756188461635315
50,7018,0.784392233889854
50,7019,0.684973936692604
50,7020,0.730049608420841
50,7021,0.829568633376143
50,7022,0.798393392259072
50,7023,0.81113545365264
50,7024,0.810682178741407
50,7025,0.794414645816021
50,7026,0.724106670695777
50,7027,0.696154717836368
50,7028,0.791342449195437
50,7029,0.734380902017073
50,7030,0.743698219636876
50,7031,0.742187303266098
50,7032,0.761929943844275
50,7033,0.757145375336808
50,7034,0.793105184961346
50,7035,0.727883961622724
50,7036,0.734380902017073
50,7037,0.691118329933772
50,7038,0.811790184079978
50,7039,0.803832691193876
50,7040,0.760419027473496
50,7041,0.802573594218227
50,7042,0.773513636020246
50,7043,0.785147692075244
50,7044,0.797537206315631
50,7045,0.726876684042205
50,7046,0.769736345093299
50,7047,0.796983203646345
50,7048,0.850016368260683
50,7049,0.796983203646345
50,7050,0.786708972325049
50,7051,0.770491803278689
50,7052,0.796429200977059
50,7053,0.781118581753167
50,7054,0.743597491878825
50,7055,0.7658583264083
50,7056,0.80040794742011
50,7057,0.751303165369797
50,7058,0.779607665382388
50,7059,0.807660345999849
50,7060,0.782377678728816
50,7061,0.712825161793961
50,7062,0.73891365112941
50,7063,0.806753796177382
50,7064,0.735388179597593
50,7065,0.775931102213492
50,7066,0.778449296164791
50,7067,0.742539850419279
50,7068,0.755332275691874
50,7069,0.786708972325049
50,7070,0.831482460779129
50,7071,0.744554405580318
50,7072,0.726876684042205
50,7073,0.71932210218831
50,7074,0.755483367328952
50,7075,0.771549444738234
50,7076,0.798897031049332
50,7077,0.700032736521367
50,7078,0.804739241016343
50,7079,0.75774974188512
50,7080,0.759361386013951
50,7081,0.7501447961522
50,7082,0.778902571076024
50,7083,0.750799526579537
50,7084,0.762786129787716
50,7085,0.745561683160837
50,7086,0.814812016821535
50,7087,0.785852786381607
50,7088,0.749288610208758
50,7089,0.802623958097253
50,7090,0.774520913600766
50,7091,0.793911007025761
50,7092,0.805192515927577
50,7093,0.729797789025711
50,7094,0.783586411825439
50,7095,0.774118002568558
50,7096,0.775931102213492
50,7097,0.650323587922742
50,7098,0.65258996247891
50,7099,0.707738410012339
50,7100,0.773614363778298
50,7101,0.788975346881217
50,7102,0.717609730301428
50,7103,0.821711868248092
50,7104,0.648711943793911
50,7105,0.746216413588175
50,7106,0.805494699201732
50,7107,0.739971292588955
50,7108,0.833043741028934
50,7109,0.640150084359497
50,7110,0.775276371786155
50,7111,0.804487421621213
50,7112,0.740877842411423
50,7113,0.685578303240916
50,7114,0.686484853063383
50,7115,0.809070534612576
50,7116,0.773916547052454
50,7117,0.782931681398101
50,7118,0.817934577321145
50,7119,0.799048122686409
50,7120,0.802573594218227
50,7121,0.775226007907129
50,7122,0.779053662713102
50,7123,0.807055979451537
50,7124,0.72556722318753
50,7125,0.811588728563874
50,7126,0.787766613784594
50,7127,0.726373045251945
50,7128,0.822668781949586
50,7129,0.776132557729596
50,7130,0.824834428747702
50,7131,0.797335750799527
50,7132,0.793608823751605
50,7133,0.797235023041475
50,7134,0.734582357533177
50,7135,0.741230389564604
50,7136,0.734632721412203
50,7137,0.704867668907859
50,7138,0.773312180504142
50,7139,0.78731333887336
50,7140,0.745007680491551
50,7141,0.729848152904737
50,7142,0.744504041701292
50,7143,0.799652489234721
50,7144,0.761023394021808
50,7145,0.837425398504193
50,7146,0.722092115534739
50,7147,0.716098813930649
50,7148,0.655410339704364
50,7149,0.801918863790889
50,7150,0.771851628012389
50,7151,0.777492382463297
50,7152,0.71222079524565
50,7153,0.675354435798645
50,7154,0.714436805922792
50,7155,0.772304902923623
50,7156,0.78968044118758
50,7157,0.795069376243358
50,7158,0.715695902898441
50,7159,0.710004784568508
50,7160,0.821762232127119
50,7161,0.762433582634535
50,7162,0.772103447407519
50,7163,0.776283649366674
50,7164,0.769484525698169
50,7165,0.762433582634535
50,7166,0.766664148472715
50,7167,0.712774797914935
50,7168,0.817984941200171
50,7169,0.760570119110574
50,7170,0.740877842411423
50,7171,0.740021656467981
50,7172,0.693032157336758
50,7173,0.803731963435824
50,7174,0.795522651154592
50,7175,0.61018357633905
50,7176,0.761678124449145
50,7177,0.642718642189821
50,7178,0.747374782805772
50,7179,0.712321523003702
50,7180,0.754677545264536
50,7181,0.818690035506535
50,7182,0.799702853113747
50,7183,0.790738082647125
50,7184,0.709803329052404
50,7185,0.807660345999849
50,7186,0.764297046158495
50,7187,0.820150587998288
50,7188,0.768829795270832
50,7189,0.747979149354083
50,7190,0.790738082647125
50,7191,0.750950618216615
50,7192,0.682254287225202
50,7193,0.789277530155372
50,7194,0.771196897585052
50,7195,0.845030344237113
50,7196,0.753317720530835
50,7197,0.667396942912543
50,7198,0.816927299740626
50,7199,0.770139256125507
50,7200,0.764750321069729
50,7201,0.631487497167032
50,7202,0.746417869104278
50,7203,0.773815819294402
50,7204,0.835310115585102
50,7205,0.671476417113646
50,7206,0.770995442068948
50,7207,0.735186724081489
50,7208,0.8626577018962
50,7209,0.778096749011609
50,7210,0.841655964342374
50,7211,0.757598650248042
50,7212,0.794968648485306
50,7213,0.857570950114578
50,7214,0.701090377980912
50,7215,0.762786129787716
50,7216,0.747122963410642
50,7217,0.736345093299086
50,7218,0.774672005237843
50,7219,0.750799526579537
50,7220,0.763289768577976
50,7221,0.739215834403566
50,7222,0.691773060361109
50,7223,0.773866183173428
50,7224,0.734129082621944
50,7225,0.803580871798746
50,7226,0.679232454483644
50,7227,0.762635038150638
50,7228,0.692125607514291
50,7229,0.769887436730377
50,7230,0.771096169827
50,7231,0.76872906751278
50,7232,0.759613205409081
50,7233,0.722041751655713
50,7234,0.75251189846642
50,7235,0.738359648460124
50,7236,0.778852207196998
50,7237,0.790738082647125
50,7238,0.780715670720959
50,7239,0.740273475863111
50,7240,0.825942434086273
50,7241,0.697313087053965
50,7242,0.722243207171816
50,7243,0.742590214298305
50,7244,0.778449296164791
50,7245,0.811588728563874
50,7246,0.777139835310116
50,7247,0.795220467880436
50,7248,0.759159930497847
50,7249,0.798594847775176
50,7250,0.774168366447584
50,7251,0.774319458084662
50,7252,0.717509002543376
50,7253,0.74752587444285
50,7254,0.819596585329002
50,7255,0.750094432273174
50,7256,0.826395708997507
50,7257,0.785953514139659
50,7258,0.763541587973106
50,7259,0.75301553725668
50,7260,0.726020498098764
50,7261,0.755785550603107
50,7262,0.728891239203244
50,7263,0.702047291682405
50,7264,0.743295308604669
50,7265,0.833648107577246
50,7266,0.782730225881997
50,7267,0.780967490116089
50,7268,0.779154390471154
50,7269,0.805242879806603
50,7270,0.818236760595301
50,7271,0.753720631563043
50,7272,0.769585253456221
50,7273,0.745612047039863
50,7274,0.796529928735111
50,7275,0.720379743647856
50,7276,0.764196318400443
50,7277,0.729092694719347
50,7278,0.724660673365063
50,7279,0.864772984815291
50,7280,0.717911913575584
50,7281,0.71146533706026
50,7282,0.74727405504772
50,7283,0.808214348669135
50,7284,0.756037369998237
50,7285,0.840094684092569
50,7286,0.670418775654101
50,7287,0.761929943844275
50,7288,0.811689456321926
50,7289,0.768577975875702
50,7290,0.718012641333636
50,7291,0.800256855783033
50,7292,0.75226007907129
50,7293,0.740978570169474
50,7294,0.802069955427967
50,7295,0.794263554178943
50,7296,0.809372717886732
50,7297,0.738561103976228
50,7298,0.729697061267659
50,7299,0.694945984739745
50,7300,0.772858905592909
50,7301,0.677671174233839
50,7302,0.791896451864723
50,7303,0.868197728589056
50,7304,0.798745939412254
50,7305,0.744000402911032
50,7306,0.826345345118481
50,7307,0.777190199189142
50,7308,0.802069955427967
50,7309,0.788673163607061
50,7310,0.765556143134144
50,7311,0.732114527460905
50,7312,0.731107249880386
50,7313,0.720430107526882
50,7314,0.861448968799577
50,7315,0.806955251693485
50,7316,0.777996021253557
50,7317,0.783183500793231
50,7318,0.759713933167133
50,7319,0.801868499911863
50,7320,0.838483039963738
50,7321,0.848102540857697
50,7322,0.746971871773564
50,7323,0.83097882198887
50,7324,0.70174510840825
50,7325,0.762131399360379
50,7326,0.862607338017174
50,7327,0.742086575508046
50,7328,0.769786708972325
50,7329,0.739769837072851
50,7330,0.754929364659666
50,7331,0.71222079524565
50,7332,0.76087230238473
50,7333,0.775981466092519
50,7334,0.751655712522979
50,7335,0.732668530130191
50,7336,0.775931102213492
50,7337,0.780816398479011
50,7338,0.775276371786155
50,7339,0.771801264133364
50,7340,0.750497343305381
50,7341,0.80353050791972
50,7342,0.716149177809675
50,7343,0.73916547052454
50,7344,0.794867920727254
50,7345,0.715393719624285
50,7346,0.742187303266098
50,7347,0.733776535468762
50,7348,0.696154717836368
50,7349,0.767520334416157
50,7350,0.679685729394878
50,7351,0.845483619148347
50,7352,0.683966659112085
50,7353,0.778550023922842
50,7354,0.823474604014001
50,7355,0.782125859333686
50,7356,0.668152401097933
50,7357,0.796529928735111
50,7358,0.73891365112941
50,7359,0.739266198282592
50,7360,0.780564579083881
50,7361,0.758404472312457
50,7362,0.866132809548992
50,7363,0.785097328196218
50,7364,0.733323260557528
50,7365,0.757447558610964
50,7366,0.74153257283876
50,7367,0.804336329984135
50,7368,0.735841454508826
50,7369,0.762786129787716
50,7370,0.725768678703634
50,7371,0.797134295283423
50,7372,0.722092115534739
50,7373,0.772304902923623
50,7374,0.712976253431039
50,7375,0.7553826395709
50,7376,0.789881896703684
50,7377,0.673138425121503
50,7378,0.779053662713102
50,7379,0.704817305028833
50,7380,0.701795472287276
50,7381,0.797235023041475
50,7382,0.801465588879656
50,7383,0.694190526554355
50,7384,0.757346830852912
50,7385,0.81738057465186
50,7386,0.805847246354914
50,7387,0.729797789025711
50,7388,0.733121805041424
50,7389,0.826194253481403
50,7390,0.720833018559089
50,7391,0.707033315705976
50,7392,0.793860643146735
50,7393,0.813099644934653
50,7394,0.762433582634535
50,7395,0.73841001233915
50,7396,0.717861549696558
50,7397,0.746871144015512
50,7398,0.76036866359447
50,7399,0.781974767696608
50,7400,0.777290926947193
50,7401,0.813250736571731
50,7402,0.807257434967641
50,7403,0.66331746871144
50,7404,0.76560650701317
50,7405,0.791443176953489
50,7406,0.793961370904787
50,7407,0.783687139583491
50,7408,0.74777769383798
50,7409,0.786306061292841
50,7410,0.785953514139659
50,7411,0.780715670720959
50,7412,0.844425977688802
50,7413,0.732718894009217
50,7414,0.713328800584221
50,7415,0.754274634232329
50,7416,0.814610561305432
50,7417,0.817481302409912
50,7418,0.828460628037571
50,7419,0.818841127143613
50,7420,0.834554657399713
50,7421,0.692327063030395
50,7422,0.722394298808894
50,7423,0.746971871773564
50,7424,0.756339553272393
50,7425,0.797688297952708
50,7426,0.816574752587444
50,7427,0.793608823751605
50,7428,0.793306640477449
50,7429,0.804185238347058
50,7430,0.776031829971544
50,7431,0.765707234771222
50,7432,0.756490644909471
50,7433,0.726070861977789
50,7434,0.756389917151419
50,7435,0.720279015889804
50,7436,0.722394298808894
50,7437,0.728891239203244
50,7438,0.742187303266098
50,7439,0.754576817506484
50,7440,0.765052504343885
50,7441,0.799350305960565
50,7442,0.71796227745461
50,7443,0.763944499005313
50,7444,0.845886530180554
50,7445,0.74702223565259
50,7446,0.689204502530785
50,7447,0.775125280149077
50,7448,0.765052504343885
50,7449,0.722847573720128
50,7450,0.736244365541034
50,7451,0.685427211603838
50,7452,0.792198635138878
50,7453,0.769182342424014
50,7454,0.775830374455441
50,7455,0.787514794389464
50,7456,0.719422829946363
50,7457,0.743194580846617
50,7458,0.800307219662058
50,7459,0.811236181410692
50,7460,0.754778273022588
50,7461,0.762181763239405
50,7462,0.695701442925134
50,7463,0.764297046158495
50,7464,0.794465009695047
50,7465,0.736999823726423
50,7466,0.768678703633754
50,7467,0.760973030142782
50,7468,0.809926720556017
50,7469,0.805796882475888
50,7470,0.696910176021757
50,7471,0.707839137770391
50,7472,0.738359648460124
50,7473,0.766311601319534
50,7474,0.731107249880386
50,7475,0.724308126211881
50,7476,0.687592858401954
50,7477,0.72032937976883
50,7478,0.707688046133313
50,7479,0.806300521266148
50,7480,0.716854272116038
50,7481,0.767218151142001
50,7482,0.698320364634484
50,7483,0.785550603107451
50,7484,0.787162247236282
50,7485,0.679484273878774
50,7486,0.724962856639218
50,7487,0.792450454534008
50,7488,0.771801264133364
50,7489,0.706781496310846
50,7490,0.772103447407519
50,7491,0.783938958978621
50,7492,0.791493540832515
50,7493,0.713983531011559
50,7494,0.834302838004583
50,7495,0.77321145274609
50,7496,0.787363702752386
50,7497,0.707536954496235
50,7498,0.787162247236282
50,7499,0.770693258794792
50,7500,0.774722369116869
50,7501,0.774017274810506
50,7502,0.751554984764927
50,7503,0.797486842436605
50,7504,0.840195411850621
50,7505,0.745964594193045
50,7506,0.807509254362771
50,7507,0.813704011482964
50,7508,0.808163984790109
50,7509,0.691722696482083
50,7510,0.758857747223691
50,7511,0.80091158621037
50,7512,0.848706907406008
50,7513,0.743244944725643
50,7514,0.792651910050112
50,7515,0.759109566618821
50,7516,0.791241721437385
50,7517,0.777442018584271
50,7518,0.779406209866284
50,7519,0.850771826446073
50,7520,0.725516859308504
50,7521,0.771851628012389
50,7522,0.772153811286545
50,7523,0.696456901110524
50,7524,0.766311601319534
50,7525,0.723703759663569
50,7526,0.748079877112135
50,7527,0.783636775704465
50,7528,0.751353529248823
50,7529,0.758051925159276
50,7530,0.802271410944071
50,7531,0.852131651179774
50,7532,0.800961950089396
50,7533,0.762282490997457
50,7534,0.80564579083881
50,7535,0.6991261866989
50,7536,0.787414066631412
50,7537,0.744604769459344
50,7538,0.769534889577195
50,7539,0.748835335297525
50,7540,0.746367505225253
50,7541,0.782730225881997
50,7542,0.805242879806603
50,7543,0.806804160056408
50,7544,0.778600387801869
50,7545,0.79280300168719
50,7546,0.732869985646295
50,7547,0.754828636901614
50,7548,0.74153257283876
50,7549,0.695852534562212
50,7550,0.750195160031226
50,7551,0.743547127999799
50,7552,0.765556143134144
50,7553,0.750749162700511
50,7554,0.677973357507995
50,7555,0.722897937599154
50,7556,0.751303165369797
50,7557,0.779355845987258
50,7558,0.786003878018685
50,7559,0.762937221424794
50,7560,0.802825413613357
50,7561,0.772204175165571
50,7562,0.815617838885951
50,7563,0.788773891365113
50,7564,0.756389917151419
50,7565,0.734431265896099
50,7566,0.788169524816801
50,7567,0.741230389564604
50,7568,0.809070534612576
50,7569,0.689456321925915
50,7570,0.777139835310116
50,7571,0.72768250610662
50,7572,0.81400619475712
50,7573,0.778046385132583
50,7574,0.757296466973886
50,7575,0.749691521240966
50,7576,0.759159930497847
50,7577,0.784593689405958
50,7578,0.772002719649467
50,7579,0.802372138702123
50,7580,0.798191936742968
50,7581,0.845936894059581
50,7582,0.694845256981693
50,7583,0.812042003475108
50,7584,0.74964115736194
50,7585,0.716400997204805
50,7586,0.764095590642391
50,7587,0.758857747223691
50,7588,0.774571277479791
50,7589,0.732517438493113
50,7590,0.782025131575634
50,7591,0.761325577295963
50,7592,0.691773060361109
50,7593,0.725164312155322
50,7594,0.764498501674599
50,7595,0.703306388658055
50,7596,0.748180604870187
50,7597,0.760419027473496
50,7598,0.755684822845055
50,7599,0.804084510589006
50,7600,0.80040794742011
50,7601,0.744000402911032
50,7602,0.743345672483695
50,7603,0.803631235677772
50,7604,0.834302838004583
50,7605,0.81738057465186
50,7606,0.696910176021757
50,7607,0.802875777492382
50,7608,0.800508675178162
50,7609,0.774873460753947
50,7610,0.779406209866284
50,7611,0.790284807735892
50,7612,0.723703759663569
50,7613,0.772153811286545
50,7614,0.778852207196998
50,7615,0.735942182266878
50,7616,0.701342197376042
50,7617,0.822719145828612
50,7618,0.77608219385057
50,7619,0.722847573720128
50,7620,0.741885119991942
50,7621,0.776031829971544
50,7622,0.790637354889074
50,7623,0.715141900229156
50,7624,0.675253708040593
50,7625,0.812646370023419
50,7626,0.803883055072902
50,7627,0.798897031049332
50,7628,0.755735186724082
50,7629,0.718063005212662
50,7630,0.721286293470323
50,7631,0.83596484601244
50,7632,0.710055148447533
50,7633,0.745662410918889
50,7634,0.707486590617209
50,7635,0.708493868197729
50,7636,0.747475510563824
50,7637,0.793306640477449
50,7638,0.77321145274609
50,7639,0.64473319735086
50,7640,0.774974188511999
50,7641,0.782276950970764
50,7642,0.785802422502581
50,7643,0.781722948301478
50,7644,0.728387600412984
50,7645,0.715846994535519
50,7646,0.693737251643122
50,7647,0.742640578177331
50,7648,0.706378585278638
50,7649,0.739719473193825
50,7650,0.713782075495455
50,7651,0.713328800584221
50,7652,0.775931102213492
50,7653,0.778096749011609
50,7654,0.718163732970713
50,7655,0.730351791694996
50,7656,0.73105688600136
50,7657,0.759210294376873
50,7658,0.80403414670998
50,7659,0.766815240109793
50,7660,0.797134295283423
50,7661,0.797134295283423
50,7662,0.754123542595251
50,7663,0.737150915363501
50,7664,0.741381481201682
50,7665,0.78207549545466
50,7666,0.808012893153031
50,7667,0.80952380952381
50,7668,0.724459217848959
50,7669,0.790486263251996
50,7670,0.745662410918889
50,7671,0.726473773009997
50,7672,0.710155876205585
50,7673,0.710709878874871
50,7674,0.764750321069729
50,7675,0.747173327289668
50,7676,0.766664148472715
50,7677,0.813855103120042
50,7678,0.721084837954219
50,7679,0.815416383369847
50,7680,0.782528770365894
50,7681,0.830324091561532
50,7682,0.839288862028153
50,7683,0.758051925159276
50,7684,0.770239983883559
50,7685,0.854448389614968
50,7686,0.749842612878044
50,7687,0.714134622648636
50,7688,0.833849563093349
50,7689,0.74677041625746
50,7690,0.757649014127068
50,7691,0.732315982977009
50,7692,0.805545063080759
50,7693,0.722243207171816
50,7694,0.670469139533127
50,7695,0.748936063055576
50,7696,0.715141900229156
50,7697,0.738359648460124
50,7698,0.766160509682456
50,7699,0.786205333534789
50,7700,0.7658583264083
50,7701,0.710105512326559
50,7702,0.782679862002972
50,7703,0.77346327214122
50,7704,0.792097907380826
50,7705,0.773312180504142
50,7706,0.759965752562262
50,7707,0.783938958978621
50,7708,0.777492382463297
50,7709,0.776686560398882
50,7710,0.787111883357256
50,7711,0.800961950089396
50,7712,0.756087733877263
50,7713,0.777744201858427
50,7714,0.778197476769661
50,7715,0.850368915413865
50,7716,0.815466747248873
50,7717,0.793508095993554
50,7718,0.826194253481403
50,7719,0.727279595074413
50,7720,0.73629472942006
50,7721,0.734078718742918
50,7722,0.752814081740576
50,7723,0.730704338848178
50,7724,0.789277530155372
50,7725,0.75301553725668
50,7726,0.770391075520637
50,7727,0.815869658281081
50,7728,0.798494120017124
50,7729,0.792047543501801
50,7730,0.681146281886631
50,7731,0.753619903804991
50,7732,0.801969227669915
50,7733,0.803429780161668
50,7734,0.714033894890584
50,7735,0.778751479438946
50,7736,0.822165143159326
50,7737,0.803983782830954
50,7738,0.853793659187631
50,7739,0.824632973231598
50,7740,0.710407695600715
50,7741,0.750598071063433
50,7742,0.750094432273174
50,7743,0.714789353075974
50,7744,0.779607665382388
50,7745,0.813552919845887
50,7746,0.849210546196268
50,7747,0.759965752562262
50,7748,0.734531993654151
50,7749,0.774168366447584
50,7750,0.774873460753947
50,7751,0.796076653823877
50,7752,0.865226259726524
50,7753,0.825791342449195
50,7754,0.812797461660497
50,7755,0.726524136889023
50,7756,0.776535468761804
50,7757,0.729898516783763
50,7758,0.775125280149077
50,7759,0.716048450051623
50,7760,0.746317141346227
50,7761,0.800005036387903
50,7762,0.701191105738964
50,7763,0.698270000755458
50,7764,0.81712875525673
50,7765,0.755835914482133
50,7766,0.777542746342323
50,7767,0.815920022160107
50,7768,0.819193674296794
50,7769,0.819697313087054
50,7770,0.699277278335977
50,7771,0.81949585757095
50,7772,0.750195160031226
50,7773,0.759260658255899
50,7774,0.799954672508877
50,7775,0.731711616428697
50,7776,0.638185893077485
50,7777,0.629321850368915
50,7778,0.766613784593689
50,7779,0.754375361990381
50,7780,0.843469063987308
50,7781,0.805545063080759
50,7782,0.804084510589006
50,7783,0.671778600387802
50,7784,0.766059781924404
50,7785,0.665533479388583
50,7786,0.684923572813578
50,7787,0.757145375336808
50,7788,0.7410289340485
50,7789,0.791342449195437
50,7790,0.779859484777518
50,7791,0.770491803278689
50,7792,0.77346327214122
50,7793,0.652136687567677
50,7794,0.709450781899222
50,7795,0.804134874468031
50,7796,0.788622799728035
50,7797,0.712271159124676
50,7798,0.796278109339981
50,7799,0.729193422477399
50,7800,0.805696154717836
50,7801,0.781219309511219
50,7802,0.739971292588955
50,7803,0.795119740122384
50,7804,0.760167208078366
50,7805,0.761375941174989
50,7806,0.692578882425524
50,7807,0.736999823726423
50,7808,0.795371559517514
50,7809,0.745410591523759
50,7810,0.743950039032006
50,7811,0.804487421621213
50,7812,0.780866762358037
50,7813,0.691521240965979
50,7814,0.796127017702904
50,7815,0.713983531011559
50,7816,0.691873788119161
50,7817,0.780363123567777
50,7818,0.735992546145904
50,7819,0.780917126237063
50,7820,0.775427463423233
50,7821,0.790788446526152
50,7822,0.753821359321095
50,7823,0.727380322832465
50,7824,0.761476668933041
50,7825,0.730502883332074
50,7826,0.834252474125557
50,7827,0.716854272116038
50,7828,0.804386693863161
50,7829,0.72743068671149
50,7830,0.756843192062653
50,7831,0.742086575508046
50,7832,0.8364684848027
50,7833,0.740978570169474
50,7834,0.817934577321145
50,7835,0.74178439223389
50,7836,0.854750572889124
50,7837,0.763692679610184
50,7838,0.750094432273174
50,7839,0.813150008813679
50,7840,0.815768930523029
50,7841,0.765707234771222
50,7842,0.785046964317192
50,7843,0.739064742766488
50,7844,0.648409760519755
50,7845,0.733776535468762
50,7846,0.786205333534789
50,7847,0.777643474100375
50,7848,0.675253708040593
50,7849,0.776434741003752
50,7850,0.721941023897661
50,7851,0.777290926947193
50,7852,0.777945657374531
50,7853,0.778046385132583
50,7854,0.656770164438065
50,7855,0.78494623655914
50,7856,0.762433582634535
50,7857,0.761224849537911
50,7858,0.728639419808114
50,7859,0.743295308604669
50,7860,0.781370401148296
50,7861,0.780312759688751
50,7862,0.770945078189922
50,7863,0.784090050615698
50,7864,0.654251970486767
50,7865,0.832338646722571
50,7866,0.804437057742187
50,7867,0.732718894009217
50,7868,0.780917126237063
50,7869,0.784845508801088
50,7870,0.737251643121553
50,7871,0.693586160006044
50,7872,0.790032988340762
50,7873,0.788119160937775
50,7874,0.769182342424014
50,7875,0.787514794389464
50,7876,0.772455994560701
50,7877,0.821258593336859
50,7878,0.678980635088515
50,7879,0.766865603988819
50,7880,0.844375613809776
50,7881,0.800256855783033
50,7882,0.787615522147516
50,7883,0.739820200951877
50,7884,0.725365767671426
50,7885,0.805947974112966
50,7886,0.83858376772179
50,7887,0.777895293495505
50,7888,0.751806804160056
50,7889,0.801264133363552
50,7890,0.684722117297474
50,7891,0.804739241016343
50,7892,0.763440860215054
50,7893,0.723250484752336
50,7894,0.782780589761023
50,7895,0.768023973206416
50,7896,0.692427790788447
50,7897,0.778046385132583
50,7898,0.850016368260683
50,7899,0.708242048802599
50,7900,0.737906373548891
50,7901,0.781420765027322
50,7902,0.770391075520637
50,7903,0.804437057742187
50,7904,0.810077812193095
50,7905,0.742590214298305
50,7906,0.718667371760973
50,7907,0.724912492760192
50,7908,0.739568381556748
50,7909,0.7357910906298
50,7910,0.72058119916396
50,7911,0.746468232983304
50,7912,0.688902319256629
50,7913,0.731711616428697
50,7914,0.824078970562313
50,7915,0.776736924277908
50,7916,0.792954093324268
50,7917,0.780665306841933
50,7918,0.791040265921281
50,7919,0.744856588854474
50,7920,0.764397773916547
50,7921,0.809725265039913
50,7922,0.763541587973106
50,7923,0.811236181410692
50,7924,0.854952028405228
50,7925,0.734632721412203
50,7926,0.782982045277127
50,7927,0.750849890458563
50,7928,0.708191684923573
50,7929,0.756893555941679
50,7930,0.771650172496286
50,7931,0.806300521266148
50,7932,0.757346830852912
50,7933,0.683815567475007
50,7934,0.745259499886681
50,7935,0.767268515021027
50,7936,0.666994031880335
50,7937,0.732164891339931
50,7938,0.817934577321145
50,7939,0.760570119110574
50,7940,0.714487169801818
50,7941,0.766815240109793
50,7942,0.864521165420161
50,7943,0.764498501674599
50,7944,0.78257913424492
50,7945,0.749338974087784
50,7946,0.74989297675707
50,7947,0.74964115736194
50,7948,0.782377678728816
50,7949,0.735639998992722
50,7950,0.791090629800307
50,7951,0.8325904661177
50,7952,0.766513056835638
50,7953,0.716149177809675
50,7954,0.813049281055627
50,7955,0.661856916219687
50,7956,0.74702223565259
50,7957,0.721538112865453
50,7958,0.801918863790889
50,7959,0.785097328196218
50,7960,0.759311022134925
50,7961,0.803933418951928
50,7962,0.715393719624285
50,7963,0.726876684042205
50,7964,0.787766613784594
50,7965,0.737654554153761
50,7966,0.734078718742918
50,7967,0.631840044320214
50,7968,0.80564579083881
50,7969,0.818337488353353
50,7970,0.834000654730427
50,7971,0.773513636020246
50,7972,0.836367757044648
50,7973,0.717609730301428
50,7974,0.820855682304651
50,7975,0.835561934980232
50,7976,0.809372717886732
50,7977,0.675858074588905
50,7978,0.804940696532447
50,7979,0.769383797940117
50,7980,0.780413487446803
50,7981,0.785399511470373
50,7982,0.821107501699781
50,7983,0.776384377124726
50,7984,0.750598071063433
50,7985,0.776736924277908
50,7986,0.638588804109693
50,7987,0.80589761023394
50,7988,0.702500566593639
50,7989,0.763894135126287
50,7990,0.842915061318023
50,7991,0.834605021278739
50,7992,0.751857168039082
50,7993,0.756792828183627
50,7994,0.759210294376873
50,7995,0.750547707184407
50,7996,0.783636775704465
50,7997,0.78207549545466
50,7998,0.742640578177331
50,7999,0.772304902923623
50,8000,0.716904635995064
50,8001,0.734632721412203
50,8002,0.851879831784644
50,8003,0.740626023016293
50,8004,0.740928206290449
50,8005,0.783485684067387
50,8006,0.831633552416207
50,8007,0.735337815718567
50,8008,0.827554078215104
50,8009,0.702702022109743
50,8010,0.835310115585102
50,8011,0.766462692956612
50,8012,0.790234443856866
50,8013,0.794313918057969
50,8014,0.735690362871748
50,8015,0.728236508775906
50,8016,0.669764045226763
50,8017,0.741431845080708
50,8018,0.78494623655914
50,8019,0.79305482108232
50,8020,0.773866183173428
50,8021,0.751756440281031
50,8022,0.719019918914155
50,8023,0.743698219636876
50,8024,0.712976253431039
50,8025,0.678275540782151
50,8026,0.790738082647125
50,8027,0.773060361109013
50,8028,0.721286293470323
50,8029,0.800861222331344
50,8030,0.792651910050112
50,8031,0.757397194731938
50,8032,0.743345672483695
50,8033,0.759008838860769
50,8034,0.641258089698069
50,8035,0.754425725869406
50,8036,0.746166049709149
50,8037,0.827050439424845
50,8038,0.775226007907129
50,8039,0.731610888670645
50,8040,0.703507844174158
50,8041,0.663015285437284
50,8042,0.762433582634535
50,8043,0.805343607564655
50,8044,0.770441439399662
50,8045,0.762181763239405
50,8046,0.779355845987258
50,8047,0.752814081740576
50,8048,0.797839389589786
50,8049,0.824179698320365
50,8050,0.841958147616529
50,8051,0.700133464279419
50,8052,0.748936063055576
50,8053,0.759562841530055
50,8054,0.806552340661278
50,8055,0.748583515902395
50,8056,0.830273727682506
50,8057,0.779053662713102
50,8058,0.754375361990381
50,8059,0.753922087079147
50,8060,0.789076074639269
50,8061,0.752461534587394
50,8062,0.727783233864672
50,8063,0.615522147515802
50,8064,0.821460048852963
50,8065,0.686535216942409
50,8066,0.747475510563824
50,8067,0.754929364659666
50,8068,0.733575079952658
50,8069,0.832389010601597
50,8070,0.696356173352472
50,8071,0.745712774797915
50,8072,0.731711616428697
50,8073,0.821359321094911
50,8074,0.808617259701342
50,8075,0.658180353050792
50,8076,0.764246682279469
50,8077,0.77920475435018
50,8078,0.838231220568608
50,8079,0.780715670720959
50,8080,0.824784064868676
50,8081,0.674750069250334
50,8082,0.831633552416207
50,8083,0.730754702727204
50,8084,0.714839716955
50,8085,0.803127596887512
50,8086,0.739719473193825
50,8087,0.743698219636876
50,8088,0.726675228526101
50,8089,0.768829795270832
50,8090,0.78257913424492
50,8091,0.718465916244869
50,8092,0.798846667170305
50,8093,0.790083352219788
50,8094,0.794867920727254
50,8095,0.730905794364282
50,8096,0.679182090604618
50,8097,0.732467074614087
50,8098,0.785500239228425
50,8099,0.735639998992722
50,8100,0.760821938505704
50,8101,0.751806804160056
50,8102,0.745712774797915
50,8103,0.746468232983304
50,8104,0.778147112890635
50,8105,0.748331696507265
50,8106,0.646898844148976
50,8107,0.787363702752386
50,8108,0.821711868248092
50,8109,0.779859484777518
50,8110,0.820402407393418
50,8111,0.733474352194606
50,8112,0.76087230238473
50,8113,0.791946815743749
50,8114,0.726524136889023
50,8115,0.700183828158445
50,8116,0.847044899398152
50,8117,0.765757598650248
50,8118,0.773161088867065
50,8119,0.760066480320314
50,8120,0.700183828158445
50,8121,0.78232731484979
50,8122,0.747425146684798
50,8123,0.757850469643172
50,8124,0.795270831759462
50,8125,0.735639998992722
50,8126,0.791292085316411
50,8127,0.803983782830954
50,8128,0.769383797940117
50,8129,0.789781168945632
50,8130,0.75251189846642
50,8131,0.77608219385057
50,8132,0.818236760595301
50,8133,0.772355266802649
50,8134,0.791292085316411
50,8135,0.65208632368865
50,8136,0.745460955402785
50,8137,0.84407343053562
50,8138,0.727732869985646
50,8139,0.726121225856815
50,8140,0.83284228551283
50,8141,0.761728488328171
50,8142,0.78519805595427
50,8143,0.748079877112135
50,8144,0.720631563042986
50,8145,0.746619324620382
50,8146,0.751202437611745
50,8147,0.806552340661278
50,8148,0.81662511646647
50,8149,0.748432424265317
50,8150,0.74677041625746
50,8151,0.79854448389615
50,8152,0.808214348669135
50,8153,0.7305532472111
50,8154,0.790234443856866
50,8155,0.81738057465186
50,8156,0.778298204527713
50,8157,0.815819294402055
50,8158,0.709652237415326
50,8159,0.742489486540253
50,8160,0.786960791720178
50,8161,0.800206491904006
50,8162,0.758203016796354
50,8163,0.721991387776687
50,8164,0.818136032837249
50,8165,0.798745939412254
50,8166,0.750497343305381
50,8167,0.796227745460955
50,8168,0.774772732995895
50,8169,0.773765455415376
50,8170,0.779255118229206
50,8171,0.788270252574853
50,8172,0.779255118229206
50,8173,0.700083100400393
50,8174,0.740525295258241
50,8175,0.765405051497066
50,8176,0.774017274810506
50,8177,0.834202110246531
50,8178,0.708997506987988
50,8179,0.736999823726423
50,8180,0.808063257032057
50,8181,0.773009997229987
50,8182,0.836317393165622
50,8183,0.760469391352522
50,8184,0.823676059530105
50,8185,0.762383218755509
50,8186,0.69811890911838
50,8187,0.79491828460628
50,8188,0.704716577270781
50,8189,0.731359069275516
50,8190,0.795522651154592
50,8191,0.727581778348568
50,8192,0.782881317519075
50,8193,0.76611014580343
50,8194,0.772808541713883
50,8195,0.620961446450606
50,8196,0.849361637833346
50,8197,0.767872881569339
50,8198,0.7357910906298
50,8199,0.776031829971544
50,8200,0.699730553247211
50,8201,0.810581450983355
50,8202,0.761375941174989
50,8203,0.750749162700511
50,8204,0.837475762383219
50,8205,0.827050439424845
50,8206,0.786759336204074
50,8207,0.809825992797965
50,8208,0.852131651179774
50,8209,0.743295308604669
50,8210,0.709652237415326
50,8211,0.79804084510589
50,8212,0.787514794389464
50,8213,0.780665306841933
50,8214,0.802422502581149
50,8215,0.781521492785374
50,8216,0.801113041726474
50,8217,0.770793986552844
50,8218,0.73604291002493
50,8219,0.722797209841102
50,8220,0.812042003475108
50,8221,0.804537785500239
50,8222,0.765203595980962
50,8223,0.855405303316462
50,8224,0.768779431391806
50,8225,0.841555236584322
50,8226,0.814459469668354
50,8227,0.735639998992722
50,8228,0.784039686736672
50,8229,0.797436478557578
50,8230,0.842058875374581
50,8231,0.859837324670746
50,8232,0.704817305028833
50,8233,0.794112462541865
50,8234,0.751554984764927
50,8235,0.810228903830173
50,8236,0.726121225856815
50,8237,0.757800105764146
50,8238,0.794867920727254
50,8239,0.779506937624336
50,8240,0.743748583515902
50,8241,0.802069955427967
50,8242,0.742993125330513
50,8243,0.746568960741356
50,8244,0.759512477651029
50,8245,0.787766613784594
50,8246,0.600916622598272
50,8247,0.846289441212762
50,8248,0.639696809448264
50,8249,0.746468232983304
50,8250,0.764699957190703
50,8251,0.814660925184458
50,8252,0.77321145274609
50,8253,0.672936969605399
50,8254,0.749490065724862
50,8255,0.826496436755559
50,8256,0.800105764145955
50,8257,0.720883382438115
50,8258,0.659943088816701
50,8259,0.755433003449926
50,8260,0.807005615572511
50,8261,0.772959633350961
50,8262,0.858628591574123
50,8263,0.798141572863942
50,8264,0.773513636020246
50,8265,0.723703759663569
50,8266,0.789076074639269
50,8267,0.835511571101206
50,8268,0.715846994535519
50,8269,0.699730553247211
50,8270,0.802321774823097
50,8271,0.74651859686233
50,8272,0.805847246354914
50,8273,0.813401828208809
50,8274,0.777290926947193
50,8275,0.755332275691874
50,8276,0.779557301503362
50,8277,0.829165722343935
50,8278,0.718113369091688
50,8279,0.815265291732769
50,8280,0.790385535493944
50,8281,0.774621641358818
50,8282,0.755080456296744
50,8283,0.669612953589686
50,8284,0.683916295233059
50,8285,0.783435320188361
50,8286,0.753116265014732
50,8287,0.742640578177331
50,8288,0.779658029261414
50,8289,0.796630656493163
50,8290,0.713580619979351
50,8291,0.793357004356476
50,8292,0.738510740097202
50,8293,0.777542746342323
50,8294,0.823424240134975
50,8295,0.819193674296794
50,8296,0.723854851300647
50,8297,0.753519176046939
50,8298,0.761879579965249
50,8299,0.784241142252776
50,8300,0.804688877137317
50,8301,0.749490065724862
50,8302,0.75226007907129
50,8303,0.76560650701317
50,8304,0.745108408249603
50,8305,0.759361386013951
50,8306,0.797990481226864
50,8307,0.818639671627509
50,8308,0.780161668051673
50,8309,0.741230389564604
50,8310,0.669915136863841
50,8311,0.775729646697389
50,8312,0.764145954521417
50,8313,0.788522071969983
50,8314,0.662159099493843
50,8315,0.766563420714663
50,8316,0.748533152023369
50,8317,0.809322354007706
50,8318,0.763944499005313
50,8319,0.794364281936995
50,8320,0.721235929591297
50,8321,0.789529349550502
50,8322,0.756843192062653
50,8323,0.785701694744529
50,8324,0.687189947369746
50,8325,0.744050766790058
50,8326,0.682455742741306
50,8327,0.726876684042205
50,8328,0.774319458084662
50,8329,0.704716577270781
50,8330,0.789881896703684
50,8331,0.824935156505754
50,8332,0.732164891339931
50,8333,0.748583515902395
50,8334,0.815164563974717
50,8335,0.788421344211931
50,8336,0.856462944776007
50,8337,0.789176802397321
50,8338,0.767671426053235
50,8339,0.721638840623505
50,8340,0.798141572863942
50,8341,0.805494699201732
50,8342,0.79491828460628
50,8343,0.755936642240185
50,8344,0.796932839767319
50,8345,0.770189620004533
50,8346,0.80927199012868
50,8347,0.737553826395709
50,8348,0.804487421621213
50,8349,0.647755030092418
50,8350,0.734179446500969
50,8351,0.764196318400443
50,8352,0.833497015940168
50,8353,0.778751479438946
50,8354,0.825942434086273
50,8355,0.83284228551283
50,8356,0.703810027448314
50,8357,0.722998665357206
50,8358,0.714789353075974
50,8359,0.774369821963688
50,8360,0.775628918939337
50,8361,0.799249578202513
50,8362,0.72793432550175
50,8363,0.814660925184458
50,8364,0.609629573669764
50,8365,0.726373045251945
50,8366,0.757598650248042
50,8367,0.686333761426305
50,8368,0.73105688600136
50,8369,0.700637103069678
50,8370,0.742086575508046
50,8371,0.750094432273174
50,8372,0.684268842386241
50,8373,0.746216413588175
50,8374,0.726373045251945
50,8375,0.689657777442019
50,8376,0.699932008763315
50,8377,0.71771045805948
50,8378,0.713479892221299
50,8379,0.737604190274735
50,8380,0.712875525672987
50,8381,0.744856588854474
50,8382,0.771045805947974
50,8383,0.748633879781421
50,8384,0.747223691168694
50,8385,0.7305532472111
50,8386,0.790939538163229
50,8387,0.699629825489159
50,8388,0.75200825967616
50,8389,0.82785626148926
50,8390,0.731711616428697
50,8391,0.791090629800307
50,8392,0.771247261464078
50,8393,0.71771045805948
50,8394,0.737604190274735
50,8395,0.777794565737453
50,8396,0.650877590592027
50,8397,0.795975926065826
50,8398,0.729042330840321
50,8399,0.822014051522248
50,8400,0.793457732114527
50,8401,0.789428621792451
50,8402,0.750547707184407
50,8403,0.818790763264587
50,8404,0.788924983002191
50,8405,0.762332854876483
50,8406,0.74364785575785
50,8407,0.718818463398051
50,8408,0.772506358439727
50,8409,0.76797360932739
50,8410,0.751504620885901
50,8411,0.769887436730377
50,8412,0.788018433179724
50,8413,0.707285135101105
50,8414,0.726171589735842
50,8415,0.787867341542646
50,8416,0.694089798796303
50,8417,0.854901664526202
50,8418,0.839993956334517
50,8419,0.790838810405177
50,8420,0.775830374455441
50,8421,0.764548865553625
50,8422,0.818992218780691
50,8423,0.724610309486037
50,8424,0.730956158243308
50,8425,0.761174485658885
50,8426,0.813502555966861
50,8427,0.735136360202463
50,8428,0.715494447382337
50,8429,0.840900506156984
50,8430,0.735992546145904
50,8431,0.823927878925235
50,8432,0.739467653798696
50,8433,0.819395129812898
50,8434,0.772657450076805
50,8435,0.784996600438166
50,8436,0.810581450983355
50,8437,0.756692100425575
50,8438,0.687844677797084
50,8439,0.733575079952658
50,8440,0.724711037244089
50,8441,0.729193422477399
50,8442,0.768074337085442
50,8443,0.738611467855254
50,8444,0.821258593336859
50,8445,0.680088640427086
50,8446,0.702752385988769
50,8447,0.777442018584271
50,8448,0.672382966936113
50,8449,0.721941023897661
50,8450,0.778247840648687
50,8451,0.789025710760243
50,8452,0.756490644909471
50,8453,0.786255697413815
50,8454,0.772405630681675
50,8455,0.77683765203596
50,8456,0.756893555941679
50,8457,0.761879579965249
50,8458,0.82710080330387
50,8459,0.738359648460124
50,8460,0.761023394021808
50,8461,0.707990229407469
50,8462,0.837475762383219
50,8463,0.735992546145904
50,8464,0.689959960716174
50,8465,0.708493868197729
50,8466,0.656568708921961
50,8467,0.732164891339931
50,8468,0.722343934929868
50,8469,0.666943668001309
50,8470,0.774520913600766
50,8471,0.765908690287326
50,8472,0.761426305054015
50,8473,0.750346251668303
50,8474,0.807761073757901
50,8475,0.756692100425575
50,8476,0.848404724131853
50,8477,0.719070282793181
50,8478,0.828561355795623
50,8479,0.752058623555186
50,8480,0.712623706277858
50,8481,0.747223691168694
50,8482,0.704011482964418
50,8483,0.726272317493893
50,8484,0.771650172496286
50,8485,0.776686560398882
50,8486,0.747223691168694
50,8487,0.763843771247261
50,8488,0.814459469668354
50,8489,0.735136360202463
50,8490,0.805041424290499
50,8491,0.790637354889074
50,8492,0.72244466268792
50,8493,0.815265291732769
50,8494,0.691370149328901
50,8495,0.803681599556798
50,8496,0.724509581727985
50,8497,0.727279595074413
50,8498,0.781118581753167
50,8499,0.622472362821385
50,8500,0.773866183173428
50,8501,0.70174510840825
50,8502,0.807710709878875
50,8503,0.785298783712322
50,8504,0.816121477676211
50,8505,0.702349474956561
50,8506,0.68527611996676
50,8507,0.811236181410692
50,8508,0.833043741028934
50,8509,0.752411170708368
50,8510,0.805494699201732
50,8511,0.697212359295913
50,8512,0.784241142252776
50,8513,0.735639998992722
50,8514,0.793105184961346
50,8515,0.800458311299136
50,8516,0.776787288156934
50,8517,0.744554405580318
50,8518,0.758807383344665
50,8519,0.80091158621037
50,8520,0.716400997204805
50,8521,0.794465009695047
50,8522,0.863765707234771
50,8523,0.78993226058271
50,8524,0.761527032812067
50,8525,0.780262395809725
50,8526,0.735992546145904
50,8527,0.78756515826849
50,8528,0.783989322857647
50,8529,0.702601294351691
50,8530,0.826848983908741
50,8531,0.797386114678552
50,8532,0.763037949182846
50,8533,0.724157034574803
50,8534,0.847498174309385
50,8535,0.775377099544207
50,8536,0.738309284581098
50,8537,0.76872906751278
50,8538,0.787615522147516
50,8539,0.747475510563824
50,8540,0.798141572863942
50,8541,0.690916874417668
50,8542,0.732819621767268
50,8543,0.790586991010048
50,8544,0.833245196545038
50,8545,0.819294402054846
50,8546,0.753720631563043
50,8547,0.781269673390245
50,8548,0.715041172471104
50,8549,0.778902571076024
50,8550,0.845332527511269
50,8551,0.824230062199391
50,8552,0.775074916270051
50,8553,0.719523557704414
50,8554,0.826546800634585
50,8555,0.806804160056408
50,8556,0.77870111555992
50,8557,0.665180932235401
50,8558,0.748684243660447
50,8559,0.773110724988039
50,8560,0.704162574601496
50,8561,0.83621666540757
50,8562,0.704061846843444
50,8563,0.782830953640049
50,8564,0.753821359321095
50,8565,0.73604291002493
50,8566,0.762685402029664
50,8567,0.733121805041424
50,8568,0.767268515021027
50,8569,0.834151746367505
50,8570,0.708796051471884
50,8571,0.747676966079928
50,8572,0.778751479438946
50,8573,0.773916547052454
50,8574,0.786608244566997
50,8575,0.65757598650248
50,8576,0.772808541713883
50,8577,0.821006773941729
50,8578,0.745058044370577
50,8579,0.735438543476619
50,8580,0.75563445896603
50,8581,0.808113620911083
50,8582,0.746417869104278
50,8583,0.803580871798746
50,8584,0.606658104807232
50,8585,0.694895620860719
50,8586,0.830676638714714
50,8587,0.711515700939286
50,8588,0.763440860215054
50,8589,0.754022814837199
50,8590,0.726373045251945
50,8591,0.74964115736194
50,8592,0.804991060411473
50,8593,0.774168366447584
50,8594,0.805192515927577
50,8595,0.743698219636876
50,8596,0.712271159124676
50,8597,0.793004457203294
50,8598,0.848303996373801
50,8599,0.797285386920501
50,8600,0.747324418926746
50,8601,0.697967817481302
50,8602,0.768124700964468
50,8603,0.823273148497897
50,8604,0.750648434942459
50,8605,0.786860063962126
50,8606,0.703759663569288
50,8607,0.745108408249603
50,8608,0.748482788144343
50,8609,0.757850469643172
50,8610,0.786557880687971
50,8611,0.754324998111355
50,8612,0.82835990027952
50,8613,0.771398353101156
50,8614,0.794162826420891
50,8615,0.849613457228476
50,8616,0.780262395809725
50,8617,0.74938933796681
50,8618,0.726221953614867
50,8619,0.742942761451487
50,8620,0.743950039032006
50,8621,0.775024552391025
50,8622,0.704011482964418
50,8623,0.764951776585833
50,8624,0.811790184079978
50,8625,0.810984362015562
50,8626,0.743950039032006
50,8627,0.737503462516683
50,8628,0.755886278361159
50,8629,0.759462113772003
50,8630,0.751152073732719
50,8631,0.797033567525371
50,8632,0.674498249855204
50,8633,0.832389010601597
50,8634,0.753922087079147
50,8635,0.815617838885951
50,8636,0.80826471254816
50,8637,0.769031250786936
50,8638,0.788018433179724
50,8639,0.830626274835688
50,8640,0.739971292588955
50,8641,0.775780010576415
50,8642,0.782226587091738
50,8643,0.813855103120042
50,8644,0.711012062149027
50,8645,0.774017274810506
50,8646,0.687441766764876
50,8647,0.693586160006044
50,8648,0.681095918007605
50,8649,0.830273727682506
50,8650,0.738208556823047
50,8651,0.743043489209539
50,8652,0.73030142781597
50,8653,0.805242879806603
50,8654,0.681347737402735
50,8655,0.749741885119992
50,8656,0.787262974994334
50,8657,0.770088892246481
50,8658,0.758203016796354
50,8659,0.678678451814359
50,8660,0.824884792626728
50,8661,0.755987006119211
50,8662,0.648812671551963
50,8663,0.81476165294251
50,8664,0.800861222331344
50,8665,0.766261237440508
50,8666,0.707889501649417
50,8667,0.706328221399612
50,8668,0.589987660849639
50,8669,0.814812016821535
50,8670,0.761728488328171
50,8671,0.769937800609403
50,8672,0.870363375387172
50,8673,0.779406209866284
50,8674,0.765052504343885
50,8675,0.768023973206416
50,8676,0.756792828183627
50,8677,0.69026214399033
50,8678,0.689859232958122
50,8679,0.806350885145174
50,8680,0.797839389589786
50,8681,0.720027196494674
50,8682,0.734934904686359
50,8683,0.768880159149858
50,8684,0.739467653798696
50,8685,0.758857747223691
50,8686,0.812042003475108
50,8687,0.728035053259802
50,8688,0.772455994560701
50,8689,0.787766613784594
50,8690,0.712170431366624
50,8691,0.825086248142832
50,8692,0.76797360932739
50,8693,0.791493540832515
50,8694,0.726675228526101
50,8695,0.705472035456171
50,8696,0.724610309486037
50,8697,0.723502304147465
50,8698,0.767872881569339
50,8699,0.770340711641611
50,8700,0.844627433204906
50,8701,0.762584674271612
50,8702,0.715695902898441
50,8703,0.854952028405228
50,8704,0.778197476769661
50,8705,0.718868827277077
50,8706,0.757900833522198
50,8707,0.771247261464078
50,8708,0.802623958097253
50,8709,0.740827478532397
50,8710,0.776636196519856
50,8711,0.780917126237063
50,8712,0.692327063030395
50,8713,0.763138676940898
50,8714,0.810178539951147
50,8715,0.762332854876483
50,8716,0.774823096874921
50,8717,0.769736345093299
50,8718,0.838986678753998
50,8719,0.780312759688751
50,8720,0.769736345093299
50,8721,0.735992546145904
50,8722,0.71171715645539
50,8723,0.818085668958223
50,8724,0.73866183173428
50,8725,0.709148598625066
50,8726,0.704817305028833
50,8727,0.767872881569339
50,8728,0.740777114653371
50,8729,0.71695499987409
50,8730,0.760469391352522
50,8731,0.763289768577976
50,8732,0.841756692100426
50,8733,0.734431265896099
50,8734,0.777996021253557
50,8735,0.746115685830123
50,8736,0.697464178691043
50,8737,0.742942761451487
50,8738,0.83546120722218
50,8739,0.807358162725693
50,8740,0.818387852232379
50,8741,0.743950039032006
50,8742,0.743597491878825
50,8743,0.845584346906399
50,8744,0.731862708065775
50,8745,0.822014051522248
50,8746,0.742086575508046
50,8747,0.679433909999748
50,8748,0.752814081740576
50,8749,0.693737251643122
50,8750,0.736093273903956
50,8751,0.782276950970764
50,8752,0.741834756112916
50,8753,0.847649265946463
50,8754,0.795119740122384
50,8755,0.743295308604669
50,8756,0.856765128050163
50,8757,0.811336909168744
50,8758,0.757397194731938
50,8759,0.826848983908741
50,8760,0.775427463423233
50,8761,0.787011155599204
50,8762,0.769988164488429
50,8763,0.728740147566166
50,8764,0.758555563949535
50,8765,0.727178867316361
50,8766,0.785449875349399
50,8767,0.77895293495505
50,8768,0.721588476744479
50,8769,0.8064012490242
50,8770,0.779355845987258
50,8771,0.848757271285034
50,8772,0.768779431391806
50,8773,0.751252801490771
50,8774,0.667195487396439
50,8775,0.788824255244139
50,8776,0.817531666288937
50,8777,0.788824255244139
50,8778,0.739366926040644
50,8779,0.84382161114049
50,8780,0.792450454534008
50,8781,0.856614036413085
50,8782,0.817279846893808
50,8783,0.770088892246481
50,8784,0.749741885119992
50,8785,0.729445241872529
50,8786,0.710206240084611
50,8787,0.845836166301529
50,8788,0.710609151116819
50,8789,0.771851628012389
50,8790,0.702148019440457
50,8791,0.640049356601445
50,8792,0.742086575508046
50,8793,0.787363702752386
50,8794,0.750900254337589
50,8795,0.713076981189091
50,8796,0.724459217848959
50,8797,0.77396691093148
50,8798,0.804134874468031
50,8799,0.707436226738183
50,8800,0.790385535493944
50,8801,0.744453677822266
50,8802,0.78993226058271
50,8803,0.698169272997406
50,8804,0.735740726750774
50,8805,0.83908740651205
50,8806,0.81400619475712
50,8807,0.847447810430359
50,8808,0.791342449195437
50,8809,0.790738082647125
50,8810,0.782881317519075
50,8811,0.771398353101156
50,8812,0.742086575508046
50,8813,0.723149756994284
50,8814,0.783989322857647
50,8815,0.80614942962907
50,8816,0.735589635113696
50,8817,0.774017274810506
50,8818,0.731761980307723
50,8819,0.783032409156153
50,8820,0.78519805595427
50,8821,0.778247840648687
50,8822,0.798897031049332
50,8823,0.75825338067538
50,8824,0.8168769358616
50,8825,0.745007680491551
50,8826,0.799048122686409
50,8827,0.756389917151419
50,8828,0.794867920727254
50,8829,0.800206491904006
50,8830,0.776384377124726
50,8831,0.713630983858377
50,8832,0.751152073732719
50,8833,0.785600966986477
50,8834,0.76374304348921
50,8835,0.866183173428017
50,8836,0.739115106645514
50,8837,0.735438543476619
50,8838,0.801667044395759
50,8839,0.692931429578706
50,8840,0.785903150260633
50,8841,0.736093273903956
50,8842,0.791997179622775
50,8843,0.792752637808164
50,8844,0.797839389589786
50,8845,0.818538943869457
50,8846,0.739316562161618
50,8847,0.834252474125557
50,8848,0.784593689405958
50,8849,0.798141572863942
50,8850,0.769283070182066
50,8851,0.782730225881997
50,8852,0.791694996348619
50,8853,0.76011684419934
50,8854,0.726977411800257
50,8855,0.778147112890635
50,8856,0.694240890433381
50,8857,0.732467074614087
50,8858,0.773060361109013
50,8859,0.799098486565435
50,8860,0.718314824607791
50,8861,0.693334340610914
50,8862,0.752411170708368
50,8863,0.752814081740576
50,8864,0.820049860240236
50,8865,0.735589635113696
50,8866,0.795724106670696
50,8867,0.784140414494724
50,8868,0.757397194731938
50,8869,0.705119488302989
50,8870,0.768023973206416
50,8871,0.682254287225202
50,8872,0.811185817531666
50,8873,0.776888015914986
50,8874,0.74465513333837
50,8875,0.807912165394979
50,8876,0.760670846868626
50,8877,0.769333434061091
50,8878,0.843519427866334
50,8879,0.782780589761023
50,8880,0.769434161819143
50,8881,0.785600966986477
50,8882,0.828460628037571
50,8883,0.704766941149807
50,8884,0.70149328901312
50,8885,0.747979149354083
50,8886,0.801515952758681
50,8887,0.802321774823097
50,8888,0.794817556848229
50,8889,0.7658583264083
50,8890,0.747626602200902
50,8891,0.764649593311677
50,8892,0.730754702727204
50,8893,0.764498501674599
50,8894,0.763894135126287
50,8895,0.793407368235502
50,8896,0.820503135151469
50,8897,0.725869406461686
50,8898,0.825992797965299
50,8899,0.831432096900103
50,8900,0.817682757926016
50,8901,0.765203595980962
50,8902,0.826899347787767
50,8903,0.798997758807383
50,8904,0.807861801515953
50,8905,0.751252801490771
50,8906,0.769786708972325
50,8907,0.82186295988517
50,8908,0.737100551484475
50,8909,0.851779104026592
50,8910,0.778902571076024
50,8911,0.725617587066556
50,8912,0.712271159124676
50,8913,0.767621062174209
50,8914,0.673490972274685
50,8915,0.788471708090957
50,8916,0.763994862884339
50,8917,0.786104605776737
50,8918,0.765455415376092
50,8919,0.781370401148296
50,8920,0.778398932285765
50,8921,0.834000654730427
50,8922,0.767621062174209
50,8923,0.769635617335247
50,8924,0.753922087079147
50,8925,0.732517438493113
50,8926,0.767621062174209
50,8927,0.81214273123316
50,8928,0.818035305079197
50,8929,0.757346830852912
50,8930,0.733977990984866
50,8931,0.780917126237063
50,8932,0.839591045302309
50,8933,0.686837400216565
50,8934,0.789277530155372
50,8935,0.790335171614918
50,8936,0.702097655561431
50,8937,0.827251894940948
50,8938,0.756742464304601
50,8939,0.777492382463297
50,8940,0.81450983354738
50,8941,0.675304071919619
50,8942,0.684671753418448
50,8943,0.826093525723351
50,8944,0.737755281911813
50,8945,0.74465513333837
50,8946,0.73679836821032
50,8947,0.796227745460955
50,8948,0.767872881569339
50,8949,0.795975926065826
50,8950,0.803127596887512
50,8951,0.790738082647125
50,8952,0.782428042607842
50,8953,0.826647528392637
50,8954,0.813905466999068
50,8955,0.820956410062703
50,8956,0.73916547052454
50,8957,0.842260330890685
50,8958,0.690916874417668
50,8959,0.806099065750044
50,8960,0.779607665382388
50,8961,0.801062677847448
50,8962,0.729445241872529
50,8963,0.768376520359598
50,8964,0.813401828208809
50,8965,0.766261237440508
50,8966,0.783586411825439
50,8967,0.696104353957342
50,8968,0.819193674296794
50,8969,0.740626023016293
50,8970,0.687492130643902
50,8971,0.696557628868575
50,8972,0.745763138676941
50,8973,0.724509581727985
50,8974,0.796681020372189
50,8975,0.627458386844955
50,8976,0.808113620911083
50,8977,0.726171589735842
50,8978,0.739366926040644
50,8979,0.800357583541084
50,8980,0.841555236584322
50,8981,0.759713933167133
50,8982,0.836518848681726
50,8983,0.726977411800257
50,8984,0.798242300621994
50,8985,0.718163732970713
50,8986,0.756188461635315
50,8987,0.79542192339654
50,8988,0.829820452771272
50,8989,0.724761401123114
50,8990,0.783032409156153
50,8991,0.820503135151469
50,8992,0.764649593311677
50,8993,0.760721210747652
50,8994,0.646999571907028
50,8995,0.762635038150638
50,8996,0.768426884238624
50,8997,0.754677545264536
50,8998,0.702853113746821
50,8999,0.681952103951046
50,9000,0.743043489209539
50,9001,0.780917126237063
50,9002,0.730653974969152
50,9003,0.762685402029664
50,9004,0.734683085291229
50,9005,0.836871395834907
50,9006,0.751303165369797
50,9007,0.67716753544358
50,9008,0.775276371786155
50,9009,0.833899926972376
50,9010,0.766412329077586
50,9011,0.792752637808164
50,9012,0.792853365566216
50,9013,0.787212611115308
50,9014,0.752713353982524
50,9015,0.73105688600136
50,9016,0.753368084409861
50,9017,0.707738410012339
50,9018,0.726423409130971
50,9019,0.716149177809675
50,9020,0.826395708997507
50,9021,0.803580871798746
50,9022,0.765908690287326
50,9023,0.519780413487447
50,9024,0.749187882450706
50,9025,0.762584674271612
50,9026,0.736194001662008
50,9027,0.825338067537962
50,9028,0.772455994560701
50,9029,0.724610309486037
50,9030,0.786910427841152
50,9031,0.713933167132533
50,9032,0.780866762358037
50,9033,0.698572184029614
50,9034,0.822416962554456
50,9035,0.704716577270781
50,9036,0.76560650701317
50,9037,0.778600387801869
50,9038,0.721387021228375
50,9039,0.749187882450706
50,9040,0.723099393115258
50,9041,0.725365767671426
50,9042,0.774017274810506
50,9043,0.745813502555967
50,9044,0.783183500793231
50,9045,0.758051925159276
50,9046,0.770391075520637
50,9047,0.785903150260633
50,9048,0.767067059504923
50,9049,0.757900833522198
50,9050,0.747878421596031
50,9051,0.740323839742137
50,9052,0.802674321976279
50,9053,0.782428042607842
50,9054,0.801667044395759
50,9055,0.747676966079928
50,9056,0.813351464329783
50,9057,0.822719145828612
50,9058,0.778197476769661
50,9059,0.800256855783033
50,9060,0.806350885145174
50,9061,0.736445821057138
50,9062,0.705925310367404
50,9063,0.779859484777518
50,9064,0.72032937976883
50,9065,0.693183248973836
50,9066,0.776283649366674
50,9067,0.75226007907129
50,9068,0.798242300621994
50,9069,0.764297046158495
50,9070,0.739518017677722
50,9071,0.793558459872579
50,9072,0.69625544559442
50,9073,0.697514542570069
50,9074,0.793306640477449
50,9075,0.841253053310166
50,9076,0.75800156128025
50,9077,0.747425146684798
50,9078,0.789529349550502
50,9079,0.774420185842714
50,9080,0.831835007932311
50,9081,0.711012062149027
50,9082,0.835813754375362
50,9083,0.792450454534008
50,9084,0.742791669814409
50,9085,0.722243207171816
50,9086,0.734028354863892
50,9087,0.787111883357256
50,9088,0.776535468761804
50,9089,0.778600387801869
50,9090,0.798796303291279
50,9091,0.737654554153761
50,9092,0.744705497217396
50,9093,0.760217571957392
50,9094,0.75301553725668
50,9095,0.837727581778349
50,9096,0.658230716929818
50,9097,0.745309863765707
50,9098,0.734934904686359
50,9099,0.754224270353303
50,9100,0.7763340132457
50,9101,0.741230389564604
50,9102,0.749087154692654
50,9103,0.749288610208758
50,9104,0.791543904711541
50,9105,0.796832112009267
50,9106,0.73916547052454
50,9107,0.812293822870238
50,9108,0.75276371786155
50,9109,0.722998665357206
50,9110,0.753166628893757
50,9111,0.743748583515902
50,9112,0.718768099519025
50,9113,0.808315076427186
50,9114,0.760519755231548
50,9115,0.686333761426305
50,9116,0.745259499886681
50,9117,0.828259172521468
50,9118,0.743093853088565
50,9119,0.818337488353353
50,9120,0.75513082017577
50,9121,0.814660925184458
50,9122,0.753922087079147
50,9123,0.774873460753947
50,9124,0.727581778348568
50,9125,0.738561103976228
50,9126,0.733877263226814
50,9127,0.756339553272393
50,9128,0.706831860189872
50,9129,0.791896451864723
50,9130,0.728991966961295
50,9131,0.74465513333837
50,9132,0.746266777467201
50,9133,0.770290347762585
50,9134,0.730099972299867
50,9135,0.680793734733449
50,9136,0.788522071969983
50,9137,0.780866762358037
50,9138,0.761879579965249
50,9139,0.860189871823928
50,9140,0.707587318375261
50,9141,0.73679836821032
50,9142,0.787514794389464
50,9143,0.773312180504142
50,9144,0.764901412706807
50,9145,0.706882224068898
50,9146,0.752864445619602
50,9147,0.791896451864723
50,9148,0.822517690312508
50,9149,0.803127596887512
50,9150,0.715645539019415
50,9151,0.689758505200071
50,9152,0.671728236508776
50,9153,0.706932587947924
50,9154,0.820150587998288
50,9155,0.719674649341492
50,9156,0.74364785575785
50,9157,0.780312759688751
50,9158,0.687139583490721
50,9159,0.748281332628239
50,9160,0.763289768577976
50,9161,0.786457152929919
50,9162,0.78469441716401
50,9163,0.793407368235502
50,9164,0.766815240109793
50,9165,0.781017853995115
50,9166,0.74465513333837
50,9167,0.765757598650248
50,9168,0.777693837979401
50,9169,0.78182367605953
50,9170,0.767016695625897
50,9171,0.741381481201682
50,9172,0.746619324620382
50,9173,0.811437636926796
50,9174,0.686484853063383
50,9175,0.796882475888293
50,9176,0.734733449170255
50,9177,0.858276044420941
50,9178,0.773664727657324
50,9179,0.798947394928357
50,9180,0.734129082621944
50,9181,0.686535216942409
50,9182,0.824834428747702
50,9183,0.756238825514341
50,9184,0.717005363753116
50,9185,0.771045805947974
50,9186,0.761476668933041
50,9187,0.807559618241797
50,9188,0.826143889602377
50,9189,0.77683765203596
50,9190,0.854649845131072
50,9191,0.848052176978671
50,9192,0.7959255621868
50,9193,0.818740399385561
50,9194,0.709148598625066
50,9195,0.674750069250334
50,9196,0.822517690312508
50,9197,0.833043741028934
50,9198,0.81763239404699
50,9199,0.732114527460905
50,9200,0.779506937624336
50,9201,0.664979476719297
50,9202,0.801767772153811
50,9203,0.816423660950366
50,9204,0.753418448288887
50,9205,0.793961370904787
50,9206,0.735639998992722
50,9207,0.799299942081539
50,9208,0.691823424240135
50,9209,0.79280300168719
50,9210,0.686988491853643
50,9211,0.76036866359447
50,9212,0.837475762383219
50,9213,0.702903477625847
50,9214,0.806451612903226
50,9215,0.708594595955781
50,9216,0.713379164463247
50,9217,0.793810279267709
50,9218,0.754224270353303
50,9219,0.794767192969203
50,9220,0.80826471254816
50,9221,0.679131726725592
50,9222,0.678174813024099
50,9223,0.761627760570119
50,9224,0.723502304147465
50,9225,0.82997154440835
50,9226,0.766261237440508
50,9227,0.772506358439727
50,9228,0.707788773891365
50,9229,0.836115937649518
50,9230,0.764699957190703
50,9231,0.749842612878044
50,9232,0.763843771247261
50,9233,0.80927199012868
50,9234,0.697917453602276
50,9235,0.790637354889074
50,9236,0.743798947394928
50,9237,0.795019012364332
50,9238,0.791795724106671
50,9239,0.815819294402055
50,9240,0.745612047039863
50,9241,0.769383797940117
50,9242,0.75301553725668
50,9243,0.775628918939337
50,9244,0.729747425146685
50,9245,0.737150915363501
50,9246,0.792651910050112
50,9247,0.76872906751278
50,9248,0.716199541688701
50,9249,0.853592203671527
50,9250,0.700183828158445
50,9251,0.745511319281811
50,9252,0.807811437636927
50,9253,0.728337236533958
50,9254,0.7658583264083
50,9255,0.734380902017073
50,9256,0.786154969655763
50,9257,0.776636196519856
50,9258,0.7906877187681
50,9259,0.740978570169474
50,9260,0.765707234771222
50,9261,0.76822542872252
50,9262,0.750749162700511
50,9263,0.786003878018685
50,9264,0.751051345974667
50,9265,0.831230641383999
50,9266,0.751706076402004
50,9267,0.692981793457732
50,9268,0.738258920702073
50,9269,0.761980307723301
50,9270,0.773866183173428
50,9271,0.767671426053235
50,9272,0.83883558711692
50,9273,0.810933998136537
50,9274,0.791191357558359
50,9275,0.691067966054746
50,9276,0.802674321976279
50,9277,0.694442345949485
50,9278,0.760721210747652
50,9279,0.790385535493944
50,9280,0.766865603988819
50,9281,0.696859812142731
50,9282,0.755281911812848
50,9283,0.79305482108232
50,9284,0.79466646521115
50,9285,0.754224270353303
50,9286,0.732265619097983
50,9287,0.708090957165521
50,9288,0.748432424265317
50,9289,0.788723527486087
50,9290,0.804890332653421
50,9291,0.771952355770441
50,9292,0.759965752562262
50,9293,0.844425977688802
50,9294,0.766865603988819
50,9295,0.74389967515298
50,9296,0.7449069527335
50,9297,0.712120067487598
50,9298,0.786154969655763
50,9299,0.817481302409912
50,9300,0.807358162725693
50,9301,0.834353201883609
50,9302,0.782830953640049
50,9303,0.781773312180504
50,9304,0.67404497494397
50,9305,0.784593689405958
50,9306,0.777290926947193
50,9307,0.732718894009217
50,9308,0.797839389589786
50,9309,0.840447231245751
50,9310,0.793961370904787
50,9311,0.665986754299816
50,9312,0.748180604870187
50,9313,0.783082773035179
50,9314,0.791846087985697
50,9315,0.837526126262245
50,9316,0.744604769459344
50,9317,0.809423081765758
50,9318,0.762282490997457
50,9319,0.836669940318803
50,9320,0.690413235627408
50,9321,0.738158192944021
50,9322,0.776686560398882
50,9323,0.720782654680063
50,9324,0.866686812218277
50,9325,0.799148850444461
50,9326,0.62539346780489
50,9327,0.780917126237063
50,9328,0.707688046133313
50,9329,0.810933998136537
50,9330,0.74128075344363
50,9331,0.706076402004482
50,9332,0.70360857193221
50,9333,0.812042003475108
50,9334,0.783435320188361
50,9335,0.788471708090957
50,9336,0.771096169827
50,9337,0.734733449170255
50,9338,0.772657450076805
50,9339,0.755483367328952
50,9340,0.82810808088439
50,9341,0.824028606683287
50,9342,0.822165143159326
50,9343,0.716149177809675
50,9344,0.812747097781471
50,9345,0.746166049709149
50,9346,0.776938379794012
50,9347,0.711515700939286
50,9348,0.729999244541815
50,9349,0.745712774797915
50,9350,0.764297046158495
50,9351,0.775780010576415
50,9352,0.840195411850621
50,9353,0.651381229382287
50,9354,0.852333106695878
50,9355,0.681095918007605
50,9356,0.764448137795573
50,9357,0.762131399360379
50,9358,0.709299690262144
50,9359,0.766865603988819
50,9360,0.781773312180504
50,9361,0.77870111555992
50,9362,0.756389917151419
50,9363,0.777945657374531
50,9364,0.716803908237012
50,9365,0.72294830147818
50,9366,0.854498753493994
50,9367,0.738611467855254
50,9368,0.718012641333636
50,9369,0.811437636926796
50,9370,0.807660345999849
50,9371,0.758505200070509
50,9372,0.801667044395759
50,9373,0.650122132406638
50,9374,0.775326735665181
50,9375,0.834907204552895
50,9376,0.742590214298305
50,9377,0.836770668076855
50,9378,0.796681020372189
50,9379,0.706580040794742
50,9380,0.772556722318753
50,9381,0.778046385132583
50,9382,0.775125280149077
50,9383,0.762181763239405
50,9384,0.789428621792451
50,9385,0.630782402860668
50,9386,0.71771045805948
50,9387,0.794162826420891
50,9388,0.649265946463197
50,9389,0.800005036387903
50,9390,0.704464757875652
50,9391,0.829216086222961
50,9392,0.77159980861726
50,9393,0.773765455415376
50,9394,0.786608244566997
50,9395,0.729646697388633
50,9396,0.75039661554733
50,9397,0.826446072876533
50,9398,0.772858905592909
50,9399,0.791594268590567
50,9400,0.812193095112186
50,9401,0.684017022991111
50,9402,0.772204175165571
50,9403,0.760419027473496
50,9404,0.735841454508826
50,9405,0.82448188159452
50,9406,0.724257762332855
50,9407,0.748029513233109
50,9408,0.767923245448364
50,9409,0.833748835335298
50,9410,0.729948880662789
50,9411,0.741230389564604
50,9412,0.719976832615648
50,9413,0.786910427841152
50,9414,0.774520913600766
50,9415,0.721890660018635
50,9416,0.779154390471154
50,9417,0.757447558610964
50,9418,0.872982297096522
50,9419,0.763692679610184
50,9420,0.743446400241747
50,9421,0.743446400241747
50,9422,0.720027196494674
50,9423,0.742993125330513
50,9424,0.80015612802498
50,9425,0.766815240109793
50,9426,0.713429528342273
50,9427,0.768124700964468
50,9428,0.752310442950316
50,9429,0.841756692100426
50,9430,0.76560650701317
50,9431,0.797083931404397
50,9432,0.748533152023369
50,9433,0.861801515952759
50,9434,0.803329052403616
50,9435,0.748734607539473
50,9436,0.746971871773564
50,9437,0.677671174233839
50,9438,0.760318299715444
50,9439,0.790486263251996
50,9440,0.775578555060311
50,9441,0.766311601319534
50,9442,0.777190199189142
50,9443,0.671980055903906
50,9444,0.771247261464078
50,9445,0.708594595955781
50,9446,0.780060940293621
50,9447,0.726020498098764
50,9448,0.723502304147465
50,9449,0.757598650248042
50,9450,0.813200372692705
50,9451,0.786154969655763
50,9452,0.80378232731485
50,9453,0.77447054972174
50,9454,0.776888015914986
50,9455,0.787212611115308
50,9456,0.727027775679283
50,9457,0.734481629775125
50,9458,0.699327642215003
50,9459,0.747475510563824
50,9460,0.728035053259802
50,9461,0.791846087985697
50,9462,0.773312180504142
50,9463,0.780866762358037
50,9464,0.700838558585782
50,9465,0.755987006119211
50,9466,0.750346251668303
50,9467,0.731006522122334
50,9468,0.799350305960565
50,9469,0.710306967842663
50,9470,0.75200825967616
50,9471,0.760267935836418
50,9472,0.791594268590567
50,9473,0.751000982095641
50,9474,0.719775377099544
50,9475,0.756692100425575
50,9476,0.810279267709199
50,9477,0.810178539951147
50,9478,0.77084435043187
50,9479,0.711163153786105
50,9480,0.819646949208028
50,9481,0.784543325526932
50,9482,0.782428042607842
50,9483,0.749288610208758
50,9484,0.746216413588175
50,9485,0.747828057717005
50,9486,0.787162247236282
50,9487,0.712976253431039
50,9488,0.806602704540304
50,9489,0.830827730351792
50,9490,0.73342398831558
50,9491,0.809120898491602
50,9492,0.778902571076024
50,9493,0.821560776611015
50,9494,0.776686560398882
50,9495,0.779809120898492
50,9496,0.721034474075193
50,9497,0.819344765933872
50,9498,0.682757926015462
50,9499,0.744201858427136
50,9500,0.741885119991942
50,9501,0.841605600463348
50,9502,0.742892397572461
50,9503,0.745309863765707
50,9504,0.804084510589006
50,9505,0.823625695651079
50,9506,0.746417869104278
50,9507,0.746720052378434
50,9508,0.796781748130241
50,9509,0.756994283699731
50,9510,0.84905945455919
50,9511,0.795774470549722
50,9512,0.746216413588175
50,9513,0.824028606683287
50,9514,0.807358162725693
50,9515,0.756238825514341
50,9516,0.792248999017904
50,9517,0.723099393115258
50,9518,0.737100551484475
50,9519,0.791543904711541
50,9520,0.817531666288937
50,9521,0.793407368235502
50,9522,0.783133136914205
50,9523,0.745158772128629
50,9524,0.783435320188361
50,9525,0.719725013220518
50,9526,0.775377099544207
50,9527,0.792248999017904
50,9528,0.746619324620382
50,9529,0.837576490141271
50,9530,0.802472866460175
50,9531,0.77421873032661
50,9532,0.811840547959004
50,9533,0.679736093273904
50,9534,0.75276371786155
50,9535,0.727984689380776
50,9536,0.794465009695047
50,9537,0.775377099544207
50,9538,0.801012313968422
50,9539,0.712825161793961
50,9540,0.764045226763365
50,9541,0.740626023016293
50,9542,0.820150587998288
50,9543,0.746166049709149
50,9544,0.687844677797084
50,9545,0.727329958953439
50,9546,0.777492382463297
50,9547,0.703407116416106
50,9548,0.803731963435824
50,9549,0.769283070182066
50,9550,0.727783233864672
50,9551,0.748180604870187
50,9552,0.70411221072247
50,9553,0.814812016821535
50,9554,0.737100551484475
50,9555,0.776233285487648
50,9556,0.725718314824608
50,9557,0.779557301503362
50,9558,0.651129409987157
50,9559,0.827453350457052
50,9560,0.826143889602377
50,9561,0.736596912694216
50,9562,0.762584674271612
50,9563,0.732467074614087
50,9564,0.717156455390194
50,9565,0.746820780136486
50,9566,0.784140414494724
50,9567,0.812545642265367
50,9568,0.757900833522198
50,9569,0.842763969680945
50,9570,0.675001888645464
50,9571,0.803329052403616
50,9572,0.825539523054066
50,9573,0.827352622699
50,9574,0.683714839716955
50,9575,0.72581904258266
50,9576,0.721185565712271
50,9577,0.806854523935434
50,9578,0.733021077283372
50,9579,0.847598902067437
50,9580,0.815668202764977
50,9581,0.825841706328221
50,9582,0.740726750774345
50,9583,0.735942182266878
50,9584,0.838986678753998
50,9585,0.723804487421621
50,9586,0.762433582634535
50,9587,0.690916874417668
50,9588,0.780363123567777
50,9589,0.828410264158546
50,9590,0.767671426053235
50,9591,0.747878421596031
50,9592,0.670267684017023
50,9593,0.769685981214273
50,9594,0.80564579083881
50,9595,0.783586411825439
50,9596,0.771700536375312
50,9597,0.770038528367455
50,9598,0.765757598650248
50,9599,0.774571277479791
50,9600,0.777190199189142
50,9601,0.716098813930649
50,9602,0.783838231220569
50,9603,0.817682757926016
50,9604,0.714638261438896
50,9605,0.750799526579537
50,9606,0.709752965173378
50,9607,0.734431265896099
50,9608,0.761728488328171
50,9609,0.759311022134925
50,9610,0.778348568406739
50,9611,0.715141900229156
50,9612,0.633099141295863
50,9613,0.628415300546448
50,9614,0.787262974994334
50,9615,0.757346830852912
50,9616,0.754727909143562
50,9617,0.781017853995115
50,9618,0.692276699151369
50,9619,0.803983782830954
50,9620,0.808315076427186
50,9621,0.684319206265267
50,9622,0.812646370023419
50,9623,0.708644959834807
50,9624,0.834252474125557
50,9625,0.805847246354914
50,9626,0.799451033718617
50,9627,0.668051673339881
50,9628,0.76112412177986
50,9629,0.80353050791972
50,9630,0.754375361990381
50,9631,0.720984110196167
50,9632,0.726524136889023
50,9633,0.77134798922213
50,9634,0.791292085316411
50,9635,0.8116390924429
50,9636,0.750648434942459
50,9637,0.735942182266878
50,9638,0.715494447382337
50,9639,0.747626602200902
50,9640,0.80065976681524
50,9641,0.798594847775176
50,9642,0.681851376192994
50,9643,0.727229231195387
50,9644,0.683865931354033
50,9645,0.755332275691874
50,9646,0.725617587066556
50,9647,0.794716829090176
50,9648,0.810782906499458
50,9649,0.728085417138828
50,9650,0.803480144040694
50,9651,0.831583188537181
50,9652,0.723351212510388
50,9653,0.688297952708318
50,9654,0.780463851325829
50,9655,0.815768930523029
50,9656,0.701291833497016
50,9657,0.744453677822266
50,9658,0.758102289038302
50,9659,0.71146533706026
50,9660,0.714537533680844
50,9661,0.761275213416937
50,9662,0.74228803102415
50,9663,0.696456901110524
50,9664,0.783888595099595
50,9665,0.705472035456171
50,9666,0.695097076376823
50,9667,0.737050187605449
50,9668,0.736143637782982
50,9669,0.792752637808164
50,9670,0.785802422502581
50,9671,0.821762232127119
50,9672,0.80378232731485
50,9673,0.791946815743749
50,9674,0.85142655687341
50,9675,0.729243786356425
50,9676,0.750195160031226
50,9677,0.824280426078417
50,9678,0.777492382463297
50,9679,0.813704011482964
50,9680,0.724711037244089
50,9681,0.788522071969983
50,9682,0.78706151947823
50,9683,0.818387852232379
50,9684,0.802472866460175
50,9685,0.760318299715444
50,9686,0.821460048852963
50,9687,0.727833597743698
50,9688,0.740172748105059
50,9689,0.719120646672207
50,9690,0.776132557729596
50,9691,0.653899423333585
50,9692,0.705220216061041
50,9693,0.733977990984866
50,9694,0.812898189418549
50,9695,0.75774974188512
50,9696,0.779406209866284
50,9697,0.765757598650248
50,9698,0.741683664475838
50,9699,0.816675480345496
50,9700,0.697111631537861
50,9701,0.799602125355695
50,9702,0.806300521266148
50,9703,0.722746845962076
50,9704,0.788975346881217
50,9705,0.744302586185188
50,9706,0.786759336204074
50,9707,0.768326156480572
50,9708,0.80302686912946
50,9709,0.636070610158394
50,9710,0.680944826370527
50,9711,0.714487169801818
50,9712,0.753418448288887
50,9713,0.769837072851351
50,9714,0.815970386039133
50,9715,0.699176550577926
50,9716,0.762584674271612
50,9717,0.745058044370577
50,9718,0.751303165369797
50,9719,0.711566064818312
50,9720,0.809423081765758
50,9721,0.807861801515953
50,9722,0.806300521266148
50,9723,0.713429528342273
50,9724,0.709198962504092
50,9725,0.697766361965199
50,9726,0.770088892246481
50,9727,0.742388758782201
50,9728,0.725516859308504
50,9729,0.840195411850621
50,9730,0.755483367328952
50,9731,0.673037697363451
50,9732,0.80564579083881
50,9733,0.788119160937775
50,9734,0.789478985671476
50,9735,0.780060940293621
50,9736,0.709047870867014
50,9737,0.787867341542646
50,9738,0.750900254337589
50,9739,0.81138727304777
50,9740,0.717257183148246
50,9741,0.773412908262194
50,9742,0.778650751680894
50,9743,0.77321145274609
50,9744,0.731661252549671
50,9745,0.837274306867115
50,9746,0.798846667170305
50,9747,0.74440331394324
50,9748,0.805998337991992
50,9749,0.71171715645539
50,9750,0.724056306816751
50,9751,0.754727909143562
50,9752,0.752914809498628
50,9753,0.690060688474226
50,9754,0.72556722318753
50,9755,0.735438543476619
50,9756,0.690413235627408
50,9757,0.744957316612526
50,9758,0.811336909168744
50,9759,0.768023973206416
50,9760,0.76822542872252
50,9761,0.753720631563043
50,9762,0.787917705421671
50,9763,0.717861549696558
50,9764,0.739115106645514
50,9765,0.728589055929088
50,9766,0.745914230314019
50,9767,0.765002140464859
50,9768,0.771045805947974
50,9769,0.720933746317141
50,9770,0.734834176928307
50,9771,0.759965752562262
50,9772,0.715897358414545
50,9773,0.703810027448314
50,9774,0.756843192062653
50,9775,0.82523733977991
50,9776,0.753317720530835
50,9777,0.709954420689481
50,9778,0.823273148497897
50,9779,0.698270000755458
50,9780,0.70909823474604
50,9781,0.781420765027322
50,9782,0.666137845936894
50,9783,0.698068545239354
50,9784,0.779003298834076
50,9785,0.822064415401274
50,9786,0.677620810354814
50,9787,0.735740726750774
50,9788,0.684923572813578
50,9789,0.728286872654932
50,9790,0.710961698270001
50,9791,0.834554657399713
50,9792,0.776283649366674
50,9793,0.756138097756289
50,9794,0.732517438493113
50,9795,0.822416962554456
50,9796,0.758152652917328
50,9797,0.815214927853743
50,9798,0.75513082017577
50,9799,0.788219888695827
50,9800,0.713630983858377
50,9801,0.697413814812017
50,9802,0.777744201858427
50,9803,0.820352043514392
50,9804,0.670620231170205
50,9805,0.734834176928307
50,9806,0.728639419808114
50,9807,0.731610888670645
50,9808,0.786003878018685
50,9809,0.753972450958173
50,9810,0.80091158621037
50,9811,0.709652237415326
50,9812,0.817833849563093
50,9813,0.766210873561482
50,9814,0.802069955427967
50,9815,0.795019012364332
50,9816,0.736848732089346
50,9817,0.697766361965199
50,9818,0.806501976782252
50,9819,0.740374203621163
50,9820,0.816423660950366
50,9821,0.799148850444461
50,9822,0.770542167157715
50,9823,0.750749162700511
50,9824,0.702752385988769
50,9825,0.752814081740576
50,9826,0.841353781068218
50,9827,0.80040794742011
50,9828,0.69076578278059
50,9829,0.764297046158495
50,9830,0.761678124449145
50,9831,0.834453929641661
50,9832,0.704918032786885
50,9833,0.830626274835688
50,9834,0.783183500793231
50,9835,0.804890332653421
50,9836,0.789076074639269
50,9837,0.786759336204074
50,9838,0.845584346906399
50,9839,0.827453350457052
50,9840,0.710760242753897
50,9841,0.798695575533228
50,9842,0.686233033668253
50,9843,0.795119740122384
50,9844,0.81113545365264
50,9845,0.750295887789278
50,9846,0.709450781899222
50,9847,0.766210873561482
50,9848,0.843469063987308
50,9849,0.753216992772783
50,9850,0.781420765027322
50,9851,0.820603862909521
50,9852,0.847447810430359
50,9853,0.751202437611745
50,9854,0.781118581753167
50,9855,0.826949711666793
50,9856,0.791594268590567
50,9857,0.775679282818363
50,9858,0.694694165344615
50,9859,0.780413487446803
50,9860,0.741582936717786
50,9861,0.761325577295963
50,9862,0.758354108433432
50,9863,0.698773639545718
50,9864,0.806602704540304
50,9865,0.849714184986528
50,9866,0.756138097756289
50,9867,0.73030142781597
50,9868,0.816776208103548
50,9869,0.785600966986477
50,9870,0.726675228526101
50,9871,0.693283976731888
50,9872,0.855405303316462
50,9873,0.77134798922213
50,9874,0.725013220518244
50,9875,0.734129082621944
50,9876,0.792349726775956
50,9877,0.684319206265267
50,9878,0.771801264133364
50,9879,0.749187882450706
50,9880,0.675404799677671
50,9881,0.840195411850621
50,9882,0.718516280123895
50,9883,0.836367757044648
50,9884,0.733021077283372
50,9885,0.733776535468762
50,9886,0.819445493691924
50,9887,0.764145954521417
50,9888,0.839842864697439
50,9889,0.747626602200902
50,9890,0.764750321069729
50,9891,0.817078391377704
50,9892,0.764851048827781
50,9893,0.801314497242578
50,9894,0.739920928709929
50,9895,0.759260658255899
50,9896,0.744101130669084
50,9897,0.802221047065045
50,9898,0.771952355770441
50,9899,0.817783485684067
50,9900,0.783032409156153
50,9901,0.682052831709098
50,9902,0.786406789050893
50,9903,0.709198962504092
50,9904,0.857822769509708
50,9905,0.770038528367455
50,9906,0.779859484777518
50,9907,0.804688877137317
50,9908,0.737100551484475
50,9909,0.787766613784594
50,9910,0.810329631588225
50,9911,0.754677545264536
50,9912,0.823877515046209
50,9913,0.689506685804941
50,9914,0.821460048852963
50,9915,0.772959633350961
50,9916,0.835763390496336
50,9917,0.807609982120823
50,9918,0.714386442043766
50,9919,0.771146533706026
50,9920,0.764397773916547
50,9921,0.783787867341543
50,9922,0.76112412177986
50,9923,0.7553826395709
50,9924,0.823273148497897
50,9925,0.719019918914155
50,9926,0.817330210772834
50,9927,0.726121225856815
50,9928,0.770793986552844
50,9929,0.807055979451537
50,9930,0.790838810405177
50,9931,0.801264133363552
50,9932,0.818438216111405
50,9933,0.836166301528544
50,9934,0.850066732139709
50,9935,0.766059781924404
50,9936,0.77084435043187
50,9937,0.696708720505653
50,9938,0.745612047039863
50,9939,0.788824255244139
50,9940,0.79829266450102
50,9941,0.760570119110574
50,9942,0.758404472312457
50,9943,0.800961950089396
50,9944,0.777290926947193
50,9945,0.763289768577976
50,9946,0.769383797940117
50,9947,0.752713353982524
50,9948,0.753821359321095
50,9949,0.792349726775956
50,9950,0.708443504318703
50,9951,0.719120646672207
50,9952,0.828762811311727
50,9953,0.78132003726927
50,9954,0.830273727682506
50,9955,0.73080506660623
50,9956,0.715846994535519
50,9957,0.682707562136436
50,9958,0.730200700057918
50,9959,0.761275213416937
50,9960,0.776888015914986
50,9961,0.788975346881217
50,9962,0.825035884263806
50,9963,0.753922087079147
50,9964,0.745763138676941
50,9965,0.750446979426355
50,9966,0.726826320163179
50,9967,0.789478985671476
50,9968,0.72244466268792
50,9969,0.787867341542646
50,9970,0.774269094205636
50,9971,0.759210294376873
50,9972,0.709803329052404
50,9973,0.719876104857596
50,9974,0.797637934073682
50,9975,0.802321774823097
50,9976,0.732064163581879
50,9977,0.743043489209539
50,9978,0.78207549545466
50,9979,0.784341870010828
50,9980,0.757145375336808
50,9981,0.727078139558309
50,9982,0.831784644053285
50,9983,0.837777945657375
50,9984,0.800810858452318
50,9985,0.700888922464808
50,9986,0.765505779255118
50,9987,0.757346830852912
50,9988,0.753569539925965
50,9989,0.755785550603107
50,9990,0.747727329958953
50,9991,0.828913902948805
50,9992,0.833547379819194
50,9993,0.701342197376042
50,9994,0.804890332653421
50,9995,0.701090377980912
50,9996,0.796983203646345
50,9997,0.768326156480572
50,9998,0.692528518546498
50,9999,0.796227745460955
50,10000,0.764548865553625
