sample_id	CD4	PTPRC	CTLA4	PDCD1	HAVCR2	VSIR	LAG3	CD38
TCGA-AF-2687-01	1.2708495248867608	1.2848118413507197	1.1158578522113172	0.45752768159088064	1.556063511628198	0.9039109576205633	0.7580482565393648	1.1869827503910444
TCGA-AF-2690-01	2.4096052776752965	1.8248653954532703	1.7190044966359794	1.3454566939777648	1.9344542346328226	2.032365155292772	1.060365026484591	1.8738405939273532
TCGA-AF-2691-01	0.7822806415680775	0.5042470175655608	0.565524544005166	0.9875357405750383	0.8277017354888808	0.16211427885360644	0.26363502589863086	0.40834512898105085
TCGA-AF-2692-01	-0.1470679864891377	0.3089154889489486	0.363449273450333	-0.7923789157067924	-0.2305601080983597	0.2727918881638932	0.25303728648459584	-0.3433580659138107
TCGA-AF-2693-01	0.6262320655403141	0.4847625246385049	0.15967387580416376	-0.4328351903466983	0.22674761986511682	0.187861750574589	-0.38041136867112674	0.8925880159429038
TCGA-AF-3400-01	1.6452023995854828	1.7104491730736147	0.9972758286954282	0.16118947515245916	2.1905308516181576	2.3783451291879545	0.08917189309629321	0.16706340216813473
TCGA-AF-3911-01	-0.028368496998362077	0.06790161042786766	-0.07043513211775344	-0.7183289542880708	0.07489722345307721	-0.2710032736833968	-0.28135014549626935	0.026263476611665865
TCGA-AF-4110-01	1.0139851404052254	0.9232901584301533	0.5270520614158388	0.672747164613994	0.5058426812349186	1.197637212648117	0.37974905693628136	1.5950438729959378
TCGA-AF-5654-01	-1.0888324754923413	-1.0264460850891846	0.1060124072630436	-1.021756164930811	-1.504783546047036	-1.487255773705469	-0.9347985954007076	-0.8718643257785212
TCGA-AF-6136-01	-0.2565711873484499	0.09631939135827487	-0.5569997427768686	-0.6633059212050125	-1.2229623320640401	-0.35852969717041244	-0.24041513852541904	-0.37582167998159927
TCGA-AF-6655-01	-0.40925963257100667	-0.08595840993501891	0.49313118134063944	-0.012228313608712174	0.04060881724053671	0.0020397535694327068	-0.3287281235031898	0.004286393398940761
TCGA-AF-6672-01	-0.23500405442603875	0.26604239637854865	1.3680587559038258	0.11418360427755823	-1.0964123677003093	-0.7783180327676086	-0.7746475808294941	-0.32289347619682296
TCGA-AF-A56K-01	0.5260796646126404	0.5069759538321437	1.4229988926249302	0.33826289711022767	0.6231289087174158	0.12560471616321997	-0.24025263906568425	0.38618200675237674
TCGA-AF-A56L-01	-0.2561441317847799	-0.40280558474074735	0.37950219549791053	-0.2782915823319849	-0.31261761530838234	-1.1017636921614464	-0.5433920785994701	0.13985466173434766
TCGA-AF-A56N-01	0.02693621791279991	-0.1280031450092634	0.19720162892613452	-0.11012443797923388	-0.3789498306955254	-0.1655381949451754	-0.9577537005863902	-0.6270440517554838
TCGA-AG-3574-01	-0.09938871001039819	-0.13624557774870108	-0.7215435432655845	0.060628400177752506	-0.20559959757987317	0.377985258223894	-0.3252244418585641	-0.5688219380609523
TCGA-AG-3575-01	-0.01768748979965265	0.4069880331837185	0.9284356052401737	0.7202889981045277	1.520479754320394	0.44384295423045206	-0.1270626991774808	0.30399663155061474
TCGA-AG-3578-01	0.12052551313368136	0.593535988199923	0.2000033673604706	0.21958440956612055	0.08953044958962274	-0.5668320138280359	-0.12439630633134001	0.33430533356213393
TCGA-AG-3580-01	0.12292822457544085	0.38253221744372196	0.4714015802771017	0.5688653130741069	-0.12036850101344009	-0.5616259281664852	0.5727226830013759	0.3699382898108174
TCGA-AG-3581-01	0.3186703690554425	0.13341502109045295	-0.8313593188393614	0.1455026600519092	0.06926150417473483	0.6020466514369758	-0.08172467366594358	0.1426592468817197
TCGA-AG-3582-01	0.2835022949472575	0.2327568103957463	0.018900582217848315	-0.41662263337506505	0.322133270920618	-0.6606038340729014	-0.5600203270319305	0.2429887154129225
TCGA-AG-3583-01	-0.15670266921405218	0.08124439700906447	-0.5990520633650718	-0.7813226009973852	-0.4203868923758899	0.17268243948518683	0.18723660565298283	0.6376887799514362
TCGA-AG-3584-01	0.8071262161432026	0.1990956247879105	0.3465211196215205	0.7281047029659131	0.46869875254324495	0.25372995864497644	0.6469476797764943	-0.40683211488147725
TCGA-AG-3586-01	-0.11403627850239753	-0.12445511440188335	0.08542935687444782	-0.4337751960702748	0.10055169681583745	-0.5690282522385546	-0.17723261613862476	-0.25703584540979973
TCGA-AG-3587-01	0.36413603451441034	0.026944662141603525	-0.049168432107879516	-0.20742216216166487	-0.033307394626775115	0.4416163585704602	0.4531028502545679	-0.10958014479647811
TCGA-AG-3591-01	0.16117544164333156	-0.000679467348805588	-0.7260446611779385	-1.2761148846234929	-0.22823746832658232	-0.04891863940622703	-0.9093094065149077	0.25773346446591244
TCGA-AG-3592-01	0.1631416024607193	0.048698717170818834	0.5168243954759001	-0.10447889232422068	-0.17499579002912383	-0.5688279654123837	0.2738989511351332	0.2855486201053087
TCGA-AG-3593-01	0.6306772395836548	0.7954699081684399	0.6851473119338858	0.6343439976358838	0.46401144699353974	-0.16362007184706506	0.23215727046436077	0.6598885916090326
TCGA-AG-3594-01	0.587058423904925	1.1921602941804479	0.7154883210323592	1.628271534862139	0.9786238682522918	0.8363202654254096	1.7795415361294504	0.8507575801381932
TCGA-AG-3598-01	-0.09324557682191638	0.1748454828178056	-0.3783701815231413	0.8350434334888075	0.42499427038587984	0.4733753891470602	0.9637918325083543	0.46860942482333007
TCGA-AG-3599-01	0.39264007668863415	0.36879405968823503	0.45999906743022795	0.790445925365175	0.2529500867405299	-0.0982973459608994	0.9936187072818479	0.32927471835675726
TCGA-AG-3600-01	0.7236180421185595	0.3512652579252488	-0.3682790868129151	0.9612371272485521	1.1389301393591063	-0.06516836559250759	0.7813849615071364	0.42477695249898717
TCGA-AG-3601-01	-0.6308593163481168	-0.9730048813606181	-1.659582052101997	-2.127868159537938	-0.3166420357714349	-0.6683276592277657	-0.5560961583765293	-0.8917998730053531
TCGA-AG-3602-01	-0.39517686273611535	-0.11756952044438834	-0.46128138779706834	-0.5922226569607397	0.39256663645449424	0.3989211246917045	-0.43626847803400737	-0.45561963987161924
TCGA-AG-3605-01	-0.5701039208331636	-0.2748519773789339	-0.6390920244640701	-0.41323846777695683	-0.35073420704829056	-0.2628888344323246	-0.7361384963951534	0.07029911511569172
TCGA-AG-3608-01	0.5026508554156705	0.34279959397671844	0.4722226593770763	0.21420187024554074	0.5992361177345025	0.5496357032693433	0.6930468330298923	0.9224015059893966
TCGA-AG-3609-01	0.583307173662017	0.12102933073390179	-0.08367977456429011	0.7802212253914277	0.7650071340932332	-0.00446052109869946	1.188145862348925	0.21590078025994103
TCGA-AG-3725-01	-0.45999816180873465	-0.05673999678617727	-0.14661749785749836	0.2156682146798421	-1.0077222020540588	-0.6025180869126762	0.10654071748761584	-0.01310024362847074
TCGA-AG-3726-01	-0.04854085244083639	-1.6754961993194828	-0.5571729308050472	0.3763921318862049	-1.1906551902457563	1.6420978481930666	0.41217610238243013	-1.2213364195244905
TCGA-AG-3727-01	0.243076697428601	-1.7805936599425893	-1.1093961042771698	0.41879562799818226	-1.2711357456719918	1.9841683268312846	-0.22432426288344062	-1.1791856632893425
TCGA-AG-3728-01	1.2288903589608744	-0.06469780628124039	0.7634075808055449	0.9800996704535241	0.37089922374459816	2.1043173979698557	0.8894321950304505	0.8211211389331273
TCGA-AG-3731-01	1.2873369382001303	1.551445027951618	1.523520014346522	0.9486729453403858	1.0770150965517618	0.6328744049165507	1.2472550983790915	1.449938737520875
TCGA-AG-3732-01	0.6982514906880943	1.6973486888628349	1.0903494054788176	1.020673453475002	-0.47926739627536813	1.0817655893403313	0.801219509718474	2.2674052688758386
TCGA-AG-3742-01	-0.7593027378391385	-0.34805324448538216	1.2725212367314807	-0.9022767577605285	-0.14936439630140255	0.15452722634701993	-0.7100829793044714	-0.6332194057155511
TCGA-AG-3878-01	0.7924221460220741	-0.09896594584120967	0.5658819751402927	1.516756552355718	0.3570800761171707	1.9894751782611269	1.5005572065522557	-0.08017907543373208
TCGA-AG-3881-01	0.7268476436568225	-0.11656441293808521	0.13479114434193012	0.7945840408174971	0.734243173124758	2.8571708027366154	0.594353972104949	-0.45328134524050256
TCGA-AG-3882-01	1.3101116678396154	0.20683197266248507	1.2035704647171426	1.9142741461007298	0.14646046414934358	2.577512642712724	1.942151089635951	0.6999284728290632
TCGA-AG-3883-01	0.7622428550240616	-0.6577681082223694	1.0399121696640021	1.1872758118630238	0.7054982940731843	1.7312760650242849	0.7367179894735746	-0.9920644453275436
TCGA-AG-3885-01	0.3359238708925997	-1.074070513579664	-0.19022274499297484	0.8047766385396335	-0.8567972006045492	2.3216233482770896	0.7860627418890926	-0.1288350441480805
TCGA-AG-3887-01	0.22341808811352243	-0.1529557744821053	-0.9588359732167887	0.557163971097194	-0.0063139576643114845	-0.27843960579690824	0.7291792865018836	0.2538885515129341
TCGA-AG-3890-01	0.8227130077236686	0.3926830631292367	0.3383306375521587	0.9677561625838063	0.12352295299140009	1.588498665741322	0.834328090464232	0.8793044760956175
TCGA-AG-3892-01	0.2609307762581867	0.6776471658877404	1.3304866851793413	1.1464502854461556	0.8204215606821005	0.44532564522466106	1.2264794597599484	1.2611060304944388
TCGA-AG-3893-01	0.24468529640236084	-0.12915676860130879	-0.9834587423737301	-0.3119066062802222	0.31827954073746606	1.5499334880735944	-0.17807115610047966	-0.7414265344069436
TCGA-AG-3894-01	0.01487881769705235	-0.6343016755652164	-1.9877515458281712	0.7483450267101653	-0.7491486577299648	-0.24089595481395	-0.928513870850959	-0.3739746814459516
TCGA-AG-3896-01	0.5497700670031781	-0.09862134043789668	-0.4560328691317302	-0.3349305138786209	0.11112344887455124	0.3479087383326511	-0.4463980364317717	0.2926935393038042
TCGA-AG-3898-01	0.029983950748302644	0.5162143136224493	0.1924531299261397	-0.6598412226039834	0.3017778338887751	-0.21531317329139635	-0.30259850929049914	-0.0009911235484815356
TCGA-AG-3901-01	1.6266129859099923	1.2205124906138995	1.3204520781291567	0.4447684416039237	1.460254203088151	1.2011206096600608	0.4600826666607979	0.7737823570235912
TCGA-AG-3902-01	1.1947132466981383	1.1695891304067836	1.4102096829598545	1.5089946587506977	0.8871896250184695	0.5472450058603877	1.6098533321841055	0.8733249789591103
TCGA-AG-3909-01	0.21365843467766887	-0.13284513423047553	-1.4378501372658654	-0.29830494990802403	-0.1980561749738535	0.6161391912671941	-0.5990516356345406	0.45924722964393866
TCGA-AG-3999-01	-0.593347890307183	-0.9127764258956781	-1.2853804258178503	-0.7816106331180325	-0.44723115967542104	0.506717260719211	-1.0458813412655652	-1.3226593235080664
TCGA-AG-4001-01	0.8526134180031268	0.2021276800713781	0.01147157452298635	0.2677210798578648	0.7933656021935986	0.1910475654903773	0.13131636298093782	-0.1691273791731818
TCGA-AG-4005-01	0.12833278282846655	-0.2898003210850272	-0.5538294014054962	-0.13213629285060835	-0.1263699783804809	0.9600935214236845	-0.29427682813418193	-0.03348923943169005
TCGA-AG-4007-01	0.6871848494561349	0.3008956292661661	-0.29976472490675193	0.9712528780843401	0.3987889117263723	0.6552949436338404	0.8136713796924873	1.0372912826133514
TCGA-AG-4008-01	0.34835412762145374	0.2195654933853065	-0.5538294014054962	0.48462362323575875	0.6210952750980961	0.5816569099813089	-0.483389784193975	0.471657111060519
TCGA-AG-4015-01	-0.08607883979733323	-0.4151185290028837	-0.09772465959785931	0.32139990041949035	-0.2200058651726317	-0.8366493622611019	0.01869366322858972	0.2404820173905198
TCGA-AG-4021-01	-0.06658624275868344	0.06833432899244575	-0.5314415030254096	-1.107218527122589	0.5606555645530878	-0.7761367552753748	-0.43314779299327144	1.1491576650168178
TCGA-AG-4022-01	0.7933800262196142	0.8826667008393606	1.069427409541089	-0.5296122314243412	0.7693027557305724	0.14032573388418165	-0.08603233596537474	0.19361511537046905
TCGA-AG-A002-01	-1.5890510914006213	-1.3620693189587556	1.5240656693961707	-0.867673947837229	-1.9447798675251207	-1.432093640082723	-0.6517689030010211	-1.8187523864301987
TCGA-AG-A008-01	-0.7876610897303536	-0.7355244172437724	-0.7942713081857179	0.3191271447999938	-0.8333144892285	-0.4356199298162596	-0.2964526629442185	-1.5277640101342822
TCGA-AG-A00C-01	-1.4351577519877945	-0.6197660789989968	-0.45672420872227953	-0.5213173875832495	-0.7777581129488934	0.4049607548623285	-0.19683197921670356	-1.2161364490810147
TCGA-AG-A00Y-01	-0.24349205338438687	-0.4884626813282766	0.34721800493390276	0.3358025810087744	-0.24544007964978826	-0.4996107810794716	1.436103826274282	0.5313808071130186
TCGA-AG-A011-01	-0.3622382289875353	-0.3034711062186175	-0.22711008194153992	0.08356039026270755	-0.08438134601067554	-0.23841628214287625	-0.20611763551237064	1.66734828622153
TCGA-AG-A015-01	-0.9291995456493681	-0.8505831525561321	-0.42815469702363834	-0.3085779681042739	-1.183642134702681	-1.3618669972129296	-1.348864242760177	-1.2165742333574592
TCGA-AG-A016-01	-1.3077638538215495	-1.9699277376744053	-2.982575821026451	-1.7532352985319921	-2.1780174509268475	-0.6700166013625655	-1.8624269906559665	-1.589518346501527
TCGA-AG-A01J-01	-1.0247522691739825	-0.9067961984414875	-0.7542601925967087	-0.5497395196537961	-1.190110181458783	0.28355283236123174	-0.06320090840267842	-0.8107973855030809
TCGA-AG-A01L-01	-0.6291233292871868	-1.0483845237142326	-0.7446284071820195	-0.09493270612631759	-0.9700090395412069	-0.052353873702122314	-0.3708506692103529	-1.2214052400196376
TCGA-AG-A01N-01	-1.03396059965864	-1.500315094207039	-1.3140417956717134	-1.1404914678383795	-1.3409805102826562	-0.786835446846459	-0.7208807393038449	-1.3426450867854598
TCGA-AG-A01W-01	-0.5047598715065161	-0.08265668810325598	-0.17707091449905976	0.05088462545714988	-0.20970984573722204	-0.887041969913456	-0.0010138229153801562	-0.09230578605193851
TCGA-AG-A01Y-01	0.5073198343292443	0.595991925495877	0.7384928978662703	1.0571482730254527	0.594316233293511	-0.6596028841231835	0.3920562166896038	1.0355253749313686
TCGA-AG-A020-01	-1.3744475304837456	-1.0790904672122932	-0.8241258602345035	-1.7936369164042765	-1.2382092490248002	0.9545702171178271	-0.7266794181001928	0.16295654157194442
TCGA-AG-A025-01	-0.46655793515957433	-0.7049681156539869	-0.4401225520951682	-0.2701100570484454	-0.5642193923575629	-0.05776002617718711	0.2540500674343178	0.003964948269751917
TCGA-AG-A026-01	-1.7319782850218615	-1.2069029225725196	-1.264386435288459	-0.6111804087029172	-1.282715089127979	-0.5963002534001745	-0.7327856001986831	-1.1463777954377152
TCGA-AG-A02G-01	-0.8605286760405836	-0.30363412718875693	0.27981074517817905	0.6178901104684598	-0.5451344907664565	-0.214665218317949	0.3226073150914653	-1.0387920995627373
TCGA-AG-A02N-01	-0.10375692515778626	0.15521349439356286	0.41971745732480753	-0.2588741165532854	0.4026162691225413	-0.5255845975795838	1.060314578847893	0.07696643631354994
TCGA-AG-A02X-01	-1.2978681186697272	-1.2647906802298146	-0.8139529809764856	-0.6454411849750719	-1.3365550279177445	-2.1929443574074	-0.28763679517701596	-0.9323603403280424
TCGA-AG-A032-01	-0.3178338494661846	-0.44598626095234795	-0.6558319577122876	0.14681867064526088	-0.8561293221899228	0.1172813336936418	-0.2509243715308642	-0.4287781559304598
TCGA-AH-6544-01	-2.7389881105814697	-2.072701602506408	-2.9824052772105083	-3.323342559150455	-3.3187057924190304	-1.2043993594569407	-2.1347469113448594	-1.966666685678749
TCGA-AH-6547-01	1.4402568829153415	1.9515664566478095	1.2871678033953746	0.7662681991691862	1.1692114017019308	1.519193174639393	0.6687275973816418	1.6212269514602955
TCGA-AH-6643-01	-1.0020108650113886	-0.6650249775800642	3.630730754174914	1.1972196451522368	-0.45648861825068415	-0.09552126377675928	-1.1365429785398409	-1.4519809592502506
TCGA-AH-6644-01	0.37106414764039997	0.5542941130390471	0.8372143294983214	0.34835588184910304	0.6168947889499538	-0.000945464802830986	0.4925137760767043	-0.14409746746976257
TCGA-AH-6897-01	-1.0365776673587908	-0.9677315555460607	-0.9010536692217437	-1.3224534288647438	-1.59581688930864	-0.9802576792226145	-1.3570963988823224	-0.42974339508274856
TCGA-AH-6903-01	-1.086951893171431	-0.31321661404177426	-0.1887112530711885	-1.083369030963562	-1.175110892350158	-0.44041983754186015	-1.180551395383814	-0.09658532997898822
TCGA-CI-6619-01	0.6066874038340481	0.7126847125777077	0.7539556086313169	0.6789357795419386	-0.3590297369213651	0.5703282357610286	0.28172699868650614	0.5477676349885504
TCGA-CI-6620-01	0.1708659937651682	0.23512476949164632	-0.10313511158591385	-0.8513631267033545	-0.4995974999601365	-0.049964024096889895	-0.7611567258556482	-0.15735582813730828
TCGA-CI-6621-01	0.8410907849393524	0.9476766870787116	0.9179771764697483	0.6724739727576198	0.5756137821366727	0.3559007649632264	0.4701824460128903	0.8963690643606992
TCGA-CI-6622-01	-0.9070504989962057	-0.9596967829974983	-1.1326835865502323	-0.9863857509126781	-1.0836307404170051	-0.21627984299371183	-1.5369284582901608	-0.023644843515454886
TCGA-CI-6623-01	-0.5888305044991383	-0.059266717780073065	-0.5857102279922303	-0.7459070182651318	-0.6003233140292612	-0.3903487141779805	-0.22673991275382044	-0.4019341886981227
TCGA-CI-6624-01	1.114743413771128	1.0442564994715455	0.2562936794896189	0.4142088711745853	0.23929085933084043	0.9110270844086953	0.4950476037656763	0.6863124247941716
TCGA-CL-4957-01	-0.7033370749593404	-0.7554078458658593	-0.5111561421653721	-0.8162553280528441	-1.1597688454148694	-0.48315370470517566	-0.7391492976588869	-0.6316813420022518
TCGA-CL-5917-01	-1.1586477557446868	-0.7118511905880195	-1.6523768384771207	-0.7906702682934238	-1.355886964993031	-0.6603018459672833	-1.426543646522302	-0.3901997471602778
TCGA-CL-5918-01	-1.6381278026767991	-0.9964626265563983	-0.9178568838475574	-1.295669054851651	-1.160732106804096	-0.7479903119370009	-0.7705313281608431	-1.497718579070253
TCGA-DC-4745-01	-0.025006057243319897	-0.17331905481261864	-0.1218827804032181	-0.5980004892546681	0.05379863857818754	-0.48451907205265454	-0.7772082037236389	0.4878278347131665
TCGA-DC-4749-01	-1.1584442874640322	-0.9807126443982412	-0.5553654074727448	-0.9472797777601366	-1.1828138732356006	-1.5718176249110543	-0.8703418634618341	-0.6453471589254627
TCGA-DC-5337-01	-0.6064564290910387	-0.054237418125124365	0.11947103630287144	0.41006512338624035	-0.4151565264943695	0.7028443851833086	-0.11995359987995087	-0.8493666976378905
TCGA-DC-5869-01	-0.6539677301804105	0.03864806472482253	-0.2566733204142291	-1.1323724249626357	-0.3999437844600368	-1.220416028856717	-1.3027443291677436	-0.5790403296885291
TCGA-DC-6154-01	0.09035987747051989	-0.3836970648137663	-1.3838231939462073	-1.5178523770369323	-0.11998544519758074	-1.4019937484400962	-2.159168549192231	-0.5610762918583656
TCGA-DC-6155-01	-0.7601637901471123	-1.701650451936016	0.3201155259453671	-0.8670286945979008	-1.8081652830439245	-0.3536535417442662	0.9156104533013052	-0.8633534999438752
TCGA-DC-6156-01	1.7056201427754782	1.7755297202429379	-0.8025116858529503	0.7258682918542265	1.7769930818071602	0.42369408678590026	0.7590624240815457	0.2442683843274628
TCGA-DC-6157-01	-0.18118923201975567	-0.09065105219353072	0.45255693573502437	-0.26423338525890794	-0.5249804948966612	-0.5998810615547306	-1.0750752638917382	1.515177940124869
TCGA-DC-6158-01	0.9898248703752175	1.206801115185421	1.4688938330898331	0.9998715849265527	1.0018531386942768	0.20925983555909214	0.2412327906919933	0.48387453510751444
TCGA-DC-6160-01	0.5252651006471719	0.7495562307667254	0.2316437955433335	-0.4589079441501293	-0.21416245815159005	-0.6736975787392538	0.14869763126860544	1.2882400196410584
TCGA-DC-6681-01	0.26716237616500305	-0.017790818403697395	-0.7824640082775579	-0.3037242662526346	-0.5559080664432525	0.25392929186317337	-0.8726387255219604	1.8906985239600487
TCGA-DC-6682-01	-0.49735106165900406	-0.39627215282631095	-0.19275725856023218	-1.0773326545607373	-0.43124656791847876	-1.5513369236780665	-0.12889118014448292	-0.9160332667382876
TCGA-DC-6683-01	0.04181371408742464	-0.050777909851522945	-0.23546925364307303	-0.5903862069414367	0.30833340769032347	-1.4411057070878879	-2.242419024764828	-1.2731808960361486
TCGA-DT-5265-01	0.5637328158916323	0.051296138681922246	-0.5700772839002471	-0.4344839816742034	1.1720263991137119	0.8964207620920188	-0.10469683965421632	-1.5512123356528151
TCGA-DY-A0XA-01	-0.7519436916795533	-0.5158237157246384	-0.7438541731634326	-1.542514785183218	-0.7582659891586305	-1.7682945378427688	-0.6556402173056048	-0.42903122428305346
TCGA-DY-A1DC-01	-0.20538476530795827	-0.40283496248640066	-0.11676463413731504	-0.5906333764567836	-0.14978079712659872	-0.19219448931590724	-0.4308118886065376	-0.44523509878012135
TCGA-DY-A1DD-01	-0.9286979928407898	-1.9529896313925066	-0.6099093004801345	-0.697216486426203	-0.9584568887311238	-0.5784462582090517	-0.7261753486222506	-1.4578432760149393
TCGA-DY-A1DE-01	0.09238186203932461	-0.23083281936409944	0.7449257326011828	0.10076930244711957	0.508536740276447	-1.015606905077029	0.3913209517731522	0.07818847706566916
TCGA-DY-A1DF-01	-1.9230287420722596	-2.1898872031500654	-2.008930615938232	-2.489274470638715	-1.209796657495294	0.0719572736322793	-1.2650692534319934	-1.3221926500693715
TCGA-DY-A1DG-01	-1.6169663789447666	-0.8183447688373332	-0.9400298746288664	-1.666977805595903	-2.037703177596824	-1.0854075780991042	-1.1231844010347252	1.1304530996697437
TCGA-DY-A1H8-01	-1.1038692513122352	-1.4816485057390532	0.3091938806066952	-0.557844263900315	-1.3623697940442876	-2.65824399258008	-0.10692345231262235	-0.7582856169055083
TCGA-EF-5830-01	-0.7509377415924351	-1.0398101405827052	-0.7839340637837191	0.45291978482586226	-0.3630771992780575	-1.557647688266782	-0.03541466729784269	-0.8344231198484603
TCGA-EF-5831-01	-0.024231977326251847	-0.08116743735894497	-0.399566000970147	-0.7493397690083559	0.10755850086475885	-0.732152577449019	-0.7801203154297781	-0.3553231841976179
TCGA-EI-6506-01	0.7836986865441307	0.7687676508503868	0.6214775454734773	-0.03572727787232471	-0.09667889133421594	0.49521724331324857	0.3077749957171016	1.0769198789313184
TCGA-EI-6507-01	0.802955783219346	1.1858513042260852	0.7480509206196067	1.5591954771652534	1.3504999137337257	0.5093686297992532	1.7966690014992386	0.6110997494826991
TCGA-EI-6508-01	0.04632035761981895	-0.03666298556753307	-0.4869262536739696	-0.3790480239355962	-0.5683683358965196	-0.925093886728261	-0.8008562045641092	1.0390953109048873
TCGA-EI-6509-01	-0.5196382613916873	-1.7019805637664942	-2.5699982224999793	-1.9496133135895948	-0.24836009029012437	-0.4586287306575012	-1.7836777901118126	-2.701030475656192
TCGA-EI-6510-01	-0.45935112843609827	-0.01621894030442764	-0.02867573372513065	-0.3410218595652583	-1.3328295368805492	-0.3177110079494517	-0.00914512906993164	0.7352836064253122
TCGA-EI-6511-01	1.5005135362383706	1.337265373224191	0.7420788203652345	1.0988669352186313	1.022585227905871	0.43510146133559086	1.7330349718786247	1.8655707815867144
TCGA-EI-6512-01	0.20371247298575107	0.38549475458482074	0.007136184665448954	-0.4577933108234116	-0.4169712122207659	-0.3800197966829357	-0.22060980166136776	0.14530178891094175
TCGA-EI-6513-01	0.0008704228565720615	-0.10666465093886779	-0.3514393805823269	-0.11046414808658962	0.03925213572858361	-0.4505827163173178	-0.007897698636182999	-0.19262358244853625
TCGA-EI-6514-01	0.30320972483967984	-0.4207639488061932	-1.7555571222029713	-1.1468433234385722	-0.008922169736896234	0.2941628832578766	-1.0004783858423123	0.31141901933055266
TCGA-EI-6881-01	-0.22276196533112294	0.023599200964901104	-0.12236856196486545	-0.4172944511164287	-1.1321359111556462	-1.0593222551660209	-0.4821561922185149	0.13739115229585913
TCGA-EI-6882-01	0.1498924720790458	0.9265961726020513	-0.006284970615104476	-0.2789240336116529	-0.17284559220388981	-0.3258628005443286	0.5407776223420137	1.0168025386768258
TCGA-EI-6883-01	-0.28981241730536483	0.0907730023841504	-0.09893037227336893	0.612347854354113	0.043334589506772804	-0.4010532020943484	0.11919531149859824	-0.5344288577380976
TCGA-EI-6884-01	0.7850270617705761	1.0341818354821186	0.27984095776930673	0.15001144725886786	0.3922870548101885	0.673282959336816	0.07411837456992584	0.9151442234057596
TCGA-EI-6885-01	0.9286801303242787	0.9352882249349268	1.4439007197948623	0.2031291054282176	0.5232365131939247	-0.7023638885486785	0.4397627746319936	0.28031382041561204
TCGA-EI-6917-01	1.6918865721339011	1.4621146918502717	1.5672207820903028	1.1014971096001402	1.8805944632321194	0.07812986790409962	0.9298795862822417	3.1834808875324883
TCGA-EI-7002-01	0.34196011179466973	0.2539373737783499	0.34102175899125686	-0.6092567912965526	-0.08586225759323687	-0.4895438092571231	-0.5727622604659035	-0.15611206371122105
TCGA-EI-7004-01	1.4333109290899007	1.158581122298675	-0.4194439498286267	0.1003995501200257	1.131805558332422	1.945664141809366	-0.003368594395452413	0.18733932494710315
TCGA-F5-6464-01	1.5550381412241303	1.2176969150498336	0.6120504506369606	0.5800090968646403	1.5538183186507812	1.405505510182955	0.6838729134041668	0.5673191587588523
TCGA-F5-6465-01	1.3759168535690198	1.32458731579333	1.1691487532993168	1.1017264006752423	0.8480450663032477	0.5040616640796328	1.0713892220428916	1.127519635329258
TCGA-F5-6571-01	1.3970358679207306	1.2781998283965332	1.384041346357396	0.518616154326701	0.9349705723769483	0.7625687323504908	0.10161713041274234	0.8891038421003589
TCGA-F5-6702-01	0.9554332185259051	0.5622531543441561	0.5185977067919068	-0.39806685146600573	1.1068577429763347	-0.06869282743302363	0.04386245293158216	-0.336310347008367
TCGA-F5-6810-01	-0.45118231904525186	-0.3872882065594947	0.5442395801790876	-0.5541057697737367	-0.6327871910166011	-0.19705412785695287	0.0742922146937248	-0.4385350341791438
TCGA-F5-6811-01	0.629121530762417	0.45600672560768396	0.3055214834656802	-0.8001852677529745	0.8152458369531081	-0.16324602034231217	0.06134231197580008	0.4106755852813946
TCGA-F5-6812-01	0.6965578902066171	0.7399859914086366	0.5308358852827969	0.3906780000999847	0.48780157092173765	0.2742668324657989	0.5605578446901268	0.6032449691040781
TCGA-F5-6813-01	0.468004131214165	0.17073207644304175	-0.22898028955572114	0.5512972115143069	0.36634685815018336	-0.440562489905959	0.2602510768605282	0.6858696581883443
TCGA-F5-6814-01	0.37082346570017727	0.500701804948723	1.4572534813334748	0.9842251378784189	0.7377265018519036	-1.134993330737144	1.5641710296389655	0.6133026011726647
TCGA-F5-6861-01	-0.7883092976801678	-0.955216265249621	-0.2985694778997141	-0.2341311641516761	-0.4398367087777191	-0.7062908648673619	-0.8449702115954446	-2.0043006455341534
TCGA-F5-6863-01	-1.555612260616461	-2.0103069422045348	-1.6989384957107572	-1.3090721508170466	-1.6327773480392134	-0.7688928348357339	-1.4193515892023418	-2.082363975515909
TCGA-F5-6864-01	0.47874229126233087	0.28442783598498256	0.25007675851323935	0.26679917892645283	0.7429050041685293	-0.18505933748989783	0.04965877963038795	0.01270536754633747
TCGA-G5-6641-01	-2.2095158709068525	-2.116974424817055	-1.30480358525945	-1.6245279512798843	-2.273298053153717	-0.4185602670768495	-1.6858348845806408	-0.7594963663174614
TCGA-3L-AA1B-01	0.3958925869855641	0.46153336873988454	0.8927901129544799	-0.19280255425703974	-0.3540026936067026	-0.07036557430564315	-0.23081151460258642	0.6734192272972747
TCGA-4N-A93T-01	-1.66025154451497	-1.053384128350548	-0.46068719117570756	-0.6505232009265721	-2.023467178246389	-0.3792605553400075	-0.5181800078410432	-0.27378310567415426
TCGA-4T-AA8H-01	-1.140985372762426	-1.1884571634242327	-1.7145635369321672	-1.5735285453787833	-2.5229522759058685	-0.42051378611821716	-0.10430859531876781	-0.7588357375046341
TCGA-5M-AAT4-01	-1.5978692472329366	-1.8463978597650275	-1.432536380299922	-1.2359699928752368	-1.5406378975952288	-1.479310985657472	-0.8968841214404587	-1.6473884995251422
TCGA-5M-AAT6-01	1.3694702897325841	0.9182113241231308	1.7920160503415945	1.385115415909739	1.5698920541933887	-0.05375777149339685	1.8501300491081965	1.2465368042657812
TCGA-5M-AATE-01	-0.7445842487409301	-0.4761169686333213	-0.5923578191019034	-0.9385950524433114	-1.0121666875907112	-0.9227190395155692	-1.6591370834814076	-0.6987717036717297
TCGA-A6-2671-01	0.2663708344271302	-0.038259765091945244	-0.14765552837803167	-0.0429588006918554	0.5253801787680179	0.34709849723260594	0.6210033448402481	-0.5051321024058633
TCGA-A6-2672-01	1.1691121202411092	1.360300379211257	1.7504652596667714	1.9163483712043108	1.515591146695799	0.9278671321201738	1.8699781234427924	0.9960000462638056
TCGA-A6-2674-01	1.1771625821274443	1.828327217713341	1.401288964075577	0.5649261117397365	1.6181220440615822	1.6217326501736435	0.9952020678940564	1.1964941186901772
TCGA-A6-2675-01	1.247975044770998	0.9108072673762454	0.3530999149021724	0.3380729057323783	1.2029086885769775	0.7262558856051234	0.26356269797104326	1.2353624490532011
TCGA-A6-2676-01	1.4220585020241123	1.264471953949275	1.3152042058941085	1.4147675168220994	1.5408124112432353	-0.20369957371685318	1.7050729713937303	0.4513880105339983
TCGA-A6-2677-01	-1.0307691797924694	-0.4396460425411643	-1.8632013312664208	-1.5662049373933649	-0.8501722857010259	-1.3772256726859815	-2.135125885106538	1.4839266421065345
TCGA-A6-2678-01	0.3228606489487513	0.5375867635439712	0.3179543613461939	-0.13542282980784548	1.064422115915048	-0.42653573973437126	0.3916772942999065	0.5146790398729021
TCGA-A6-2679-01	-0.7317151544852137	-0.5535112576769853	-0.8115310864235921	1.909260940603584	-1.4777515453076804	1.6656842055654508	-0.4665135426623453	1.20672404138247
TCGA-A6-2680-01	0.5322564199022454	-0.14835346526837792	0.08513423147114316	0.29188533753541285	-0.0018052037386905963	0.41637834954648717	0.3473611095782749	0.1295890122870719
TCGA-A6-2681-01	0.43899934806920005	-0.052991756171555805	-0.6354587942677415	0.05271729609579458	0.4308160289113168	0.9806592695287007	0.12804556745875512	-0.19926007463839376
TCGA-A6-2682-01	0.28811722437345816	0.2183161167264931	-0.6155807549633445	-0.6710306764463331	0.42470255145159785	0.1402110354561469	-0.3610772394074726	-0.29141696168909165
TCGA-A6-2683-01	-1.0528108690254823	-2.6284635168029844	-1.2259726140542835	-0.6775664268193445	-1.1472141646565888	1.6633042105303235	-1.263780698884713	-1.6184362317796535
TCGA-A6-2684-01	1.2799397631605922	0.9682993841724303	0.42178280475969915	-0.14000073199391586	1.087385819770056	0.931209573562938	0.7886848734482101	0.1746682147450541
TCGA-A6-2685-01	1.4085142900932603	1.0356453197905677	0.15594808038005423	-0.08457087523551698	1.805371471053441	1.4921695346363495	-0.002119812191877697	0.5586997979507606
TCGA-A6-2686-01	1.5807940342532802	1.6677600183112036	2.169509367352283	1.60799467869035	1.9438063404709072	1.577206896077833	2.1410077262492817	1.5097974280885238
TCGA-A6-3807-01	0.2680698894439932	0.6940263330282799	0.2655313992172073	0.679633144907783	0.8227952394753112	0.22548204625936816	0.11063202865396143	0.201553109759548
TCGA-A6-3808-01	0.7788910744565405	1.036013445131407	1.7235341043642192	0.4639141916435926	0.7054982940731843	0.7521189353457313	0.20463171968449054	0.12811316906815323
TCGA-A6-3809-01	1.156517821410109	1.3306820899419454	1.6094063198649873	1.8204506221747212	1.6981854622025887	-0.7874460408405485	1.5024733864726538	1.3303468378620296
TCGA-A6-3810-01	0.7179267270155015	0.7306437398294914	-0.03194640188621446	-0.27708876848774483	1.2080425867038962	0.4068081160897728	0.5506482825781862	0.4889615651885873
TCGA-A6-4105-01	0.9756942201061072	0.9692451877229642	1.6260714183790472	1.6985183235614834	1.3048155110285935	-0.02704934686013399	1.632114505640434	0.9978365045113256
TCGA-A6-4107-01	0.6783883998553165	0.307861161574019	-0.012807152906418172	-0.4252689328358206	0.5459465531729499	0.5658650672287794	-0.010014618367828187	0.8894703344396665
TCGA-A6-5656-01	-0.8301373852678393	-1.3728768984928414	-0.2364831294094531	-1.2889144323186705	-1.0828455414678173	-0.39106389850349615	-0.9762522789914281	-1.8933213676051577
TCGA-A6-5657-01	0.1480054558134415	0.9989123047235954	0.7908462110995805	1.0934902463854705	-0.08602921906442454	0.10634795130399272	0.02682348585296753	0.6070629063790285
TCGA-A6-5659-01	-0.1516679051578358	-0.19720886749589983	-0.5664230653533172	-1.1317543827180319	-0.5991870352177168	-1.2754988975578088	-1.093287214437223	-0.5607669824067785
TCGA-A6-5660-01	0.10318248966462948	0.016609875752964257	-0.45243080638794714	-1.1792116029694517	0.24703798775899746	-0.9369021038679912	-1.5644164917069419	-0.6978876670428481
TCGA-A6-5661-01	-0.38766756436634403	0.0445666433014309	-0.8525847570614364	-0.4065030226970049	-0.31458802025276916	-1.341038544526228	-0.39744068984806014	-0.798754553147215
TCGA-A6-5662-01	-0.9765198664197401	-0.8237417662909551	-2.178534796147044	0.8828793177395433	-0.386146513178766	1.261538619546874	-1.8907923962576043	-1.749683810912501
TCGA-A6-5664-01	1.1006903130939518	1.0607762729976946	2.1164890607181723	0.8351726018371357	0.7503140844751892	0.9919199851244253	0.18444259778530162	0.34041945901629816
TCGA-A6-5665-01	-0.6494311116726317	0.3525818979197663	0.6967709222389997	0.7372258738517408	0.3014306240748084	0.45835329209557923	0.6357482350539679	0.5338147963652518
TCGA-A6-5666-01	-1.8173837696340474	-1.085846937672852	-1.9222316586311357	-0.7234491854390231	-1.6981891845407668	-1.1196747098216246	-2.5811377698940317	-2.120885500844264
TCGA-A6-5667-01	-0.21681975696844946	-0.33165335451263983	-0.7183205122538203	-0.39867072749898586	-0.19587537563377772	-1.3595101567470922	-0.4140424019471753	0.2229989679858131
TCGA-A6-6137-01	0.9228376286267479	0.8938727000006328	0.8991358223889657	-0.1906848486153024	-0.31139772177620806	0.6855285878760585	0.1311116709243587	0.935790764978345
TCGA-A6-6138-01	1.7206645538168908	1.3562597423329286	1.6758176269755867	1.3069719104609536	1.3795295757011314	0.6640178272989842	2.1206978597600235	1.3584924473007438
TCGA-A6-6140-01	-0.5900739547847995	-0.20682029572738264	-0.3194177137204549	-0.677884112095005	-1.0551669654639275	-1.0363565366288316	-0.469681415152568	0.14738771162384512
TCGA-A6-6141-01	0.6198967523125103	0.8628665352414601	0.6253766776445334	1.5121677641177207	0.2348401928309662	0.10134194217275756	1.1127862223780614	0.9881117700226658
TCGA-A6-6142-01	0.296006797874416	-0.13926787741027266	-0.7601812158759332	-0.955622526556206	0.391049951390737	1.1896791492757919	-0.7334113232952387	1.0023548895035144
TCGA-A6-6648-01	-0.3713078873668714	0.1397434279804388	-0.7383363209028824	-1.0845371475767045	-0.8335558289670889	-1.0519312983096325	-0.5377591695606612	0.5752776956912949
TCGA-A6-6649-01	0.8981177096919845	0.8753556363425345	0.5038498599322094	-0.1710866246793764	-0.3416842460174781	1.426379602018113	0.23279504903298287	0.697516764042641
TCGA-A6-6650-01	-0.35235738014895257	-0.45967147743615194	-1.1337714219082597	-0.7526963418192264	-1.2750382734536967	-1.214411818345792	-1.1096555241201635	0.4109883588869168
TCGA-A6-6651-01	1.5757595242409272	1.517661406529959	0.8993296497883532	0.6972336190030537	1.4317614789921107	1.9151882121812054	1.0656114287077254	1.2693123266824462
TCGA-A6-6652-01	-1.4826546613598555	-1.2877786488163387	-1.476082974289932	-1.4165115954262995	-1.5524784887678496	-0.7255814803798695	-1.936598757657051	-2.0073254544697643
TCGA-A6-6653-01	0.0010389085850262797	-0.25777402045580833	-0.054400154092869774	-0.4663917012659844	0.0641206419462983	0.7701215517093972	0.23828512689218628	-1.287013445843953
TCGA-A6-6654-01	2.0473469952074694	1.5777686706115124	1.7545151923997837	0.8082092565092996	1.7928227470673297	1.33751740503635	1.0886173682559315	1.1578171545776912
TCGA-A6-6780-01	1.6974968371482797	1.447918632649682	2.044329763313795	2.007607974706617	2.010633371854012	0.14411981149176134	1.8857804356458274	1.4807914869441146
TCGA-A6-6781-01	1.8401020048595882	1.4289703397073608	0.5153416202340267	1.0893371479019536	1.6068493176153302	2.517366405710025	1.1310399377011686	0.6089435210126303
TCGA-A6-6782-01	0.45168520244948474	0.7895190792592862	-0.3287438585558837	0.11876570869269433	0.7151226439382897	0.9197256608762393	0.2835967260851223	1.0115715960958884
TCGA-A6-A565-01	1.229368387199585	2.030767742901974	1.5126499571440597	1.0253643392627003	0.6890443267891451	1.659706834475639	0.5212664111917839	1.3533246271095183
TCGA-A6-A566-01	2.197446655687197	1.3322579100861394	1.6888818725305186	0.4158623232384791	2.033150322480751	1.6720310856761875	0.6291148911373573	-0.23929615690470218
TCGA-A6-A567-01	-0.9073220284473207	-0.8945284836681943	-0.759365298851844	-1.4321351195102285	-1.0638363749550865	-0.6485298153881724	-1.4314274398945412	-1.0700506888450851
TCGA-A6-A56B-01	-0.38529455380758093	-0.8262896020154256	-1.112785312420174	-2.0584177304433884	-0.23248556799400563	-2.1272631080891182	-1.13786962419957	-1.4466841659263565
TCGA-A6-A5ZU-01	0.6844933195387684	0.5629059434287996	-0.20749193592946757	0.12975517038587578	0.8377807103561877	-0.21520895471613666	-0.6504920956824323	0.36815282501198654
TCGA-AA-3488-01	-0.5865830443635545	-1.3421068410152757	-1.1717291666438092	0.4148551974846788	-0.8669650080542474	-0.8747080435923581	-0.2199260699992002	0.22802112789893164
TCGA-AA-3489-01	1.5461646528991677	1.9112262930831216	1.0310417045342393	1.2484183314423287	1.1640697380720784	1.5751771105402992	0.9007426229412139	1.5611973542300774
TCGA-AA-3492-01	0.06063234278859217	-0.007204223099231988	-0.17426727589608826	0.6759025389687222	0.5133092112884031	0.23260979437151574	0.5547168578024146	0.017635425079004022
TCGA-AA-3494-01	-0.21601067919403022	0.04429904544874216	0.19930197036918337	-0.20345630845182516	-0.548663899377269	-1.22786284379665	-0.6296939830121875	-0.3700131493851743
TCGA-AA-3495-01	0.2512832697212413	0.28220572668889554	0.5442229081787214	0.27042955392157253	-0.13607124129231102	-0.009039831204708066	0.32884192235109005	1.6380970394139356
TCGA-AA-3496-01	1.4217885420788514	1.2340712364100466	0.9362249827028638	0.955780227814561	1.081691573532458	0.740044429726753	0.9394422622299109	1.1513155053902207
TCGA-AA-3502-01	0.6986424118471558	0.22494105708873222	-1.2595129921671635	-0.03382750496501182	0.37149004156177445	-0.413935048957156	0.24278711420723234	0.32790314796088454
TCGA-AA-3506-01	0.7051223587093014	0.22063730176400606	0.22937296768962925	0.21836433267675978	0.19871829886921835	0.4707672876696815	0.607877009071816	0.9507070448446018
TCGA-AA-3510-01	0.5816408882885998	0.31428007921204454	-0.2687371732476569	0.5013202749235178	0.7921498714208508	0.8103652116054069	0.28298805652501047	0.7608532703021448
TCGA-AA-3511-01	-0.03919234729037202	-0.10921843607461398	-0.09832310700766828	-0.7701155590175428	-0.3309350764158202	0.43870863627520973	-0.343480044650458	-0.3304399492411234
TCGA-AA-3514-01	0.37261906792681027	-1.0142124942266992	0.979300851213	0.22321210869968885	-0.2873216592187585	1.7357590721904756	-0.15381661939375746	-1.2124246231434677
TCGA-AA-3517-01	0.4429863489162516	0.4961241559453709	0.7437938134711218	-0.1940343382185617	0.25036486069544966	-0.23737471526647308	-0.07604623562438177	0.006753916913385331
TCGA-AA-3518-01	0.36662716502249176	0.7299683613043918	0.6232868642717148	0.990405692269831	0.5621324082074091	0.3227325317937802	0.9322336438560344	0.9621298225968876
TCGA-AA-3519-01	0.0068759355016319345	-0.12106144187351969	0.2144647820819829	-0.6399282244096988	0.0038788885710686364	0.07620280273548331	0.19622398777553166	0.46769665992169135
TCGA-AA-3520-01	0.6411158458825386	0.6104761317301847	-0.3009052217532881	-0.3854904480745781	0.8319330356256917	0.347654235853035	-0.3892466315563023	0.49297870536516025
TCGA-AA-3521-01	0.1337554585208592	0.07411639485193035	-0.4444613262172861	-0.20803363917180773	0.2996094114346104	-0.7861932502920428	-1.2519967892715784	-0.05557108240308071
TCGA-AA-3522-01	-0.07499366322961562	0.6098804264492377	-0.3662242717292615	-0.1397483012164447	0.16990995570252188	-0.5584442899680039	-0.6034227200816257	0.7228494182833513
TCGA-AA-3524-01	-0.7077710165400676	-0.051286685421001545	-1.0921361620386254	-0.01797571178230555	-0.11333885724982057	-1.166255323096957	-1.6161125320433525	0.9984733396536737
TCGA-AA-3525-01	-0.2518704652686801	0.05318890335682412	-0.8132097055349136	0.02493580274384347	0.007053155464341212	0.646841010053646	0.2664919332305198	0.7011960998864978
TCGA-AA-3526-01	0.15634918949005167	0.5299072015792509	0.6997009040765663	0.7130508716777134	0.7142587530925649	-0.774483262373622	0.34302658346378356	0.25406381399779515
TCGA-AA-3527-01	-0.13837199829011007	-1.2676425154900375	0.058807246834279805	1.040671244387669	0.2089828989186176	1.3479068513946744	0.7357405424339202	0.7529614859933407
TCGA-AA-3529-01	-0.2683966317216395	0.021176023069982078	-0.5595425420393971	-0.30926912713811	-0.22149801713505649	-0.15338183858525894	-0.9652097139939315	-0.45328134524050256
TCGA-AA-3530-01	0.3692330710725246	0.9026047167697581	-0.009964672514203549	-0.28683995816069513	0.12488834252000335	-0.45006715225817706	-0.005678663809989719	0.8854771776688201
TCGA-AA-3531-01	-0.5698392408505611	-1.0189727096905887	-0.4257582712553202	0.3058721457743215	-1.1240772011626585	0.035412336620830584	-0.9825181366398946	-1.4820385440892192
TCGA-AA-3532-01	1.0206493848805065	1.1582854458421181	0.8183741579951422	1.0958621371518678	1.230404035276843	0.5018921517837925	0.6010855436934754	1.7046115366760735
TCGA-AA-3534-01	0.008653241532105624	0.3002537440111728	-0.06364517018257045	-0.43427773962867555	-0.032394295088767296	-1.0921902186725236	-0.7572973125056975	-0.35746729561158097
TCGA-AA-3538-01	-0.020175401583032066	0.1796320995776421	-0.5973880214903061	-1.1421840504561187	0.24672872011001012	-0.5905567746886867	-1.4761249820471753	0.284733630551129
TCGA-AA-3542-01	-0.8852677228191477	-1.8482472986445762	-0.8365515103418705	-0.9842501274483749	-0.4131633163121634	-0.39060559328461153	-0.42247122381299756	-0.9844153135139244
TCGA-AA-3543-01	1.12664189402302	0.8971849662732057	0.802217714028852	2.0766628503753113	1.33514525102178	1.6128695133315465	2.1035554880723923	1.0571976685356528
TCGA-AA-3544-01	1.4933034465738768	0.5555334831958009	1.206747002416231	1.3872993570293313	1.2454364210888609	0.9746359469773553	1.6282834935625017	1.5485119242962617
TCGA-AA-3548-01	0.8611647111604067	-0.1408147944537791	-0.3482347204509435	0.7164079672000238	0.24139659151058185	0.47735836492935924	0.8185804755093897	0.5745256426748466
TCGA-AA-3549-01	-0.48730210471395186	0.00947029287253526	0.33692236150994453	0.41380720607504784	-0.09058827160525833	0.7308938017797362	0.41192838729105447	-0.31313462956691324
TCGA-AA-3552-01	1.1795051005599047	0.7097218109307044	0.42392659708418035	0.800282286947086	0.5911969867870254	1.0400190375296214	1.4202262193342177	1.432424513811013
TCGA-AA-3553-01	0.5103733881433895	0.6701884643022552	0.8082574470722551	0.8421786703212948	0.6331735615973879	-0.7651195664020346	0.260878155186912	2.0064322973879816
TCGA-AA-3555-01	-0.20869770989321368	0.5035005469674874	-0.7256862890457135	-0.7370466530509138	0.15578563489880243	-0.9570207899898497	-0.621789102824568	-0.4454878824121688
TCGA-AA-3560-01	1.3446921770892655	0.03886515327679103	-0.006003622686284827	-1.4216322671666026	0.7626015642516186	-1.087508938317896	0.13708763138360214	0.2131359279562843
TCGA-AA-3561-01	-0.7389452949784692	-0.5305143741922365	-0.5403401023062486	-0.9639684223616616	-0.17432366487052836	-0.9619843597828158	-0.5318160079543542	-0.3417434744209724
TCGA-AA-3655-01	0.4738056605754923	0.11410778239149746	-0.23028939730180303	0.025892267444534118	0.26249080338035896	0.34039834951613873	0.08377409565262893	-0.2078361000040242
TCGA-AA-3660-01	-0.11226959521361038	-0.03767311942055443	-0.08064206671544671	0.10474352498578056	-0.23994218234025327	-0.3211887781073552	-0.36568741743488575	-0.17546448598147038
TCGA-AA-3663-01	0.17200833753586095	-0.09266212542108715	0.13566858776431498	-0.45307105345397325	0.38570482342727663	-0.30967799868445234	0.005264859980103909	0.015360355071319831
TCGA-AA-3664-01	-0.3483444106346751	0.4537446843300333	0.2050753034026479	0.4651244239724976	-0.09526448097346624	-1.1917347082698002	0.40978413928484875	0.011094652100820505
TCGA-AA-3666-01	0.38566128488072005	0.46619620683760304	-0.335654828534968	-0.07124405490248716	0.11472584984642045	0.08752713172686011	-0.0549991121695446	0.8933964337289005
TCGA-AA-3667-01	-0.4358403755638478	-0.8863960015579501	-0.9968586338567206	-0.0098868211817854	-0.9085260787871092	0.6706265451425208	-0.24538108722207883	-0.08619754159046523
TCGA-AA-3673-01	0.19479014268704592	0.20572329129617162	-0.6069066007745405	0.2470003556822013	-0.08688210252156962	-0.2559315639209221	-0.12488826079784697	0.05661336840486018
TCGA-AA-3675-01	-0.5376211916031413	-0.48189298432338346	0.06633032231522125	-0.23655780310841168	-0.5648387518088455	-0.0009426515994328138	-1.2559144878508506	-0.4603271391409853
TCGA-AA-3678-01	0.5807784793174782	0.5059059158522863	0.08268743391304342	0.10834331173714111	-0.048303483188758246	0.14829965739818743	0.32379964798032135	0.7460897140746182
TCGA-AA-3679-01	-0.07296916413850152	-0.46677687503551707	-1.443687731336583	-0.2933863349653362	-0.4003103703866111	0.8972186191966209	-0.0053656255569853656	0.9234396645733047
TCGA-AA-3680-01	0.5329385092049943	0.7904033826023334	-0.3811482264721977	0.1760951496593329	0.026160194620021445	-0.22547542437746795	0.09735193816336536	0.6111087282356841
TCGA-AA-3681-01	0.4621178811792475	0.7901437548958573	0.28244823017311443	0.5909409375685303	0.20333479388986633	0.02688844095287796	0.6955464252674189	0.8012459324079845
TCGA-AA-3684-01	1.282931696525824	0.06382361532957373	0.6937082811476709	1.8177138468488971	0.8604218963048109	2.6740938233561358	0.5885565541239672	-0.36066966571407466
TCGA-AA-3685-01	0.8400920359445212	0.5662598252742462	1.1203392551211822	0.6097225297709564	0.9973427726932736	-0.13503316095872517	0.5261440723595024	1.343600092152396
TCGA-AA-3688-01	-0.055391492212561254	0.06615920987397984	-0.31866174027846456	-0.38869277720642575	-0.5506439758884556	0.7130204744197696	-0.31023594610331995	0.5296220323248719
TCGA-AA-3692-01	0.9820596007509724	0.692151446307287	0.6379694535105211	0.2563652376067287	1.0649022616772483	0.07650123114794788	0.38996828457862764	0.451380747466549
TCGA-AA-3693-01	-0.6445534952996664	-0.5490801928242378	-1.9732108352488886	-1.6916663361571491	-0.1858440563276709	-0.5068214843459546	-1.302413713986763	-1.5410553580219564
TCGA-AA-3695-01	-3.7480905905057957	-3.614224252788262	-3.804589616526775	-2.544597839893007	-3.15139929054345	-2.4140449939813724	-1.9250422429681096	-0.48987621520477287
TCGA-AA-3696-01	-0.6089188712046644	-0.3558331386842575	-0.5778858817099416	-1.4977532249560233	-0.6617946371546054	-0.34827367158720657	-0.7054544976362823	-0.5918620615164139
TCGA-AA-3710-01	1.0236391526751982	1.695687359786702	1.037955549757495	2.254347918244105	1.8194050012783676	1.4854180685261928	2.1691512891146103	1.215519084196968
TCGA-AA-3712-01	0.09728435561974015	-0.08347373397292175	-0.1297376466243369	0.3879533429660664	0.0770483070044279	-0.14500998888636746	0.08094750763198934	-0.46941355034692506
TCGA-AA-3713-01	0.6254390292415569	1.0846821488635954	0.7660190367832024	0.5196099654824305	0.5685245719461627	0.3738409748722157	0.615125802729638	1.202666274865087
TCGA-AA-3715-01	1.2422022288858643	0.625067756730424	1.6989094788160022	1.4492776857982035	1.4087587755413546	2.07666043944602	2.236556377375636	0.7988305389396907
TCGA-AA-3811-01	0.5307617599914329	0.4174514998967835	0.027076994221067692	0.4723240481600375	0.5071631433518831	0.36533242904858954	0.8894593413878369	0.7546422336016577
TCGA-AA-3812-01	0.6534656107610113	-1.0624855377902211	-0.3402104812812329	-0.422276899996021	0.12802106858541215	1.6853192661029364	-0.6995567761213765	-0.19093422336321592
TCGA-AA-3814-01	1.1764224603953692	0.9406386804554879	0.38770580083966844	0.3479977515999608	1.235674766879953	0.12833765718189885	0.024446404903047742	0.7723605345298112
TCGA-AA-3818-01	-0.2417587636529512	-0.01778714019668184	-0.6747442900895189	0.21206593401590512	0.17340611254347127	-0.5090435418429129	0.1340155882733298	-0.44302787717735753
TCGA-AA-3819-01	-0.18571517544766372	-0.0607421354557979	-0.1031436393545307	-0.6524373705935959	-0.39752870251189276	0.05905334196648393	-0.6618434236785266	-0.012288058204332859
TCGA-AA-3821-01	0.22222085434186575	0.8243326192834074	0.396711791591191	-0.12383368151665312	0.7846454155839893	-0.49166897395973963	0.14999056146795672	-0.7583877544545681
TCGA-AA-3831-01	0.7564342573425524	0.41724637013667537	0.4495733378071708	0.5663097299213634	0.4300243106369515	0.37668585895734724	0.2764434831621634	1.260125974396711
TCGA-AA-3833-01	0.4213623568881112	0.6246528094379944	0.44206345337409847	1.4100954476784393	0.7335316243134542	2.02327796376706	0.8173941309099386	0.7190318050966099
TCGA-AA-3837-01	-0.21938112457154654	-0.23281645662486483	-0.23096366350958517	0.3817863323434882	-0.6949417366603309	0.1754156771597363	-0.14730158947698638	0.2505746339684098
TCGA-AA-3841-01	0.46851979512136555	-0.08652045929229105	0.06720129300912134	0.8926120455453814	-0.3542198526647377	1.5084079174694294	0.11243712328730865	-0.20464329865072994
TCGA-AA-3842-01	-0.02227682677813414	0.10596050952676851	-0.9471132557645263	0.2323111603330003	0.9786101490263076	-0.013333943992902868	0.03489770228304297	0.011546340337553689
TCGA-AA-3844-01	-0.20205317339684742	0.3900798074913021	-0.20875252207760944	0.06285943887740629	-0.19476816129151883	-0.3927421934066965	0.17694708745282345	-0.1254472858373576
TCGA-AA-3845-01	0.14064630409989157	1.1892404454495356	0.8610350561953204	3.077303674364715	0.733405408228104	-0.08217370791388319	1.1590855134252587	0.9285844816385777
TCGA-AA-3846-01	0.14044685515537697	0.7361025857147847	0.8918967950976486	-0.0179713946960351	0.3709115087667499	0.02836521335689749	-0.2351652327725606	0.5428703599580365
TCGA-AA-3848-01	-0.3807852580987621	-1.2296358065611195	-0.49431571833752136	0.43788145992301303	-0.8610266215585818	0.6427953233716768	0.24826514328431876	-0.3748235902228176
TCGA-AA-3850-01	1.035564600959679	0.7954246303371191	0.6804627788307704	1.1660693947731677	0.6056883326958524	0.8800784100817837	0.7571914023318128	1.668018548310567
TCGA-AA-3851-01	0.8096271904998504	0.6118583143932224	0.46057698679704817	0.44879287734028345	0.6237277955663512	0.0053524339970337734	0.2591313819438061	0.6400748176224293
TCGA-AA-3852-01	0.4434083629900234	0.3873533724082671	0.010374873864007175	0.3980141298805285	0.1281058524013816	0.08073125936612932	0.4872941143597969	0.10327344112553392
TCGA-AA-3854-01	0.13307711628304938	-0.2896687463120476	-0.8233431521104142	-0.29507025676701193	-0.2859209011269855	0.07504182069768688	-0.8513899465709559	-0.7347643602086259
TCGA-AA-3855-01	0.47923013331071507	0.23291222655246943	-0.08279187199695749	0.44225978578129405	-0.13688486672158556	0.015000462330461541	0.3260803475698588	0.9244232742832635
TCGA-AA-3856-01	1.1795762464053574	0.9802079268264103	0.8598056808047463	0.8966283629929733	0.7710432787859955	0.7091389312375912	1.0253877654171324	1.127474793209183
TCGA-AA-3858-01	0.19724628238809022	-0.18906482716426554	0.009458202846685065	0.12696892877808158	-0.037539492354733216	0.1252770388262501	-0.02547724028767079	0.4275177244925762
TCGA-AA-3864-01	-0.13020293357030055	0.3077549363738853	-0.04874202349976585	-0.6941913892080595	0.3483243165419127	-0.7177375687008147	0.1391843870207679	0.09785023474071379
TCGA-AA-3866-01	1.4657116507428456	1.52659823739237	1.1119258588016365	0.936054963500046	1.6835100779505663	0.38142008918662695	0.8256327415500578	1.0812367219085668
TCGA-AA-3867-01	0.35034264223532136	0.06312770626234382	-1.1527910655615277	0.10329242811649778	0.6551273029654987	-0.2877155254854402	-0.5813635021448252	0.37172790127435346
TCGA-AA-3869-01	0.6260723394810223	1.0004493164775687	0.4452703374800674	0.5308691738323801	0.5472359736626887	-0.1934122621061666	0.519378339026236	0.31007346743694025
TCGA-AA-3870-01	0.8918461676696801	0.6158291759053136	0.13366493770558532	0.9854339497921479	1.0628987164665733	1.7238769854880764	0.5520864424507159	0.19149365793048223
TCGA-AA-3872-01	0.7517490554296636	0.5525329331811807	0.005354742795321414	0.05503378015128684	1.1347322627576342	0.6584638247266785	0.5402112455702884	0.09471841488179283
TCGA-AA-3875-01	0.007420290762141091	1.0442885416309395	0.35205852735839904	0.2485347517347987	0.26396067571501436	0.5432732875383038	0.3145602615423109	0.8330885453097506
TCGA-AA-3877-01	0.5957594747012505	0.9606792284530319	0.2701185827058448	0.47656796536322965	1.2613154154454573	0.7907762964937597	0.8151425184213004	0.4281323995887406
TCGA-AA-3930-01	0.4432758896681794	0.9728810812234799	-0.8644291874002551	-1.0357103159733823	0.9343174382522604	-0.0609367991385822	0.37697533973907	0.21539107938984528
TCGA-AA-3939-01	-0.3191235355094003	0.45366123110728135	0.5660594799185934	-0.38993942524434877	0.15883586681103126	-1.1465484907392358	-0.052134774002490676	0.20332286844171982
TCGA-AA-3941-01	-0.8660069446965688	-0.2650955004808529	-0.05350677972082895	-0.22375439769222177	-1.0866495873177304	0.08961580282495303	1.1238588180860556	-0.3859896079606539
TCGA-AA-3947-01	-0.19792987250625116	1.1598443531305953	1.0411969026669738	-3.2935360155455022	1.669805738693536	-4.730096916448617	-0.7834357187380296	0.7419696879357885
TCGA-AA-3949-01	1.2153613575437958	1.6467965655165049	0.602669278785908	1.7111243616187948	2.0591185731877877	0.785099749265537	1.9712491595069896	1.5459353659556347
TCGA-AA-3950-01	1.2676168081353658	1.2059766246119576	1.5363814118871653	0.6923046893389656	1.8704488501782521	0.8254775134391106	0.8663397496733929	0.48128332180900285
TCGA-AA-3952-01	-0.5710380220791446	-0.5912142505714022	-0.6718672882421314	-1.3836678270072567	0.7547987973098159	0.45404467989246144	-0.2133586700177409	-0.5437491515380419
TCGA-AA-3955-01	-0.5790942515826466	0.1151247008224287	0.09291083034327682	-1.5762519964296282	-0.2237027502111489	-1.410269121322803	-1.1887486599394315	0.0690941827994893
TCGA-AA-3956-01	-0.08197839655269763	0.7154887033825975	0.37855437625457766	-0.9841735455909255	-0.15409466351087917	0.13427561837570073	-0.02206152449209939	0.5748415570904108
TCGA-AA-3966-01	1.4593109896380414	1.2840641035933942	1.8792801727394246	1.3108343322651057	1.5766095424728586	1.954250263075599	1.41605204644957	1.1922620181885197
TCGA-AA-3968-01	0.6469624235860845	0.9164883989827857	0.005424353763156419	0.3551219356713894	0.6215970987855511	0.02546595936346934	0.6897910363975505	0.9532453950519842
TCGA-AA-3971-01	0.8198770910813912	0.9586405192674439	0.3777828131090587	0.34638159603350926	0.40319207472036833	0.7879156612330966	0.7228467403492508	1.4586322348466625
TCGA-AA-3973-01	-0.40476834545501744	-0.41102374444395323	-0.6589980754487418	-0.8865029937121491	-0.5371223253971679	0.2253129933625933	-0.3869657354195777	-0.6027552638989491
TCGA-AA-3975-01	0.6916711828592073	0.08182379138764306	0.07217978674308718	-0.07234432747832942	0.09615669248978792	0.9450553601116868	0.3850785003658724	0.21662975780399257
TCGA-AA-3976-01	-0.16317503305708736	-0.3391698770653723	-0.6005451636798416	-0.4714020799049626	-0.15970567732689375	-0.5626819752558689	0.06727090979086589	-0.47827635716213257
TCGA-AA-3977-01	0.1586469276647199	0.9587157829639863	0.9160117186570789	1.1189251787246162	1.1858261683680298	-0.9764656937196607	1.2010258572350665	0.23724789910252245
TCGA-AA-3979-01	-1.7181346270858109	-0.7081993111767554	-1.0875060559006782	-0.8644224334445206	-0.3891805610161305	-1.357417766037396	-0.7781662152425819	1.5889142266249507
TCGA-AA-3980-01	0.7781869804126418	1.1803650216238053	0.6261402629753375	0.7919578222357319	0.9157323252506505	-0.43842421292835837	1.6628336679206173	0.7791156940636421
TCGA-AA-3982-01	1.2667974548200263	1.2258933735118724	0.3526614059090321	1.039034993556111	1.0641996214184817	0.6133443901976093	1.0818965002059895	1.341956410159744
TCGA-AA-3984-01	-0.08917408910304526	0.5592978126652817	1.1344046360280207	0.15896710966256009	0.38457071642536395	-0.8047208073395483	0.9587836975833768	-0.13265651300415712
TCGA-AA-3986-01	1.2752943129258392	1.5219859866615706	1.2637923721413769	1.3937449957232775	0.5279873614150835	1.0038524947656804	1.5269407695446349	1.5264471714885464
TCGA-AA-3989-01	0.784420291731681	0.30870123092812046	0.14164427536880217	1.463551757891464	0.236800280843795	1.1863244688494883	1.3162605438610753	1.3315004058531077
TCGA-AA-3994-01	0.10535983348117542	-0.15290573502878166	-0.0660922048326655	-0.05048596045367829	0.4135006802921117	-0.18457407480876953	-0.08548866374713254	-0.7103214842475193
TCGA-AA-A004-01	-1.2925727921586136	-2.3963186966296	0.4714015802771017	0.8013679642621261	-1.6418949170730475	0.0001997185479689581	0.0654550010871009	-2.8015464279944258
TCGA-AA-A00A-01	0.18278279035144174	0.32948516552587837	0.6184873869992845	0.4708552052271965	0.4259113852312897	-0.6611653736376911	0.8377404909400276	0.006190650144039153
TCGA-AA-A00D-01	1.1938698350582952	1.3104010454939425	1.3180752572384493	1.3765771539169	1.3836769973981697	0.3891871372283445	1.6536538642946652	1.4690888742440351
TCGA-AA-A00E-01	0.7025809208870304	0.712548641077547	0.9197709848505251	0.6677584403354632	0.9996301086557394	0.507977796722574	0.8728797132935547	0.5467134964262605
TCGA-AA-A00F-01	-0.3206604440465203	-0.3536022700100598	0.3538803158343816	-0.5035588722292849	-0.6519220953745075	-0.147488253819648	-0.04531869929268763	-0.2928421043558842
TCGA-AA-A00J-01	-0.29651475860429183	-0.017364804399362374	0.6019617541781674	-0.5040756564900409	0.7851912533439873	-0.06569558806714644	0.013183282366668332	-0.48831672168439694
TCGA-AA-A00K-01	-0.16541039733848353	-0.2988133970082109	0.3645192448875436	0.053390615921716254	-0.628856429301111	-0.5968170280055977	0.6209578935605793	-0.01708033239693237
TCGA-AA-A00L-01	-1.308682802626258	-1.1602419414750558	-0.7138726569303168	-0.927627823388989	-1.1334694587030778	-0.3979542052137906	-0.850186156457226	-0.9398533231046812
TCGA-AA-A00N-01	0.31838202612071853	0.08703182498876924	-0.1718924516435811	-0.19648179024830079	0.6349528235036296	0.45408429237401354	0.5453072484072373	-0.36452799873001246
TCGA-AA-A00O-01	-0.04062273583199537	-0.38471122375360023	1.210593464605547	0.3670311681285618	0.09822986514081285	0.9428535134238004	-0.7225072764364784	-0.6576556735524276
TCGA-AA-A00Q-01	-0.29074797468958896	-0.37882053106099345	-0.14694565913454977	0.12185705736175274	-0.39009345811641977	-0.777334429224971	-0.008048314767809902	-0.04529916349110231
TCGA-AA-A00R-01	1.3120748936617086	1.475245873756731	1.5624717791401326	2.444783901640279	1.5793728878624744	0.39071578840910137	2.7361309568000256	1.3813732652440958
TCGA-AA-A00U-01	-0.8858467919497819	-0.5581647285452254	-0.22942444893845865	0.13021944239277117	-0.7232961305159366	-0.9680542016482182	-0.20575260729660705	-0.5589197258059585
TCGA-AA-A00W-01	-1.2908836573890652	-0.7938010939963802	-0.1247789204559131	-0.6183412268730041	-1.3618204593365324	-0.8553469906390784	0.25303728648459584	-0.1604544136410768
TCGA-AA-A00Z-01	-0.3886411603813807	-0.30467127432367114	-0.4304189257770312	-1.0085579463487024	-0.5128704674163734	0.34787914139721665	-0.2671514957536662	-0.08344129495189131
TCGA-AA-A010-01	-0.11855916661381177	0.01216113126454044	2.1437639219827505	0.3892465496521899	0.6040848536699431	-1.4957206567553551	0.44324937982086715	-0.3807109338601833
TCGA-AA-A017-01	-0.9179362843038994	-0.5096652413502768	-0.452016382754581	-0.08294734524679721	-0.9364715656312376	0.4714482718821503	-0.24485972141470594	-1.00721743509199
TCGA-AA-A01C-01	-0.4480456063418429	-0.8974185407693618	-1.0408472133752456	-0.1481746786285389	-0.14892214419232624	-0.13472319392920484	0.3192550295972554	-0.40843008746746673
TCGA-AA-A01D-01	0.7141306868612736	0.08965841375493107	0.09299661442435493	-0.057879610385139814	1.1541121743196994	0.8140498475460685	1.2473510105643029	-0.6500059795161796
TCGA-AA-A01F-01	-1.5742674250060908	-1.3259793740224715	-1.0119951327999928	-1.4600848718085773	-2.1942159019696	-0.5986148344874636	-1.3327761752780096	-1.358839836809198
TCGA-AA-A01G-01	-1.1413665530731285	-0.9846324822447347	0.2257375792902364	-0.2542140976273753	-0.6669065981972128	-0.6970275103688088	-0.4722746053148974	-0.4633393512660789
TCGA-AA-A01I-01	-0.6113846600716545	0.05824424000428831	0.0039035220290773907	-1.323226335179812	-0.6907506372400125	-1.4659606819894262	-0.09433348250967974	-0.27146621977212493
TCGA-AA-A01K-01	-0.006779450813866685	0.07713867687139296	0.9416337578164474	0.6500693937340293	0.1992101823386762	-0.1537493214391144	0.3243998431266164	-0.3303744365192094
TCGA-AA-A01P-01	1.354742745347073	1.3121340124499732	1.0887073398597893	2.2446547605676077	1.595994360039427	1.0528242253367779	2.2876507867792317	1.6672670684626751
TCGA-AA-A01Q-01	0.02176554731201072	0.014475364979272131	0.2757426832103012	-0.724317794519162	0.39931255901958945	0.9299961221732274	1.293288024713284	-0.5087015655140535
TCGA-AA-A01R-01	0.727323604036602	0.12008856796745009	1.2529228234828529	2.49516311041459	0.9779584728426842	0.9288408099014963	2.5109840783190176	0.10202423635565933
TCGA-AA-A01S-01	-1.6256782856226952	-2.491520129755415	-1.5944309574087043	-1.3758079177131128	-1.747011137843486	-0.22630126317266833	-2.6370982947542405	-1.7399293447574105
TCGA-AA-A01T-01	-1.4885514000958155	-3.277317993990717	-0.6483283539770943	-0.7095064999821541	-2.335400636453525	-0.3150134694412287	0.31666608927715834	-1.3759392320948352
TCGA-AA-A01V-01	-0.36933011400182986	-0.5674950093061449	2.081427489487448	2.150962675442874	-0.7755666646999544	0.003515125866601104	0.49759442906381934	-0.138006797162775
TCGA-AA-A01X-01	-0.6695680890405427	-0.5572283261609068	-0.267120086774696	0.7622641367978316	-1.0326726816162732	-0.08352567630007462	-0.7946260683370561	-1.5977491238743764
TCGA-AA-A01Z-01	-1.6512899703525605	-1.63623887291982	-1.6337204090669675	-2.4634741250657415	-1.5758257979211576	-1.7808005283210304	-1.138320571880824	-2.0176573739876136
TCGA-AA-A022-01	0.5148014900906838	0.3755516965732649	0.9403486568881971	2.104811624615296	1.535252597136759	2.0530156918001397	2.9303765373970494	0.7850563268174038
TCGA-AA-A024-01	-1.240761103787484	-1.3749994627134978	1.4899368682354306	0.6388347542815065	-1.4819464431879599	0.3245983036409546	-0.5127204232614108	-1.789978572296581
TCGA-AA-A029-01	-1.0434802714075269	-1.1771396513779617	-0.7721576414094143	-0.7802521815117226	-1.0585504298793587	-0.9258597641020555	-0.4281950270430856	-1.9890964433316194
TCGA-AA-A02E-01	-0.974116842399271	-0.9502385425047932	-0.13390733906769262	1.7422409164546255	-0.8008977815666499	-1.3024142583390148	-0.46771220040268086	-0.6370432261206724
TCGA-AA-A02F-01	-1.979495972094053	-1.5349940961949853	-1.7628582041297882	-1.6837860832028537	-0.8931967645466329	-1.94706678887439	-1.7856130798744798	-1.154766241372335
TCGA-AA-A02H-01	-0.5561123879946599	-0.27585861921579036	-0.5274996044154728	-0.8271742923323494	-0.47114646557498807	-1.0585584335355276	-1.5374727556504875	-0.10643441222590411
TCGA-AA-A02J-01	-2.2745456649621216	-1.9837251723579914	-1.934387994833993	-1.0479565943984779	-1.6031254037081972	-1.4991285804751877	-1.5135931484399558	-2.8015464279944258
TCGA-AA-A02O-01	-0.6925134949386945	-1.1672876279098223	0.40027433803315693	0.37762899602204386	-0.9505966758570296	-0.3152844466307905	-0.2306661011079499	-0.9562236694069037
TCGA-AA-A02R-01	1.3700394177935495	1.234781107751173	0.9360776645013006	2.2420908688382464	1.8010181518494508	0.8327455302221581	2.478727806887096	1.1576920995925324
TCGA-AA-A02W-01	-0.6250409786372394	-0.27643957700885124	-0.10513666652857419	-0.681237944569512	-0.7723613274315618	-1.6543756933996208	-0.47798223245879196	-0.33253910514973894
TCGA-AA-A02Y-01	-0.9379841385992924	-0.6873174733301411	-0.07496968125052392	0.942012129679889	-0.7418611943445202	-0.12323361483769318	0.8705170470534545	-0.5293343804107055
TCGA-AA-A03F-01	-0.20990691282113855	-1.3911569516369808	-1.080848563516499	0.21678125418432911	-0.9750643701425026	0.8288739410107321	0.4476361526001365	-0.5796855699804494
TCGA-AA-A03J-01	0.12841331078535917	-0.5042765880677857	0.7615482859129126	1.0792266717056194	0.1792522213093702	1.1065311307572603	1.4011202457394394	-0.1646857034851914
TCGA-AD-5900-01	0.6195601869766665	0.7983986601481563	1.1117114537500972	0.37793871948088287	1.0045757966891853	0.9900422870363912	0.8986357453759373	0.5169094535970875
TCGA-AD-6548-01	0.5401750435509632	0.7651306436122874	1.021113958909765	0.8994068294706752	1.0432948618219628	-0.2566800166643268	0.3843153646954669	0.39871896482089
TCGA-AD-6888-01	-2.3688224425795514	-2.312226452577606	-1.920196601905618	-0.9016702899130369	-2.2414975656348917	-0.26807321021806263	-1.1525702150426298	-1.4884422319095518
TCGA-AD-6889-01	-0.6228998505923277	-0.7243822822824474	0.2657364244454635	-0.019193846360659437	-0.5285469079612662	0.1291300834925706	-0.381625116877346	-1.4436159914030884
TCGA-AD-6890-01	-0.4063623164428351	-0.6435843894505135	0.5116664732414404	0.5402558335131172	-0.3513087423160996	-0.5679720214429393	0.3562476671761228	0.4592724091087355
TCGA-AD-6895-01	-0.2875078012831923	0.2757854488219386	1.0015268386886538	1.3875940721354372	0.5590292180772367	1.986824325968694	1.2310452231200872	-0.0399555577515801
TCGA-AD-6899-01	1.4382334570767603	1.312836885696863	0.9950251396648571	1.07557383586996	1.1416395175472318	0.8078434383428152	1.0974860754301716	1.3307726501255532
TCGA-AD-6901-01	0.7341573197481652	0.1155330478124942	0.3275989322598488	0.48180923970740386	0.9090378471673047	0.5837266529145325	0.8733672518203275	-0.3205088173826571
TCGA-AD-6963-01	-0.3440597489888938	0.3207981207005454	0.3716215529670762	1.0236087279874353	-0.6579141384886122	-0.038586098603502976	0.7105346620209317	0.09195075855665198
TCGA-AD-6964-01	1.8777840430373818	1.5268853301958698	0.9443324628987928	2.185822108098219	1.932725649715874	1.3276136326152852	2.081494895278401	1.8513155388092206
TCGA-AD-6965-01	-0.7368348567945994	-0.1494556285988681	-0.7216030417777308	0.35834876941392263	-0.46040235973310756	-1.773515249766085	-0.9312465530758351	-1.0137426137129066
TCGA-AD-A5EJ-01	-0.8804805793249348	-0.4264959397761398	-0.11243502603512616	-0.09071074289502698	-0.2750977407436704	0.14838894074426137	0.1946287024981563	0.044960460778039356
TCGA-AD-A5EK-01	-0.5134484515254176	-0.7709158025816877	-0.046373359604117155	-0.5790794999488413	-0.7609328473687522	-0.8907006008624009	-1.0318316672378798	0.4713523163555647
TCGA-AM-5820-01	-0.6296178144726522	-0.7232978701916066	-2.474689769354983	-1.797985071017957	0.4173593692076613	-0.2631471094674117	-1.5511277113423756	-1.1644475346622003
TCGA-AM-5821-01	-0.06682017510145553	0.6575280253178282	0.7840123545742953	0.8557620744814711	0.9619712675203143	0.13048804018370339	1.3725403073848657	1.0578948963164252
TCGA-AU-3779-01	1.2749835362235737	0.9137819514783077	0.8215837683931413	0.4848551505483434	0.5779648866167775	0.5723939412288519	0.2711853928680577	1.1564575167406872
TCGA-AU-6004-01	1.1801521082972695	0.938921551037202	1.28212431650533	1.0395078836034162	1.3142275511150836	1.264169935365928	0.9052971129088533	0.5918495414825198
TCGA-AY-4070-01	0.19427174336975003	0.21973522486241182	1.2906148247196683	0.8044362738494281	-0.13843562017860406	1.0370005769539348	0.9625861270040278	0.8513171521490229
TCGA-AY-4071-01	1.0003377815520909	0.7670795394815054	0.611178455854388	0.9896087325483289	0.5803301620012626	1.0532339098549464	1.1798974973308731	1.2289875669842771
TCGA-AY-5543-01	-0.0193554088231197	0.0749771831392315	0.6358746904582709	-0.17388677165301858	-0.20732349256955596	0.19679860764736665	0.08354251130246108	0.20451121400812042
TCGA-AY-6196-01	2.5737418542565815	2.341440611531859	1.4752202253160829	2.536691826621197	2.063998223402215	2.3256777687926835	1.4973891315997772	2.211768063470856
TCGA-AY-6197-01	-0.14427216692642614	0.15770147753786995	1.0155431923992477	-0.17852181149366025	-0.33636931073163945	-0.056622682945873005	0.5061339471700648	-0.21824874274954514
TCGA-AY-6386-01	0.1321229577116798	0.18009937695688125	-0.49255906692197676	0.22426239232583647	-0.38978993895377834	0.1273091749139547	-0.3781948630905573	0.3020821584904892
TCGA-AY-A54L-01	-2.315848537443877	-1.5002466638224485	-1.1322638160433536	-1.0335398165361709	-2.5175409479605695	-0.810613016698497	-0.7718079355221509	-1.478855225444258
TCGA-AY-A69D-01	-0.09797562667674306	0.06773313518348423	0.35465452014065985	-0.7101450021716228	-0.5035826407935754	-0.9998508756315794	-0.5395411134786554	0.060936428612057905
TCGA-AY-A71X-01	-1.6951334337469393	-1.8217744750823959	-0.3858780965246963	-1.1733022704102405	-1.5109705821055528	-0.6869342026718434	-0.6522300356184955	-1.932104111010881
TCGA-AY-A8YK-01	-0.34024760991056735	-0.5450788139024629	-0.008060667605123858	-0.6158976307615613	-0.6262754210708107	-0.023600287843889674	-0.888237355503272	0.08904427597674067
TCGA-AZ-4308-01	-0.614314843820429	-1.4084626342012527	-0.1948020032730559	0.4338647658943349	-0.38548748900845925	1.3806303681011898	-0.18526866614464935	-1.8878738289452777
TCGA-AZ-4313-01	-2.451604927265295	-1.847427145034689	-1.2241243177101788	-0.8383803378517171	-1.3340873941056102	-0.5856678131433476	-0.7023516262465629	-1.9717390667337815
TCGA-AZ-4315-01	0.0003624193576437378	0.03604887052226315	-0.008005868022733143	-0.08091346673549196	0.585078365095166	-0.3265434586499096	0.6111023146262308	0.1594034229294226
TCGA-AZ-4323-01	1.810576873291602	2.7626878843788827	2.195984694270626	2.7792757103458365	0.5587515727255834	1.6311521774846505	2.252236380731941	1.9035823031075394
TCGA-AZ-4614-01	-1.8851111974443853	-1.7495453833243289	-0.9258272732270041	0.49407683173218975	-1.2320731608380795	-0.8074237148507879	0.39582648748127874	-1.9012157016013833
TCGA-AZ-4615-01	0.7762822341573631	0.980847612541794	0.5220921330317643	1.814852209116161	1.5403847124476384	1.7837201196432386	2.1331764375838307	0.6386836796426755
TCGA-AZ-4616-01	-0.947933123740498	-0.6596874153263135	0.3549369422063448	1.3076580328839411	0.3829904510479731	-0.44192180443262913	1.3713450179369133	-0.46734518388559115
TCGA-AZ-4681-01	-2.03342139710784	-2.591224972049409	-1.951705308525714	-2.066880405119151	-1.5645817526110581	-1.3296001399955995	-1.2249685231258818	1.250135982042263
TCGA-AZ-4682-01	-0.8931370358948679	-0.9806064699811848	-0.9232116754305667	-0.8479414513952992	-0.7917415209238062	-0.08086854494011332	-1.0341279324599215	-0.7030665120537407
TCGA-AZ-4684-01	0.43460904570962106	0.47764532516673647	0.8388198189370125	0.3906780000999847	0.6226051911456889	-0.11516441959602522	0.12570186294821714	1.5565238536568646
TCGA-AZ-5403-01	-0.5355513964261647	-0.3097003746020457	-0.7263583315950277	-1.2989962504498629	0.19570162104564542	-0.621810543245316	-1.494520609356543	-0.7073468406183552
TCGA-AZ-5407-01	0.2567366387307222	0.38649585884404564	-1.0170382730731997	-0.03585463858178843	-0.26407202373809374	-0.5860728375452132	-0.07151745121627824	0.6917103509698207
TCGA-AZ-6598-01	0.4101328056153779	-0.11130862935594382	-0.06759853039230489	0.43376694437600455	0.9273495947009691	-0.27203852091120306	1.066681106409104	0.0182400307282759
TCGA-AZ-6599-01	-2.456007939899591	-1.1711051719637502	-2.492728319435702	-0.9665036026407428	-2.2939721671815545	-0.4806373486481222	-1.0862174489391874	-1.280482097677405
TCGA-AZ-6600-01	0.6671791580477076	0.7878762860986502	-0.30257734895686206	0.30423972944067434	1.1428398313335548	0.4369348014825938	-0.40023453763477873	0.7941990782441649
TCGA-AZ-6603-01	0.5686280597957953	0.4588121664711359	-0.16012076942345918	-0.15424055367752856	0.42057692571796784	0.17029889448237545	0.36104482898490275	0.732114052000491
TCGA-AZ-6605-01	1.1591966501156359	1.0784680010010061	1.0760881033626695	0.5567096537572059	0.9188177372849002	0.6916579699311726	0.34526814214563595	1.0246875662451898
TCGA-AZ-6606-01	-1.0656289890370727	-1.0987020800217167	-1.4656198162884333	-1.3934675672572565	-1.4995761318570586	-1.2381787511365114	-0.9738516200576672	-1.2821249131292507
TCGA-AZ-6607-01	0.5920064870783941	0.7753571910729141	0.2274934235562202	0.391636057211342	1.269124316159311	2.064710205306179	0.4277126663744859	0.5004297026500457
TCGA-CA-5254-01	-0.7541845472526133	-0.5680585060621429	-0.8988445217953828	-0.9609685819013877	-0.4756531358469058	-0.20358282536654357	-0.6816330245468606	-0.48484538959827295
TCGA-CA-5255-01	-1.6654124789274791	-1.3696683562032914	-1.0635170178804934	-1.37046330210975	-1.5864654481517644	-0.5642547840982527	-1.168012116045627	-1.6040694686589487
TCGA-CA-5256-01	-0.18752533606748356	0.032612788873265075	-0.8200146512267515	-0.3564471667823728	-0.12142513364582302	-0.5906615772361359	-0.290406532456508	-0.10486958921377079
TCGA-CA-5796-01	0.3760721350168453	0.36154277203706553	-0.8119505036241773	-0.6468951737486945	-0.25959483387683413	0.7326953574559669	-0.9614670492845476	0.5223559743324457
TCGA-CA-5797-01	-0.1909629539368795	-0.15037883016364018	0.08118931247386928	-0.19229186891467986	0.0007461812760066335	-0.4570807804836714	0.10484338645563161	2.1652819889296535
TCGA-CA-6715-01	-1.7034322318625374	-2.0488801536017625	-2.5646373615574856	-2.380314773815104	-1.7496544558547258	-0.29638965164929315	-3.0889820763880103	-1.9515671890892852
TCGA-CA-6716-01	-0.8701660835736784	-1.3021308187657579	-1.50837849522235	-1.6016246654068476	-1.406193587422559	-0.7839541815387095	-1.7528220843022495	-1.7609558095106588
TCGA-CA-6717-01	1.4953328451082613	1.6080380986563714	0.6224702604166977	1.3009437787050853	1.0630703379481743	0.9226844948219383	1.3664286825761722	1.1208628299666272
TCGA-CA-6718-01	0.9460992038225546	1.3025404748926825	1.5316719509259793	1.7401663867787405	1.2481202425813345	0.5537295904440183	2.392726261910705	1.4555447145539584
TCGA-CA-6719-01	0.7529416428027272	0.5445435829795612	0.3317241421459271	-0.033327910870464626	0.6371397677745244	-0.36055070488059526	0.3134567288960619	1.6164878598837293
TCGA-CK-4947-01	0.9422582387132966	1.2067042189165835	0.6213797806226136	0.3399314895195866	0.6288375536723617	0.11085851109223183	0.5242836446496054	1.1585732565291378
TCGA-CK-4948-01	-0.027747502976686635	-0.05114087568230989	0.20996657071503902	0.008219856665280412	0.427284694981303	0.15740926627869073	-0.8675104793587057	-1.1858960436944297
TCGA-CK-4950-01	0.7550205130110527	0.6025301944428421	0.5571917104890379	1.1109689680986932	0.4846130911043181	1.2936959592121158	0.5549785612982113	1.3798910388728776
TCGA-CK-4951-01	1.1323253869954044	0.8891882261293818	0.9426028509542683	0.9317056476663688	0.9613235289383933	0.5494536494694344	0.9045379894176033	0.30264109566569625
TCGA-CK-4952-01	-0.4279838885603395	-0.06132949549051006	-1.1677556457893055	-0.5737740895704284	-0.013646116142756383	-0.8964981362646797	-0.6202040093872948	-0.7034560540279741
TCGA-CK-5912-01	-0.6025386637535336	-0.38069740623439413	-0.7573665252504543	-1.2314355984007028	-0.7815174460305004	0.29070985932607984	-2.096996331710291	-0.4941843491738498
TCGA-CK-5913-01	0.20147868146968756	0.4796348064086623	0.7898613299289956	0.268517651965076	0.4835054209363553	0.6827685030902699	0.12614642008121063	-0.44810092331006934
TCGA-CK-5914-01	-0.7737297230019123	-0.15766215266118455	0.5367957279743651	0.1590945421578919	0.040591322393610386	-1.8074850250842074	0.4043247012302848	-1.2408055307609909
TCGA-CK-5915-01	-1.1861578012092469	-1.2492911755959715	-2.0431226083519873	-2.1081599657351044	-2.0576734821138953	-1.5205933291677909	-1.1053266372931674	-2.3976081897708177
TCGA-CK-5916-01	1.167819657487932	1.404629045641002	0.6643886301537641	1.7098350920493213	1.4337510114261642	0.19774148234749137	1.7670690535199178	1.1053371996872157
TCGA-CK-6746-01	1.0823876714387757	1.1226033529761148	0.7774626043957843	0.9520391811176647	1.0235393431952433	-0.01335660074362797	3.9636174966528417	1.1741119391519885
TCGA-CK-6747-01	0.28590532993202844	0.16303194214257605	-0.6936937948616161	-0.06338516152387848	-0.4774334780943214	-0.015867551712537526	-0.2530847806828125	0.17618486374862105
TCGA-CK-6748-01	0.95234455930929	0.16347385777641413	-0.4380574663787378	-0.8951830598276515	0.8324956059080836	0.7839441899185977	-1.2181227732413624	-1.2976326315583138
TCGA-CK-6751-01	-0.2869543611275512	-0.42367504277027407	0.299375710954186	0.2573527472100715	-0.17312211324398252	-0.0027270801173242707	-0.0010699253680182155	-1.5485488434199308
TCGA-CM-4743-01	-0.7004083740276944	-0.6317718564031705	0.03958626209549788	-0.2951322591407486	-0.05047856962710829	0.7734104658386668	0.07324680045973479	-0.7236004944083292
TCGA-CM-4744-01	-0.807711644312236	-0.13186552833214144	0.3187014736430518	1.0825104668427772	0.49426050189477133	-1.5528378479331464	1.0347063379837789	-0.8759037040554909
TCGA-CM-4746-01	-2.2565283860057836	-1.6994979407692616	-1.4733299561443605	-0.07029929619237196	-1.4512487382399872	0.11276999650055644	-0.1418369848919568	-1.4017657607504508
TCGA-CM-4747-01	-0.40803481976641387	-0.7470016892250453	-1.2638169666677985	-0.5820320933388945	-0.18614433821060802	-0.5520981131022674	-0.3143702442137573	-1.0647277028303075
TCGA-CM-4748-01	0.04429312865226531	-0.23836635449475238	-0.4726259477204621	-0.10268346032188325	0.010056325269888675	0.31929238962387096	0.786400551236554	-0.2907164612306046
TCGA-CM-4750-01	-0.5298232604671202	-0.616645449925836	-0.6683665486702088	0.009372653794971146	-0.4841357115277575	-0.4434210605876757	-0.21650651642352628	0.058374533675503916
TCGA-CM-4751-01	0.5982803373197269	0.8567568752787402	1.3779344282333725	1.3901247320838175	0.4011027841106087	0.6027021906957276	1.1764552385405782	0.8130083128452177
TCGA-CM-4752-01	0.5371230083088713	0.48345111033288535	1.1312937154784746	0.04646730268222813	0.8474557462826389	-0.0888732262716707	0.28341857764961814	0.4152922016255135
TCGA-CM-5341-01	0.7460271944223266	1.2683525296404563	0.9801363006363772	-0.9869889006796809	2.069970292552723	-0.9598478004612265	-0.32635492318671677	0.28003456083896994
TCGA-CM-5344-01	-0.5263686905165693	-0.8004557815555395	-0.7319069796566314	-0.7985369445722341	-0.055452867186540286	-1.4713938949471494	-1.6138641309776949	-0.8966160045657546
TCGA-CM-5348-01	1.5407793694591836	0.9175188270593025	0.7549590130248076	0.1802165793823371	1.5890891019949176	0.9515784512624964	-0.31183036533275016	-0.6547882578910472
TCGA-CM-5349-01	0.7780658977084149	0.4177783137795443	-0.3251820574117413	-2.857739910187017	0.7126329764782354	-0.2589291305290511	-0.6493805706868762	-0.39789750823663333
TCGA-CM-5860-01	0.5966068673519789	0.6455936331405021	0.6812294658974348	-0.10251954149672386	1.0337825973907995	-0.05198137702576846	-0.524621406051498	0.035493641631385534
TCGA-CM-5861-01	-2.1711006209216643	-1.5338001179840777	0.9415188092933918	0.13379934313271552	-0.39737589640605797	1.1530841536146672	2.1007017212664465	-1.4527820597360634
TCGA-CM-5862-01	-1.9687229807556978	-1.609022169656833	-0.7381475790286318	-0.5757438306333248	-1.064665745529049	-0.5104133130149429	-2.253413952136024	-1.3849674707941424
TCGA-CM-5863-01	0.4668204188279875	-0.08344649818176492	-1.0053223393731987	-1.076100891187177	0.4153559916058835	0.8146310869415995	-0.3846657562635562	-0.41614992388129474
TCGA-CM-5864-01	-0.38104117570768786	-0.05355040517863103	-0.15681344242391188	0.4317077617939825	-0.5334524272868848	-0.8230658677382843	-0.5565840818990343	-0.3127131358480388
TCGA-CM-5868-01	-0.9092798155228728	-1.221348877818349	-1.0587827270920684	-1.5222130108948215	0.07823213615002646	-0.6004058338375658	-1.5167899249393397	-0.8027576400943104
TCGA-CM-6161-01	0.8333721114085899	1.0987443175011327	0.28526889797733995	0.5201656733127398	0.5028898625689167	-0.908717172528789	-0.16959394126623245	0.08729377054076988
TCGA-CM-6162-01	1.9070273122854817	1.7978369370152862	0.5945270557155306	1.0784860097495708	1.7369046519052396	1.2148825313069334	0.7742836830357074	0.7972852234711175
TCGA-CM-6163-01	0.8190518891869433	1.2192766079691932	0.8223406805189835	0.1704711323620998	0.42138601085289457	0.8355448258110442	0.3426023983621381	0.8937110771744171
TCGA-CM-6164-01	-0.4124060957274542	-0.3964305791078622	-0.14528810587245433	0.4586525926029288	-0.1512915814719559	0.03339860786545342	0.5380719335475391	0.019371325731351415
TCGA-CM-6165-01	0.7957417923064929	0.8062799752782125	-0.25880486222445054	-0.3065642345248544	0.6667913801492726	0.13553102484192905	-0.7222311278020953	1.3494044760130126
TCGA-CM-6166-01	-1.6633956576190785	-1.52093586715838	-1.3909031224829962	-1.396196260750341	-1.9208732559887762	-1.8769802041348065	-1.4826228445942942	-2.3135091911693384
TCGA-CM-6167-01	0.7014476635702652	1.1028663072411495	0.8870380385696289	-0.3855519383503909	0.9132382625044376	1.3108502097583603	-0.6289638140088124	0.6011498995631664
TCGA-CM-6168-01	1.2522037992582082	1.4701693775156472	1.3867022606476282	0.3237298428027012	1.1816174222939466	0.15470053386367347	-0.13495207497231368	0.3491008020563952
TCGA-CM-6169-01	1.7919669721868292	1.7402958340211794	1.842857872394006	0.8449314209239088	1.3742472311825695	0.6487819938751014	0.9173676504451919	1.3206124914526602
TCGA-CM-6170-01	0.49801848263900506	0.6450283041428011	-0.20122898766235484	-0.2255662942400221	0.04759308268747784	-0.1926904877021099	-0.36973868216012307	0.2566584162255372
TCGA-CM-6171-01	-0.07509990374421366	0.6697816215194554	0.8470031389867844	0.12211739893303236	-0.19319285817405227	-0.03139688625224658	0.5392510112964689	-0.15989466759534643
TCGA-CM-6172-01	0.08068733324995932	0.35873941547950583	-0.19015357702393273	-0.8598698671249216	-0.3554043170563026	0.4100786588491147	-0.7444619009851616	-0.10509040954518195
TCGA-CM-6674-01	0.2969253242231549	0.0029974347993892616	0.23766629507820572	0.22277731594557978	0.7293466674719881	0.9104938917578296	0.5754898547059969	0.1172180399001131
TCGA-CM-6675-01	-0.7547487307827054	-0.5947029201938464	-0.040034485978612575	-0.0761816527726027	-0.4090557630678113	0.5539965094222222	-0.6358348333371082	-1.3034346179849188
TCGA-CM-6676-01	-0.48831867877507973	-0.7088266258586075	-0.4042800168565049	-0.6566993129590353	-0.7414012990857524	-0.835285199269229	-0.899414853377905	-0.8724504811817319
TCGA-CM-6677-01	0.14107733025851557	0.29669828308770946	0.7162883624524022	0.5167753522548113	0.11468498010132373	-0.7102014304782749	0.2933665039151764	0.6005847581927025
TCGA-CM-6678-01	-1.0051645289457736	-1.309567852992111	0.6051522208481824	-1.2258436039197609	-1.4221199816754637	0.04338226565839107	-1.682356032069042	-1.640683396897531
TCGA-CM-6679-01	0.4025502746107099	0.29070921435494324	0.295202957461429	0.19036971460913152	0.20067695026365004	0.24550824009856204	-0.15218159045745322	0.5730006736423013
TCGA-CM-6680-01	0.922700896462302	0.7773195227552024	1.0174867243256647	0.6644371774144351	0.59607302200279	0.5056696900373876	0.42086126442786675	0.645616052989831
TCGA-D5-5537-01	-0.3381034996816628	-0.5200687141782437	-0.5257770709357019	-0.5910229750465126	-0.4784203737032747	-0.48864684207874587	-1.562750721334039	-0.08468098894170394
TCGA-D5-5538-01	1.4169371350560633	1.283991514135821	0.6621246415199254	0.21619559253711407	1.656393136828616	0.6322588394767442	0.13038578304088072	0.8493188597479294
TCGA-D5-5539-01	0.5414146115157755	0.4996730035843564	-0.1727682302705876	-1.2855754468940102	0.5861249436544601	0.29290776432374166	-1.2270966950064282	0.05801207574925053
TCGA-D5-5540-01	-1.5485022721984705	-0.12817103293210708	-0.3267607747043347	-0.6331715444018393	-0.0744613927219011	-2.8043490313796835	-0.63298424254364	-0.6021437727270534
TCGA-D5-5541-01	1.081987189539867	0.8337061334381275	0.48171118094707926	0.19007292039404527	1.025409554148559	-0.7367290068153756	-0.001036679101480643	0.5726871895295316
TCGA-D5-6529-01	1.4197650011708547	1.3705998345225672	0.9429040634458326	1.427292245304209	0.9220479356526852	0.8732578624045995	1.2279666404013476	1.39056355893122
TCGA-D5-6530-01	0.8415655158925452	1.0463427658703794	0.7467891957959365	1.0288052069299733	0.8359274921170234	1.8130168755728342	1.454679497635809	1.1505449389865108
TCGA-D5-6531-01	0.7064552828388028	0.4296209727989476	0.7494597404650403	0.8429160899224085	1.0386964903626128	-0.10922870015067956	1.5625636394021039	0.5628478122987429
TCGA-D5-6532-01	-1.8097996104217957	-1.2376176711386442	-1.8546151729293066	-1.2791329034943633	-1.201299396651687	-0.08034873377637887	-1.3572358387018735	-0.650019761302269
TCGA-D5-6533-01	0.07454880491294458	-0.12793346415876308	-0.2478914824233156	-0.20258450750128784	-0.4543938892938817	-1.100077785082636	-0.2527796630928956	0.23976441819638966
TCGA-D5-6534-01	2.7189482451501776	2.0226494596747413	2.041236599090177	1.691527005442826	2.065785004854663	1.7605644461620067	0.394407527359972	1.4045537396636916
TCGA-D5-6535-01	0.6021142151137298	0.7480049321510535	0.9898323124278587	0.5705573825104137	-0.02261801494455785	0.22330359370406014	-0.00873054674907711	0.42159231852341855
TCGA-D5-6536-01	-0.2793953331926745	-0.08965772555272652	1.0199874436966605	-2.8639988369676157	0.21990205321124692	0.3576773541063601	-1.2026907067254438	-1.6029762972413288
TCGA-D5-6537-01	-1.440190901263391	-0.655780785622167	-0.9556457841921244	-0.26675886012080596	-0.7011112352060764	-1.3352610965299152	-0.47424598818720515	-1.87802986382824
TCGA-D5-6538-01	-1.6001961585006401	-2.0574725102276394	-1.4539886515082618	-1.6425942305219718	-1.3890906061914101	-1.908055293023242	-2.357337770386314	-1.9965579795046648
TCGA-D5-6539-01	0.7858728042520879	0.486200701915878	-1.03900515407749	-0.6505311362584615	-0.4142105251259585	0.9551587216181192	-0.10754997886530596	0.9375573577243197
TCGA-D5-6540-01	-0.2548549659123078	-0.22169777817646436	0.10684225692924361	0.5441160816188877	-0.0367787013737095	1.312166409203126	0.6145233943621318	-1.1389950330520098
TCGA-D5-6541-01	0.8622268457336814	0.9623626011611015	0.17105682620476262	0.24165072728481415	1.6717564403762744	0.419914077468515	0.8748782229418512	1.1488377938999799
TCGA-D5-6898-01	0.9533564475234855	0.7469620353615783	0.35475902466787784	-0.1278279311897202	0.7060294467277433	-0.3834921111495471	0.06747896075481309	0.14134140586322017
TCGA-D5-6920-01	0.4786557105666199	0.6417892966373879	1.1505383642114861	0.4567324104558387	-0.05960589293718535	0.6572341967141302	0.7789927595566006	1.144926925284736
TCGA-D5-6922-01	0.43058988622838174	0.38672961388237154	0.38926754905027566	0.08433922471245157	0.30930522053120496	-0.33870659638770767	0.39221938004429524	1.0076610165652862
TCGA-D5-6923-01	0.18274062978065606	0.2018662924835462	0.2658649284436699	-0.5274600494976184	-0.13882004476506063	-0.07149034546820458	-0.6087638094506015	-0.49756345909065036
TCGA-D5-6924-01	0.9881403138460914	1.1993281012937183	1.1017649066825899	0.6985190759303638	0.7287409815941746	0.6703596562877729	0.1815504930468541	1.548281041268282
TCGA-D5-6926-01	0.34298729701993247	0.6976482557655568	-0.06460027337837321	0.29500130945219305	0.6289396791506532	-0.3971262651679466	-0.07495626080756648	0.4936362693898238
TCGA-D5-6927-01	0.4270499892083129	1.0730940616861229	1.5185246582825167	1.4046976224536163	1.0674854620662395	0.7664531126238386	0.7698775687900234	0.4928008487696564
TCGA-D5-6928-01	2.4660270911154116	2.743172965706302	2.6234493288343037	3.3482376794403823	2.2716718464477	2.4097505129160446	2.8792850877624634	2.3217594146268343
TCGA-D5-6929-01	0.055576980887249744	0.017922826312370896	0.029376696790700305	0.1888848950941827	0.13617455258044	0.42145791559296913	-0.3014520587102322	1.2008658467829958
TCGA-D5-6930-01	0.5911105928134845	0.7607217617625316	0.8939905205690023	1.2162512552113731	0.9083777237973477	1.0856823268939721	1.1781242046368303	0.7619036562479289
TCGA-D5-6931-01	0.7818912265391395	0.9367340219693023	0.3278506964657402	0.7342536783235483	0.5839030905225188	-0.23354022527575555	0.6989105489966897	0.9373104032609506
TCGA-D5-6932-01	0.08990984797114698	-0.10018148899496236	0.23326433024948798	0.0176360873723134	0.24925172805752202	0.763045644782043	0.09101873760450184	-0.917460976677018
TCGA-D5-7000-01	0.13429799327556546	0.6268402852708654	-0.06938400112743207	0.31455099200724634	0.29591838415128185	-0.283454747972755	0.10007367288198937	0.11878680732181783
TCGA-DM-A0X9-01	-0.4835454504039811	-0.1524032081702693	-0.15998164559910816	0.9218237790409015	-0.27225341244576845	-0.31788791260563415	0.8278969000112522	-0.45729313366432633
TCGA-DM-A0XD-01	-1.3995536559353263	-1.7445816393626843	-1.1313709855932352	-0.9441592243644258	-1.1485221054265806	-0.6738593700352936	-0.39977550886875707	-0.4144022545824029
TCGA-DM-A0XF-01	-0.27718549583526353	-0.6060005574981169	-0.08244025762482818	-0.4084059227316761	-0.19910790491227306	-0.8780754502611288	-0.015908735058519693	-0.2101832003733587
TCGA-DM-A1D0-01	-2.0298445475377873	-2.9210937346753494	-2.0985186331337258	-2.443321020695544	-1.8581921750851886	-1.0214580239141493	-0.7215118152303777	-2.4635998753413766
TCGA-DM-A1D4-01	-1.266045874202847	-0.8544435405396757	-0.3024855206215468	-0.9773585287927831	-1.3551934190424364	-2.3884755423618804	-0.2728783722522085	-0.9910015801414083
TCGA-DM-A1D6-01	-2.665281714671411	-2.6036858478907705	-3.2303027068856385	-2.5378911844985748	-2.2880852451760787	-1.9101114554194532	-1.4868751216467833	-2.495620206346245
TCGA-DM-A1D7-01	-0.5968963495991786	-0.8808074452663605	-0.19402899922014977	-0.6143560523291857	-1.0027183855549315	-0.5382791788987853	-0.02528363545080478	-0.006697739189708342
TCGA-DM-A1D8-01	-1.8124691979743663	-1.220116339379688	-0.6786014522318032	-0.15224904593576669	-1.0931023322964972	-0.49399479046338596	-0.029591954107361002	-1.711936884203011
TCGA-DM-A1D9-01	-1.2689960715241517	-1.568460326462536	-0.6761927278515324	-1.3072342440469913	-1.1321819566879372	-0.954528450675113	-0.5968304270864355	-1.4331974906223899
TCGA-DM-A1DA-01	-1.168814491210529	-1.2126603036787291	-1.6090580266335925	-0.5316980993359	-0.39273399654350094	-1.1030329542241364	-0.869053029155953	-1.0887333231064833
TCGA-DM-A1DB-01	-0.7023572289545622	-0.19546960167308985	-0.2249242130796949	-0.17044150708941877	-1.1432790339177366	-2.162405840319802	0.11979977245854714	-1.2801273236218411
TCGA-DM-A1HA-01	-2.098842905770668	-1.6805362048382653	-1.2389145409030753	0.48168647003001397	-0.8113476135210795	0.5687877869409097	0.5026412353308544	-1.4419423307095534
TCGA-DM-A1HB-01	-1.7807175818946963	-1.611546729566963	-0.652122731682544	-1.3559214381047366	-0.7278085170459009	0.7250470588236143	-1.4737280830081627	-2.0465683440713116
TCGA-DM-A280-01	-1.8098937327986553	-1.9198589579687138	-1.5273312662464802	-1.5446888954460778	-0.7105425894427095	-0.1719041530269521	-1.8340828696614369	-2.074824269171289
TCGA-DM-A282-01	-0.8242563291703674	-1.9281899235322661	-1.0380753807123255	-1.3706219717908594	-1.2687011872472134	-1.2038500791575226	-1.492142405151259	-2.0202606782997568
TCGA-DM-A285-01	-1.3024494970418579	-1.7369789769747939	-1.3761982323222683	-1.726969115174818	-0.41032763927525684	-0.520004109116559	-1.0583730484510214	-1.2068609303606188
TCGA-DM-A288-01	-2.111544927087907	-2.1451667453945635	-2.2439722566095455	-1.6677378687667865	-1.083227063019268	-0.8727854614919527	-2.648480076524806	-1.5985745582430406
TCGA-DM-A28A-01	-1.2151218462306574	-0.9237282861624694	-0.39807507067068554	-0.4296416671488776	-0.0031254684345903816	-2.03230485741933	-0.09391501421015823	-1.0558039374755024
TCGA-DM-A28C-01	-1.7448625673329974	-1.8718413988929379	-3.34429549252302	-1.9130329725300488	-2.0336743226863376	-0.08217605932955883	-1.992283171188217	-1.580198964324346
TCGA-DM-A28E-01	-1.698836130993044	-1.7515740389555652	-1.221660805823791	-1.6424087061187815	-2.2180258855787858	-0.2059883220472949	-1.270453266838624	-1.1134576995678558
TCGA-DM-A28F-01	-1.1842865255123496	-0.9109768851601584	-0.7484238728723722	-0.9244830096507134	-1.5869268586276901	-2.361167585406481	-0.5460825897479226	-0.9177182268013211
TCGA-DM-A28G-01	-0.4535082601694984	-0.5107905165242684	-0.02123982099267696	-0.02377244093088165	-0.8003028463421888	-0.9440205145983497	-0.7921292993439106	-0.032562141677936654
TCGA-DM-A28H-01	-1.2714599745063528	-1.0497714156081797	-0.7007589666975543	-1.0983648450576973	-0.7205087966689698	-1.7497249274255018	-2.554653354055311	1.032360555876315
TCGA-DM-A28K-01	-0.8628975017590651	-1.3800812380151992	-2.6847694453046635	-1.129160096417496	-0.625681411189285	-1.0681684410983552	-0.691570653408221	-1.5333882222709903
TCGA-DM-A28M-01	-2.3115927221612487	-1.8409253652559516	-2.576213093655103	-1.9067138943915252	-2.316548504521253	-1.175986863835149	-2.5276258680168695	-2.249667818795166
TCGA-F4-6459-01	0.5164212979904006	0.3896589581648215	-0.7104876550711804	0.08706641045802459	0.6229851680984242	0.11364527015066742	-0.33044010365617166	-0.35007818307334804
TCGA-F4-6460-01	0.7014517541650791	0.2612085970695175	-0.2992152603009792	0.1811686516016467	-0.06320709032433168	0.4145668125372919	0.6266791969942035	-0.00958335482714053
TCGA-F4-6461-01	0.1349026888424698	1.233757108315164	1.7085750635597046	0.4190593047690104	-0.05864757436804889	0.2865832531009192	-0.5011983455716876	0.5660226513664621
TCGA-F4-6463-01	-0.1917816432054175	-0.07805066395251767	1.967993260212486	1.6071727501026463	-0.144214163934281	-0.33508463993021487	0.1691060325726404	-0.4375754539722505
TCGA-F4-6569-01	1.1175971742042698	0.8265577363097721	-0.3579248093080207	0.0486438953969685	1.1534478803750623	0.6601999226753665	-0.07378938996140426	0.6828253685000578
TCGA-F4-6570-01	1.8208365180586574	1.3041934593269817	0.7448839775045205	1.6247602558753425	1.9312161261450864	1.3293434142478857	1.998957506743804	0.9837414085886064
TCGA-F4-6703-01	2.184520347833557	1.7891894916611109	2.2992197181439336	2.273217255426212	2.3818293944475983	2.109569658629571	1.9352660136633202	1.9062904261490603
TCGA-F4-6704-01	1.1123032301185747	0.6542151180853247	0.45199294523446076	0.5011133449664935	0.8247374322370541	1.0779820009474697	0.47715636085943164	0.9562529740297248
TCGA-F4-6805-01	0.9835284172615563	0.8442051658231026	0.5397649053634427	0.13751564757359402	1.1655519689966567	0.42085756246096373	0.2417369306655898	0.06588302693589723
TCGA-F4-6806-01	-0.29892684967606165	-0.1361583780441925	-0.5308148707953172	-0.06056576974989797	-1.022877228095387	-0.1034427499872319	-0.7588870276677707	0.3559591569061297
TCGA-F4-6807-01	1.4002036842121175	1.352288584745702	0.7633450025103026	1.3090265123838218	0.7535261614549003	0.7745640954904455	1.210961002700862	1.2006679995602898
TCGA-F4-6808-01	-2.220361627289841	-1.9611745847573978	-2.1980117569860305	-0.7198801904394663	-2.4974614984046513	-1.097249316354154	-1.5470028799245683	-0.5201273639718079
TCGA-F4-6809-01	0.6324571177412983	0.6764893489060746	0.3603905394994013	0.8995496641905157	0.5155772095344275	0.8256307710549377	0.22926990947070314	-0.06608109882789501
TCGA-F4-6854-01	0.15567850017919704	0.0932509327528405	-0.16635880998667277	0.674495667381058	-0.06014291861561372	0.1486328907419427	0.37650152314932894	0.02264914255361666
TCGA-F4-6855-01	0.5651317012990195	0.17672265254704903	-0.3282686399066115	-0.7879223371473749	0.8201776937950271	-0.07950912095685786	-1.5702394053029982	-0.5967962990770571
TCGA-F4-6856-01	-0.8839791342179851	-0.22503994523882953	-0.12945818495546169	0.1988349596074415	-0.4002160936891388	0.5523631138845422	0.2257076583655581	-0.5904247049700035
TCGA-G4-6293-01	0.7986574078169884	1.0240995127076584	1.02687759954707	0.8522403724903025	0.04639297902846074	-0.23666213238689757	0.8119999100890599	1.0856111499304903
TCGA-G4-6294-01	0.16871887837740338	-0.34420005193192477	-0.7961785318968307	-0.2103740464993492	-0.318098543546971	-0.7647503512365345	-1.0371502760771545	-0.49608089480030204
TCGA-G4-6295-01	0.6806039784793637	1.1306235394537432	1.1461828456020604	1.0320602895531616	0.198521483476668	-0.8524343451215406	1.3647073786891195	1.2921984232106825
TCGA-G4-6297-01	0.5398486341725078	0.5968908252409556	0.8748584471454093	0.2516800252986845	0.8206362385064432	0.5210454910877339	0.053540437296249216	0.04622185886522296
TCGA-G4-6298-01	-2.269524514891114	-2.083044166732781	-1.7341406619040918	-1.4595834408618484	-1.3169106685651075	-1.7360264623836708	-2.175834349600459	-2.701030475656192
TCGA-G4-6299-01	1.0680193842589014	0.7957811364443016	1.151782821804988	1.359675993333154	1.2935247588373864	2.0085128451399274	1.6876249102134837	0.694571997212706
TCGA-G4-6302-01	0.7772481179340585	0.44977398631476023	0.5335204467234534	0.1726906160634879	0.9056420690259026	2.056498316412175	0.8846283070941352	0.5765878518489205
TCGA-G4-6303-01	0.11917304772749092	0.2802830287708104	0.21553768035214405	-0.9008016361332679	-0.09763145278698125	-0.12408726679669782	-0.5104969698081666	-0.02857834733876426
TCGA-G4-6304-01	-0.8411166485358043	-0.9826257604751153	0.1693996752180913	0.17377525034679253	-0.1055719211655068	-0.41507092405379264	0.07513588844774592	-0.5685284445031912
TCGA-G4-6306-01	-1.61972397594145	-0.49647734741728133	-0.2514036924726442	0.2994065610688487	-1.2317592727085602	0.34222959654561946	0.06883124001578755	-1.1389202920945587
TCGA-G4-6307-01	-0.8985277945134292	-1.5262648958113614	-1.1347848200632995	-1.0989266856155984	-2.125774001946311	-1.902379221715858	-0.8958735662281485	-0.9331949386808049
TCGA-G4-6309-01	-0.4789327278254052	-0.32337368804226563	0.18688636062547226	0.20667550632499648	-0.298614305872058	1.0123035143748682	-0.17803168009394207	-0.7064609599146536
TCGA-G4-6311-01	0.24714876995146776	0.7961377583552768	-0.2663445225079443	-0.08754394972587758	0.912706708141338	-0.5893123592027215	-0.9703329326782092	0.07425035048406586
TCGA-G4-6315-01	-1.4341387794057163	-0.7756996177702532	-2.313130387581983	-1.5281604366455728	-2.3231387283965472	-0.9420606915451123	-1.172755589005395	-0.5002261551805726
TCGA-G4-6317-01	-3.7748122612311703	-2.4414168712771414	-1.751999652592768	-0.20447347390109077	-2.1148310917611814	-3.130101444263839	-0.7057591234464302	-0.3428211013756603
TCGA-G4-6320-01	-1.1920611360084479	-0.6599276624173551	-0.8683857387335937	-0.3235951863051584	-1.2807292798311891	-0.4542330521282034	-0.24592379842457224	-0.957512624387875
TCGA-G4-6321-01	-0.5222737722582788	0.549389861739683	-0.25513722624711344	0.6504211500149603	-0.8427213080382524	3.3189635046349966	0.3171117649425928	-0.12108130723959606
TCGA-G4-6322-01	-0.09927774459343587	-0.32299460754042036	-0.021849987936058992	0.06339449549526323	-0.8071347826647203	-0.6354647023221093	-0.08283758101021511	0.16327832763074587
TCGA-G4-6323-01	-0.02375793983594966	1.6382698764198307	0.7269905093335307	1.10664542317548	-0.7020772945314625	-0.16866146475712887	-0.4960964614804241	1.1598139231322695
TCGA-G4-6586-01	-0.8364976196168508	-0.05596295228192097	0.16981002517416158	1.285323991880937	0.4166155089871708	0.8034745945089748	1.6331405736282618	-0.46264155968761195
TCGA-G4-6588-01	-0.097780036421085	-0.06313874808138932	0.45473001998698864	-0.18329909035859537	0.21249025737174512	0.5678608329703511	0.17939700540914152	-0.1471878433614516
TCGA-G4-6626-01	-1.727602399024786	-1.4956033259747517	-1.0535671093761938	-0.5069467622625982	-1.2152095011604338	-1.791948824358625	-0.583149420620951	-1.0284302911633616
TCGA-G4-6627-01	0.6631545420038123	1.118422589963277	0.7248566871882863	0.6932022032134432	0.6290826387896008	0.6560939375735398	0.7065622718055109	0.755004373709721
TCGA-G4-6628-01	1.4185919573968768	1.4717218961158285	1.883065547069698	1.6258524269343597	1.598346040265735	0.44719241777505986	2.0500828848448096	1.3913958417634065
TCGA-NH-A50T-01	-1.657475816569732	-1.5620325214053226	-1.4544199349333042	-1.965974979981716	-1.4963086193590576	-2.3452789428128518	-2.043687305855869	-1.622274173050106
TCGA-NH-A50U-01	-0.4808205759357063	-1.0468535040825317	-1.4510316826933736	0.18652249134633014	0.1158205900529802	-0.08113878687882915	-0.31131078532311673	-0.975946290402515
TCGA-NH-A50V-01	0.3557960184695301	0.587055976027759	1.268872369154165	0.5100418604591154	0.23142965561966317	0.266571120706475	-0.25852037318931087	0.8632163410033875
TCGA-NH-A5IV-01	1.1631969777303326	0.815322633697737	0.8657285671914804	1.2251793091213596	1.409929090672535	0.4135503900563319	1.5340277408927183	0.9419268006279738
TCGA-NH-A6GA-01	-0.26059692440321364	-0.06377915570571879	-0.017716128744168877	-0.4443214251443458	-0.18906535555297393	0.3042401563080249	-0.15354915446061398	-0.343909649557864
TCGA-NH-A6GB-01	-0.23153167519608772	0.10799288840175811	0.7704543909482428	-0.054609903871675886	-0.4290288790262731	-0.19067924135947895	0.4097157955407462	0.36871094667878734
TCGA-NH-A6GC-01	-0.31416120087081517	-0.8831793099960797	-0.1011456665292403	-0.6763047906953872	-0.46439264927755197	-0.145289749690583	-0.4910932536700862	-0.9771537721837035
TCGA-NH-A8F7-01	-2.0607485222370827	-2.000588857828587	-1.8001203319088983	-2.413892410523603	-1.504495791230614	-0.9194787912344824	-2.1554471941574658	0.8663202848243148
TCGA-NH-A8F8-01	-0.3099291002570134	-0.1704103053649317	-0.36216367970983315	-0.12209518924371986	0.48047984721753806	-0.8932532889862852	-0.14546408393677546	-0.13584107791914993
TCGA-QG-A5YV-01	-0.6385097744123566	-0.5067349365061632	-0.13202400917372162	-0.11803730681701914	-0.6320228922965633	-1.2858647034690043	-0.5148323674580146	-0.33590983491393456
TCGA-QG-A5YW-01	0.8271818841953468	0.5680722310646977	0.7331284031226236	0.5639303428469736	0.17733194848733233	-0.1624723603125598	0.5907036933090137	0.9429477253423362
TCGA-QG-A5YX-01	-0.750313313423811	-0.9067842450739544	-0.27798029480032693	-1.116210403968503	-1.2891401051085647	0.8150114753629156	-1.3280736328012057	-0.9074996312181771
TCGA-QG-A5Z1-01	0.07257909211994067	-0.4064130576330134	-1.0528254460505988	-1.4533101111146072	0.07161162369477858	-0.33791010310381875	-1.5759517138380104	-1.4227506909356573
TCGA-QG-A5Z2-01	0.3413010219281601	1.2407616744482801	1.3132156880358408	0.9769972711929992	-0.0916125383156333	0.24485054020555064	0.6864748056136415	1.056098339702088
TCGA-QL-A97D-01	0.3388697507064587	0.7285847120933401	1.3723095267985757	0.9154540657860151	0.17868959926361658	-0.3370464973266392	1.1794799044160755	0.8765529250146914
TCGA-RU-A8FL-01	-2.308419878382552	-2.3722023278691418	-1.7370293206048582	-1.4622836481368828	-2.0082503230870166	-3.545170488024206	-2.178512316610818	-1.4348535043830248
TCGA-SS-A7HO-01	-0.11143874895146487	-1.2732628133583337	1.7638725354345652	-1.3534992465974323	-2.0018992117202576	-1.2695481149742005	-0.7278817786788324	-1.7467401534465568
TCGA-T9-A92H-01	-1.1098171599848767	-1.1274225365708386	-0.3784193384942756	-0.7838907024080932	-1.271728520834454	-0.5338481918823483	-0.0596206710002987	-1.0582065779341783
TCGA-WS-AB45-01	2.0890210267154465	2.113148086818261	1.0895418006480964	0.15230799827857122	1.917909457601993	2.5220798522153425	0.8048572083012385	1.1469941715394674
TCGA-5M-AAT5-01	-0.9884123969085613	-1.4682400748159585	-0.4092555546141161	-0.9408276399767338	-1.6450765129857963	-2.2019703584774684	-1.0561031575275066	-0.36970882433017754
TCGA-5M-AATA-01	0.1834361986556982	0.06670610375861934	0.11124245356918641	0.19792349480777796	-0.614701470744346	-0.309455355883439	0.07674409743874676	0.06353106056757574
